class_0,class_1,class_2,class_3,target,study_id,image_id
5.489036e-07,0.017033141,0.9828147,0.00015156828,2,10226,461614796
9.4735987e-07,0.012903745,0.986791,0.00030423867,2,10226,530620473
5.830782e-06,0.039374515,0.95976573,0.00085388485,2,10226,309353373
8.5789753e-07,0.0038739347,0.99520254,0.00092270825,2,10226,348710745
1.7470084e-07,0.07230165,0.927683,1.5100122e-05,2,10226,806376890
1.3471137e-06,0.024602203,0.97523063,0.00016584009,2,10226,1943220805
1.1666876e-06,1.0189096e-05,0.08490053,0.9150882,3,10243,130367763
3.4330217e-06,0.00043104176,0.70448065,0.2950849,3,10243,1716961366
2.6047803e-05,0.00010233658,0.1986744,0.80119723,3,10243,1424382547
9.738438e-07,3.6507915e-06,0.02248717,0.97750825,3,10243,1797657520
3.9263005e-06,0.7795901,0.22040503,1.0166498e-06,1,1025,773597682
2.3096432e-05,0.791941,0.20803104,4.78136e-06,1,1025,1803952236
0.0010389719,0.90265477,0.09628378,2.2523816e-05,1,1025,347069540
0.00060689857,0.8270308,0.17233376,2.8593848e-05,1,1025,1122776493
0.0019125013,0.73569,0.26195818,0.0004393462,1,10342,1523044954
0.003284098,0.78445697,0.21195728,0.00030170783,1,10342,1981230598
0.010133993,0.5528123,0.4163883,0.020665402,1,10342,430541765
0.00088140654,0.6941196,0.3047726,0.00022635402,1,10342,628578547
0.0002249044,0.8000874,0.19965646,3.1306303e-05,2,10406,233967803
3.763519e-05,0.30371296,0.6961655,8.394019e-05,2,10406,1622454506
1.0960492e-05,0.515738,0.48423374,1.7210303e-05,2,10406,1905942887
1.5360558e-05,0.64789385,0.35208753,3.247994e-06,2,10406,939620685
4.5618333e-05,0.708667,0.29127574,1.1681041e-05,2,10406,1121301491
5.168349e-06,0.048945937,0.95084304,0.00020579988,2,10406,1205849672
0.36142734,0.61951476,0.018430853,0.0006269692,1,10442,342203223
0.8370075,0.1621206,0.00080619863,6.5692824e-05,1,10442,604882069
0.1359851,0.7681042,0.09532828,0.00058243587,1,10442,1119390120
0.27142337,0.6872946,0.04079838,0.00048360924,1,10442,1605097365
0.3831217,0.5954737,0.020745981,0.0006586291,1,10442,1755756186
0.038821563,0.941285,0.01983571,5.7688492e-05,1,10442,506148695
0.0075860503,0.9026193,0.08970204,9.2595255e-05,1,10442,560290012
0.0006275691,0.8739936,0.12536325,1.5592383e-05,1,10442,652344784
0.00016208841,0.78525174,0.21456905,1.7101078e-05,1,10442,1833418626
0.021304162,0.86225986,0.11616626,0.0002697142,1,10442,1962451444
0.024811441,0.9346548,0.040438876,9.494793e-05,1,10442,2078023734
0.00041006814,0.69684166,0.30230513,0.00044311926,1,10468,435970835
0.00036085802,0.76013166,0.2394581,4.9354894e-05,1,10468,1159975979
0.0018300021,0.74304336,0.2547504,0.00037623438,1,10468,243972300
0.001347178,0.8319952,0.16654101,0.00011666812,1,10468,1400960750
6.4612414e-06,0.12883914,0.8710026,0.00015182082,2,10739,1308949510
9.622595e-07,0.015642537,0.9842563,0.00010020755,2,10739,1858761621
7.770076e-07,0.0050962945,0.9931931,0.0017097503,2,10739,2068922317
1.8704511e-06,0.106803946,0.8931373,5.6863042e-05,2,10739,643651118
1.2838169e-05,0.31212184,0.68782324,4.2096737e-05,2,10739,761142587
5.8785463e-06,0.123660736,0.87610024,0.00023317552,2,10739,1176657590
0.08576293,0.6090908,0.29802963,0.0071166814,1,10851,808241086
0.32498935,0.59726036,0.074254245,0.0034960099,1,10851,1120382217
0.28712657,0.5919161,0.117736205,0.00322115,1,10851,1285202241
0.28827906,0.50319296,0.1846641,0.023863854,1,10851,1441952045
0.6607765,0.28548262,0.04184034,0.011900563,1,10851,1547415696
9.222597e-06,0.09120141,0.9086082,0.00018117885,1,10851,504613176
0.0005803268,0.59380263,0.40542722,0.0001898172,1,10851,1797968584
3.6545996e-06,0.010438122,0.9871793,0.0023789862,2,10865,1215083449
3.7392783e-05,0.008437067,0.968808,0.02271758,2,10865,1676397365
0.00034413819,0.17434584,0.8195828,0.005727249,2,10865,149787458
0.00016956082,0.073471114,0.91614217,0.010217161,2,10865,1873336201
0.2588061,0.73082423,0.010218329,0.00015129113,1,10924,112923789
0.6236201,0.37157148,0.004465686,0.0003427368,1,10924,1377138508
0.6519784,0.34392247,0.0037317856,0.00036735792,1,10924,1563151720
0.5251262,0.46624768,0.008476917,0.00014919958,1,10924,1926557483
5.6658378e-06,0.15141207,0.84852946,5.278375e-05,1,1100,880086705
0.0002547137,0.17737132,0.8158285,0.0065454235,1,1100,1209315961
1.50979085e-05,0.39910686,0.6008573,2.0706457e-05,1,1100,1427603798
1.01081005e-05,0.14342335,0.85644484,0.00012177109,1,1100,1538849311
3.0197539e-06,0.048823733,0.95110637,6.6859866e-05,1,1100,98312675
3.7702077e-07,0.00904106,0.99054027,0.00041831358,1,1100,362023212
0.00038223574,0.19201349,0.8041922,0.0034121124,1,1100,468462241
0.92999035,0.06997123,2.4555911e-05,1.3911518e-05,1,11032,646843040
0.92376494,0.075874336,0.00026456855,9.604077e-05,1,11032,1521956184
0.95030165,0.049563084,5.7136618e-05,7.816087e-05,1,11032,2075246714
0.8241201,0.17564967,0.00016400825,6.628422e-05,1,11032,618839560
0.43589613,0.56241626,0.0015723947,0.000115251605,1,11032,1579825622
0.84367055,0.1561212,0.0001657095,4.247573e-05,1,11032,2085894046
0.9694044,0.030555166,2.3691522e-05,1.677531e-05,0,11094,1086977375
0.97841746,0.021569338,9.322515e-06,3.878261e-06,0,11094,1417771843
0.97139955,0.028576823,1.5793546e-05,7.957369e-06,0,11094,1882170663
0.9572093,0.042770594,1.15676985e-05,8.5517295e-06,0,11094,1926447510
0.9404793,0.059490997,1.8425782e-05,1.1277611e-05,0,11094,1069719282
0.9825226,0.017469706,4.7119806e-06,3.0207793e-06,0,11094,1569592890
1.219066e-05,0.0007049894,0.61466885,0.384614,2,11097,135744075
1.7086734e-06,0.0017410909,0.95147556,0.046781663,2,11097,162801043
1.2658419e-05,0.0008299461,0.86685544,0.13230197,2,11097,1063696188
1.245094e-06,4.0808677e-06,0.022927994,0.9770667,2,11097,752170963
8.816261e-07,6.049411e-06,0.13641359,0.86357945,2,11097,2126625832
0.00017763207,0.16187713,0.83768576,0.0002594095,2,11098,601424809
0.00019204967,0.34282726,0.6569101,7.064209e-05,2,11098,1292022412
0.00012765634,0.05859521,0.94042826,0.00084885047,2,11098,1265594762
2.1998912e-06,0.16204207,0.837941,1.4735234e-05,2,11098,1490995644
4.3646108e-07,0.0056871492,0.9939719,0.00034048923,2,11107,1166211296
7.87402e-07,0.0015879595,0.9971511,0.0012601077,2,11107,1992353189
2.3200844e-06,0.011416514,0.987456,0.0011250374,2,11107,2011862807
2.8423103e-06,0.053088162,0.94686294,4.613004e-05,2,11107,75093114
0.00016235502,0.5794427,0.42030448,9.046102e-05,2,11107,1843457717
0.015411818,0.9610952,0.023369513,0.0001234698,1,11169,1482850375
0.13805531,0.8431438,0.018511208,0.00028967674,1,11169,1782545135
0.2546736,0.7344287,0.010414368,0.00048325927,1,11169,705260993
0.16592446,0.82289606,0.010943564,0.00023591309,1,11169,1617219261
0.0018469953,0.83735204,0.16076426,3.6664813e-05,1,11272,800619116
0.0056188125,0.8757758,0.118541494,6.386704e-05,1,11272,915970291
0.016561812,0.9476499,0.035489663,0.00029866325,1,11272,1842113265
0.0016612046,0.8117075,0.18658556,4.580399e-05,1,11272,773193090
0.000105352316,0.75280786,0.24708065,6.0842226e-06,1,11272,1076104858
0.00078871,0.61330646,0.38581532,8.945437e-05,1,11272,1875195919
2.0086028e-07,0.0010588729,0.99876666,0.00017430147,2,11294,812228127
1.8583667e-06,0.004312231,0.9935035,0.002182378,2,11294,895146777
1.5519481e-07,0.00011056776,0.9991653,0.0007240818,2,11294,1824102234
3.9375584e-07,0.006514972,0.99344975,3.4972512e-05,2,11294,1349602681
6.2701556e-06,0.031480007,0.9681193,0.00039437346,2,11294,1409066065
1.3701932e-06,0.011529914,0.9883271,0.00014164246,2,11294,1747838179
2.6068658e-08,5.4396768e-08,0.0060450463,0.99395496,3,11330,1859340051
2.7436536e-07,2.8181582e-06,0.033291664,0.96670526,3,11330,2113821527
2.1105286e-06,2.2349068e-05,0.023428276,0.97654724,3,11330,1929037711
1.15585735e-05,0.00023296615,0.5406879,0.45906758,3,11330,2109530754
2.0953128e-06,0.00022372851,0.8862271,0.11354707,2,11357,2041036912
2.4641718e-06,0.0014996373,0.9936957,0.004802241,2,11357,2120226240
6.108037e-06,0.0006614864,0.79399616,0.20533623,2,11357,1339170303
1.6844609e-09,0.000104419,0.99953866,0.0003568949,2,11357,1802781738
5.856097e-06,0.51036376,0.48961288,1.7466127e-05,2,11358,100531881
3.7711209e-06,0.22961819,0.77033395,4.4098353e-05,2,11358,480059535
2.5282898e-06,0.6356287,0.36436588,2.9071948e-06,2,11358,1191615895
5.543345e-05,0.77528006,0.22466068,3.7903135e-06,2,11358,1259210781
4.878365e-06,0.00040968237,0.99306524,0.006520191,2,11403,465285673
4.1703256e-06,0.00030654663,0.9571492,0.042540055,2,11403,1080572775
2.8068138e-07,0.00027016053,0.9916564,0.0080732275,2,11403,756751679
2.5309428e-06,8.4787855e-05,0.9643212,0.035591442,2,11403,971287547
0.3239141,0.6677743,0.007908839,0.00040275013,1,11421,578429039
0.38701588,0.6047187,0.007896441,0.0003689423,1,11421,864460834
0.91629326,0.0833986,0.000255419,5.2774834e-05,1,11421,2065682925
0.64046293,0.35442647,0.0047556455,0.0003549483,1,11421,220684820
0.28340384,0.70173573,0.014160385,0.00069999014,1,11421,766028876
0.017423768,0.9150611,0.06725876,0.00025636173,1,11421,1030542061
3.940204e-05,0.00043653927,0.35352626,0.64599776,2,11446,1407646878
6.734996e-06,1.9108265e-05,0.045685343,0.9542888,2,11446,1680862182
8.9218694e-05,0.00087518967,0.4326663,0.56636924,2,11446,252493965
2.3326422e-06,0.00014108844,0.8710058,0.12885086,2,11446,1344266027
0.98367035,0.016322188,4.9788855e-06,2.474185e-06,0,11503,223391501
0.9684411,0.031540122,1.5246565e-05,3.5671746e-06,0,11503,320906700
0.8676671,0.1316043,0.00071128504,1.7321592e-05,0,11503,390085683
0.8949215,0.104966566,0.00010680369,5.1734755e-06,0,11503,1562697609
0.86195916,0.13774583,0.00027336084,2.1706204e-05,0,11503,332534551
0.9943673,0.005631723,6.253007e-07,4.175893e-07,0,11503,1970327379
4.0933326e-05,0.16793282,0.831905,0.00012118466,2,11514,365435745
3.285496e-05,0.36180913,0.6381401,1.7903456e-05,2,11514,642804651
7.025649e-08,0.06464942,0.9353474,3.0241706e-06,2,11514,2098499524
4.409555e-07,0.14749597,0.85249853,5.1183133e-06,2,11514,63471846
9.651246e-07,0.026098298,0.9738843,1.6505888e-05,2,11514,2050760270
0.004469144,0.80087507,0.19433768,0.00031815725,1,11559,142956131
0.005657598,0.86120933,0.13302827,0.00010474675,1,11559,2079752072
0.00039850263,0.91052246,0.08907582,3.2602547e-06,1,11559,1034781820
0.00016707194,0.8641976,0.13562876,6.625738e-06,1,11559,1447556282
0.1470112,0.83478844,0.018135916,6.43844e-05,0,11596,1204482923
0.010321971,0.9422818,0.0473887,7.573226e-06,0,11596,1899756297
0.8716417,0.12799868,0.00033423217,2.5402773e-05,0,11596,455204256
0.87111014,0.12853342,0.00034282243,1.3638531e-05,0,11596,858160878
2.348597e-05,2.8730421e-05,0.0881776,0.9117702,2,11631,877773253
5.190476e-05,4.1285704e-05,0.46863994,0.53126687,2,11631,1073049948
3.6187732e-06,1.2731864e-05,0.09629732,0.9036864,2,11631,1156867790
1.1514608e-06,1.1924743e-06,0.09150617,0.9084915,2,11631,1721151785
3.9279976e-07,1.0492096e-06,0.015190611,0.98480797,3,11664,801982551
2.4331508e-09,2.008124e-09,0.0014781492,0.99852186,3,11664,2033849614
4.700727e-10,5.4421634e-10,0.00094335945,0.99905664,3,11664,354816390
1.8249325e-07,4.1126862e-07,0.0027230459,0.9972765,3,11664,1178808620
1.2690111e-05,0.18294173,0.8169723,7.3253104e-05,2,11728,459878698
8.193496e-05,0.15521032,0.84413487,0.0005728905,2,11728,1769822637
9.534321e-07,0.029226404,0.9706815,9.114622e-05,2,11728,1079334910
1.4673284e-05,0.14067312,0.8592305,8.1781945e-05,2,11728,1915803121
0.8902868,0.10956209,0.0001292944,2.1821785e-05,1,11755,792525089
0.5478619,0.45058304,0.0015166298,3.8407237e-05,1,11755,2039406817
0.019277077,0.96607566,0.014622748,2.4566993e-05,1,11755,1062355012
0.48665,0.51141983,0.0018686712,6.153987e-05,1,11755,1952816084
0.81955624,0.17859778,0.0015886821,0.00025728403,1,11794,307771716
0.82309055,0.17603327,0.0007516624,0.00012442823,1,11794,1691462054
0.06063375,0.9108936,0.028237112,0.0002354769,1,11794,626059719
0.018535627,0.9624809,0.018938726,4.4716762e-05,1,11794,1614276869
0.26376507,0.7199968,0.015872702,0.00036542714,1,11794,1939031267
0.8232521,0.1766068,0.0001139709,2.7096237e-05,1,12064,1050262497
0.99129117,0.00870671,1.1586845e-06,9.4376e-07,1,12064,1464744279
0.7294239,0.26986283,0.00065844145,5.4890872e-05,1,12064,1033150434
0.96886146,0.031127572,6.8069517e-06,4.0976684e-06,1,12064,1749823230
2.065622e-05,0.03846639,0.9603384,0.0011745818,2,12065,1477394579
7.106034e-05,0.016885702,0.9798803,0.003163021,2,12065,1842578230
1.7669307e-05,0.0009419412,0.94071406,0.058326222,2,12065,391500809
1.4592406e-05,0.0045040157,0.98910064,0.006380671,2,12065,1469752184
0.015544138,0.9603217,0.024029644,0.00010450012,1,12091,845644976
0.07149821,0.91823256,0.010146431,0.00012280465,1,12091,1075061563
0.0037451067,0.90620446,0.09000542,4.4920947e-05,1,12091,1670567147
0.023857975,0.95319915,0.022883318,5.9550315e-05,1,12091,193239486
0.09164102,0.89814204,0.010158586,5.8359336e-05,1,12091,909894915
0.18637337,0.8015995,0.011844308,0.00018276769,1,12091,1003865662
0.97258085,0.02732799,5.5748544e-05,3.5398036e-05,0,12111,235205659
0.915821,0.0840957,4.8190646e-05,3.5142963e-05,0,12111,992291508
0.9930409,0.0069573927,7.6523503e-07,9.622696e-07,0,12111,1908054619
0.8800523,0.11978405,0.0001332038,3.033859e-05,0,12111,1958666116
0.9293521,0.07046048,0.00014297277,4.443178e-05,0,12111,4419843
0.6570694,0.33963656,0.0030450951,0.0002488721,0,12111,1166852260
0.42261994,0.57176536,0.005164711,0.00044999144,0,12111,2071944688
0.9109536,0.08881633,0.00018525375,4.483175e-05,0,12111,2103956468
3.6115742e-07,2.1721025e-06,0.019496232,0.9805012,3,12149,1006821991
1.5642629e-05,0.0006222578,0.6866426,0.31271955,3,12149,1787834927
7.583687e-06,0.00014131737,0.60903096,0.39082018,3,12149,1165372797
3.466117e-07,2.9085113e-06,0.040715832,0.95928097,3,12149,1792784474
2.0868945e-06,5.1784004e-06,0.025700895,0.97429186,3,12149,2134134659
0.0010473299,0.9450727,0.05387064,9.401019e-06,1,12166,1485562110
0.0011217085,0.8664062,0.13243772,3.4348348e-05,1,12166,1724299402
0.38159567,0.6071683,0.011075999,0.00016005451,1,12166,907296039
0.01206975,0.9361731,0.05166352,9.3671595e-05,1,12166,1157376930
0.8999388,0.09966332,0.0002665304,0.00013138838,0,12167,418708021
0.87260914,0.127069,0.00029536794,2.6599904e-05,0,12167,612410595
0.90705854,0.09184572,0.00073833787,0.00035738575,0,12167,938621742
0.8949147,0.10477997,0.00021168219,9.363914e-05,0,12167,1491261943
0.7315306,0.26659837,0.001677467,0.00019354325,0,12167,1962254134
3.323156e-06,0.51679957,0.48319423,2.8852567e-06,1,12250,10719291
3.5272384e-05,0.6174966,0.38246086,7.317133e-06,1,12250,534785176
0.1366273,0.8246132,0.03843146,0.00032804237,1,12250,1513047386
0.0024330232,0.91859967,0.078927584,3.972394e-05,1,12250,1901256691
0.80427533,0.19498648,0.00065780623,8.031991e-05,0,12305,1995339680
0.75653785,0.24281617,0.0005951266,5.082856e-05,0,12305,2026358482
0.8645265,0.134674,0.00062812824,0.00017135951,0,12305,746439348
0.90020645,0.099563025,0.0001438619,8.660363e-05,0,12305,1147731478
0.041764904,0.48409402,0.45817655,0.015964488,1,1234,43382331
0.019850172,0.5454008,0.42450398,0.010245036,1,1234,708512491
0.0040048556,0.67503136,0.32068834,0.00027541892,1,1234,787188483
0.45650274,0.52103096,0.020499192,0.001967119,1,1234,2071252218
0.09740682,0.88385636,0.0183832,0.00035374687,1,12393,335847400
0.30070496,0.68554,0.013537579,0.00021735404,1,12393,1461202655
0.017053261,0.90028656,0.08257551,8.466536e-05,1,12393,1643562919
0.10161778,0.86570317,0.03210169,0.0005774016,1,12393,118544819
0.023357488,0.93133116,0.04527081,4.0549327e-05,1,12393,810451955
0.0029446904,0.9359229,0.06111655,1.585934e-05,1,12393,873736292
0.6154408,0.38172376,0.0026433386,0.00019217737,1,12480,299982441
0.096048854,0.8991023,0.004818986,2.9912831e-05,1,12480,1037476776
0.47993803,0.5114134,0.008262937,0.0003856443,1,12480,1293679574
0.1340779,0.8598069,0.0061012097,1.4004832e-05,1,12480,91326312
0.036098674,0.95328176,0.010599694,1.9921457e-05,1,12480,513379364
0.001976572,0.93717283,0.06084053,1.002557e-05,1,12480,2023955360
0.48729798,0.5072234,0.0053531947,0.00012539097,1,12501,306501826
0.013122992,0.9566178,0.030225292,3.402079e-05,1,12501,865056445
0.0024338928,0.87992156,0.117602214,4.2336826e-05,1,12501,63750504
0.12106259,0.8493195,0.029312631,0.00030530072,1,12501,785986826
0.23989297,0.7209554,0.03869284,0.0004587649,1,12550,553713668
0.00025997355,0.89118266,0.1085399,1.745542e-05,1,12550,1838086301
0.19150619,0.79668677,0.011583656,0.00022334531,1,12550,882602822
0.011182628,0.86665404,0.121686034,0.00047733207,1,12550,1789625167
0.5188924,0.47865817,0.0023201613,0.00012917725,1,12608,208024474
0.9049919,0.09475934,0.00018051232,6.827707e-05,1,12608,477106886
0.34470257,0.6483875,0.0066650636,0.0002448987,1,12608,1519686055
0.19128725,0.8034174,0.0051218583,0.00017349246,1,12608,285313482
0.16579549,0.81658405,0.017310165,0.00031034657,1,12608,677186927
0.52779174,0.46919498,0.0028668225,0.00014642534,1,12608,1366158176
0.018061552,0.93637323,0.0454645,0.00010063844,1,12735,1011374421
0.00021398385,0.83077633,0.1689951,1.4565477e-05,1,12735,1152713088
0.0010141088,0.89740765,0.10156686,1.1371129e-05,1,12735,374223336
0.03592683,0.91477835,0.048989054,0.00030578545,1,12735,1171672801
6.789538e-05,0.009424591,0.9531491,0.037358314,1,129,460565604
1.1929382e-05,0.005152351,0.98748827,0.0073475204,1,129,593561341
3.5459394e-07,0.007172822,0.9925327,0.00029412846,1,129,636847368
3.2994953e-07,0.0016350193,0.9962513,0.0021133926,1,129,1290552022
7.4676714e-06,8.393587e-05,0.41790035,0.58200824,2,12943,164195334
9.044652e-05,0.0011666726,0.3807205,0.6180224,2,12943,1532841026
1.7313952e-05,0.0010791735,0.7807669,0.21813664,2,12943,1660434599
4.105117e-06,0.0014455587,0.99281436,0.0057359952,2,12943,823801773
0.00023343685,0.047402363,0.9315724,0.020791825,2,12943,1950538456
9.925622e-06,0.006651894,0.97141945,0.021918686,2,12965,530152346
6.1262413e-06,0.10459561,0.8952977,0.00010067589,2,12965,1386978412
6.0368975e-06,0.40444222,0.5955461,5.653461e-06,2,12965,940555165
2.454379e-07,0.53642684,0.46357164,1.286476e-06,2,12965,962879394
0.019417606,0.96004874,0.020506514,2.7100547e-05,1,13009,1005559617
0.11432042,0.8581276,0.027319998,0.0002319898,1,13009,1814014828
0.13766849,0.83057654,0.031504422,0.00025050354,1,13009,256282867
0.1136729,0.87450975,0.011792569,2.4766245e-05,1,13009,573935520
0.21061854,0.78373766,0.00556355,8.025207e-05,0,13016,1272777722
0.83510715,0.16457674,0.00029352182,2.2636563e-05,0,13016,2121983429
0.47897682,0.5168758,0.0040657697,8.157135e-05,0,13016,902887092
0.00090122316,0.95314497,0.045946922,6.8984896e-06,0,13016,1046149748
0.83267665,0.16696984,0.00027654556,7.6955075e-05,1,13080,867972758
0.94484663,0.055015173,9.9041354e-05,3.9215924e-05,1,13080,1234645275
0.9871782,0.012818114,2.3876307e-06,1.3393623e-06,1,13080,203562424
0.96208185,0.037793797,8.500518e-05,3.941547e-05,1,13080,1584830464
0.00032970635,0.5370726,0.46253645,6.125401e-05,1,13081,141913252
0.1552932,0.798403,0.045575496,0.0007283042,1,13081,1705277057
9.288227e-05,0.7094383,0.2904554,1.3404193e-05,1,13081,196339795
7.302553e-05,0.7069412,0.29297945,6.324068e-06,1,13081,1838430826
1.1489057e-05,0.008986379,0.97778416,0.013217842,2,13128,77527444
1.6465992e-05,0.00016423734,0.75416046,0.24565887,2,13128,1281880653
6.609876e-05,0.0017150567,0.7812753,0.21694356,2,13128,580430558
0.00011504916,0.0015165539,0.5181876,0.48018086,2,13128,1053152425
0.9348327,0.06468563,0.0002165011,0.0002651752,0,13162,322539523
0.97694844,0.022994181,2.533836e-05,3.195526e-05,0,13162,1520295331
0.853614,0.14631309,6.5485554e-05,7.4032355e-06,0,13162,2030850520
0.9663216,0.033634424,2.0710617e-05,2.321276e-05,0,13162,2146326410
0.61486137,0.38288867,0.0021638589,8.60807e-05,0,13162,104693931
0.9510968,0.04868937,0.00011537028,9.846436e-05,0,13162,785945334
0.975349,0.024610471,1.661679e-05,2.3854314e-05,0,13162,1389037743
3.5649093e-05,0.52373004,0.47617382,6.0529e-05,1,1322,1056265302
5.7050106e-06,0.80724895,0.19274431,1.0367662e-06,1,1322,1444164845
1.148197e-05,0.021237288,0.9771877,0.0015634584,1,1322,1008790576
2.6436103e-07,0.25710434,0.74288905,6.3900497e-06,1,1322,1474527718
0.0017866947,0.89745224,0.10071051,5.059924e-05,1,13247,795534080
0.03306517,0.8796532,0.08678219,0.0004994956,1,13247,1667805972
0.08885373,0.8274251,0.08222246,0.0014987256,1,13247,1919542840
0.00058160146,0.7867309,0.212651,3.652384e-05,1,13247,1161274778
0.0006826894,0.84598243,0.15331767,1.7192748e-05,1,13247,1784766914
0.0010079821,0.9524172,0.046566583,8.226459e-06,1,13247,1785591182
0.0019721133,0.9117769,0.08619628,5.4823253e-05,1,13247,2057018586
5.384673e-07,2.0324387e-05,0.8339987,0.16598052,2,13267,69917988
1.0297687e-07,3.3876575e-05,0.9653504,0.03461559,2,13267,1303801780
1.8318525e-06,3.263792e-05,0.6887974,0.31116813,2,13267,1222788247
1.3553401e-07,3.4567684e-06,0.7435011,0.25649527,2,13267,1789731455
1.4767999e-06,3.743148e-05,0.8726452,0.1273159,2,13267,2024785721
0.0004826785,0.70740896,0.29206875,3.9611565e-05,1,13293,1194998320
0.0012148857,0.32477713,0.67321444,0.0007935911,1,13293,1482218157
9.242769e-06,0.35894087,0.6410378,1.2064135e-05,1,13293,1562571552
5.989139e-06,0.032749142,0.9671901,5.477093e-05,1,13293,196944914
7.5977056e-05,0.46282133,0.5370253,7.741014e-05,1,13293,301233937
0.00064395624,0.3118262,0.68687093,0.00065895345,1,13293,2118363087
0.9981102,0.0018890436,1.4422137e-07,6.687479e-07,0,13302,188584446
0.9764606,0.023521049,1.2766569e-05,5.566912e-06,0,13302,1045302635
0.99066377,0.009320133,5.2767487e-06,1.0810368e-05,0,13302,2145423651
0.20621738,0.7854463,0.008244322,9.2008806e-05,0,13302,1390328797
0.94307333,0.05645536,0.00026816945,0.00020319952,0,13302,2002953124
0.021975596,0.92293346,0.054898266,0.00019268025,1,13312,340896505
4.953924e-07,0.69642353,0.3035757,3.6719413e-07,1,13312,358808391
0.43323413,0.5637943,0.0028793106,9.220667e-05,1,13312,1008199745
0.0009141168,0.9696277,0.029450461,7.76461e-06,1,13312,1953250523
2.1417487e-05,0.39159828,0.60836405,1.6251028e-05,2,1349,788034359
4.870622e-06,0.23728599,0.76269394,1.5144526e-05,2,1349,1622723373
2.8190966e-08,0.29329985,0.7066999,2.3772898e-07,2,1349,1650528096
1.0259694e-08,0.089388825,0.91061074,4.3916026e-07,2,1349,140724108
1.2951459e-06,0.045972914,0.9540096,1.6296059e-05,2,1349,1177432508
0.010693841,0.97840744,0.010894203,4.569722e-06,1,13508,726620095
0.78874016,0.21101597,0.00023243061,1.1478984e-05,1,13508,845243682
0.3069305,0.6854553,0.007554083,6.00672e-05,1,13508,464678102
0.004614065,0.9614607,0.03391484,1.0431177e-05,1,13508,1092497391
0.012253015,0.9487066,0.03888596,0.00015436816,1,13511,42353101
8.9990564e-05,0.72792816,0.2719646,1.7260878e-05,1,13511,150077557
0.04348403,0.9431169,0.013312802,8.625719e-05,1,13511,696017063
0.018468492,0.954093,0.027397525,4.0896804e-05,1,13511,1222743534
8.2880164e-05,0.0003214523,0.1499532,0.8496424,2,13524,999272331
4.3003865e-06,3.9004542e-05,0.04837255,0.9515841,2,13524,1367132807
1.1363921e-07,8.6157206e-07,0.026219534,0.9737795,2,13524,892610097
7.138831e-08,1.9846676e-07,0.004510134,0.99548954,2,13524,1647761003
8.6755665e-07,2.4021068e-07,0.0014995348,0.9984994,2,13524,2071067473
7.782766e-05,0.028555492,0.96960866,0.0017580239,2,13539,286846505
4.0527986e-05,0.010363308,0.9803562,0.009239896,2,13539,509574470
1.9819478e-05,0.011781369,0.98323786,0.0049609155,2,13539,1456516855
4.2165135e-07,0.081401214,0.9185864,1.2018175e-05,2,13539,652910211
7.1643466e-05,0.096928455,0.9026603,0.000339565,2,13539,953038641
3.1539403e-05,0.07787103,0.9210518,0.0010456959,2,13539,1608356095
1.411696e-06,0.047415003,0.9523172,0.00026640625,2,13578,469263808
6.8304066e-06,0.37091333,0.62905973,2.0101776e-05,2,13578,1847322644
7.1262016e-06,0.044171903,0.9540866,0.0017343801,2,13578,1992687456
2.1341666e-07,0.009492249,0.99042565,8.183772e-05,2,13578,230648064
3.1900626e-07,0.018165888,0.98178905,4.4698303e-05,2,13578,307960873
2.2817085e-06,0.266668,0.73331255,1.7191987e-05,1,1360,155546057
7.914629e-06,0.22501443,0.7749466,3.1075007e-05,1,1360,1217480062
0.00012211411,0.36198133,0.6377546,0.00014193667,1,1360,1826482669
4.8166472e-05,0.20375793,0.7956296,0.0005642119,1,1360,22962485
0.00014991316,0.4913742,0.5083097,0.00016617123,1,1360,126305614
7.7473385e-05,0.06946891,0.92926234,0.0011913776,1,1360,1799497271
9.694462e-08,0.16508645,0.83491164,1.8137023e-06,2,13623,45991475
5.741576e-08,0.27878904,0.72121054,3.606824e-07,2,13623,1288373946
4.2854114e-07,0.42374837,0.57624966,1.5391367e-06,2,13623,1502862823
6.9320317e-06,0.17300013,0.8268063,0.00018666816,2,13623,2133628885
0.9093064,0.09037566,0.00025652896,6.133183e-05,0,13635,1237813932
0.6861651,0.31161153,0.0021113423,0.000111986505,0,13635,1456852975
0.9197063,0.0800717,0.0001855124,3.655137e-05,0,13635,2058935694
0.6898346,0.30953383,0.00060648815,2.5139265e-05,0,13635,661594494
0.69787425,0.3015959,0.0005190656,1.0824498e-05,0,13635,1618424977
0.8971267,0.1024736,0.00037133033,2.845194e-05,0,13635,1960264281
0.00052826334,0.50849974,0.49055287,0.00041910418,1,13653,88912957
0.00037526284,0.5668538,0.43264624,0.0001246841,1,13653,668548691
0.013862925,0.83771104,0.1482271,0.00019893782,1,13653,1708578388
0.00020205833,0.6633403,0.33631766,0.00014002393,1,13653,2023790095
0.78555477,0.21382892,0.00059081544,2.5536472e-05,0,13858,1617913892
0.43998167,0.55490506,0.0050016977,0.00011160662,0,13858,2063625645
0.09451037,0.8855318,0.01986841,8.936524e-05,0,13858,262670104
0.28032967,0.7023137,0.017153582,0.0002030269,0,13858,1070002162
0.57534665,0.4217342,0.0028183293,0.00010074696,0,13868,406720029
0.9468832,0.053059973,4.0024326e-05,1.6676095e-05,0,13868,1004286980
0.8344235,0.16408311,0.0011925057,0.00030094912,0,13868,1631171838
0.6501165,0.3479472,0.0018237846,0.000112520036,0,13868,2073081392
0.7941186,0.20545666,0.00037094162,5.389965e-05,0,13868,46209567
0.3832027,0.60961175,0.0070243916,0.00016115043,0,13868,1213780187
0.22922939,0.76144177,0.009262442,6.642248e-05,0,13868,1856911958
8.15051e-08,1.3827629e-07,0.010572063,0.98942775,3,13909,1426466271
2.8079526e-08,1.0447267e-07,0.0063951276,0.9936047,3,13909,1939963533
3.2923932e-08,1.193571e-07,0.008195502,0.99180436,3,13909,1054329984
1.1943423e-08,1.1571345e-07,0.016699925,0.9833,3,13909,1804435654
0.028624505,0.92425066,0.046974532,0.00015029247,0,13918,63731680
0.007288903,0.75063634,0.24171048,0.00036429433,0,13918,1178907559
0.00010127042,0.5510858,0.44878867,2.4257175e-05,0,13918,232178927
0.1167864,0.83505505,0.04782412,0.00033449565,0,13918,755876684
0.0059669903,0.8432077,0.15071288,0.000112471374,1,14048,379054974
0.25881496,0.73261005,0.008401651,0.00017336568,1,14048,553411156
0.64978987,0.34797177,0.0019698648,0.0002684818,1,14048,1077338558
0.050985575,0.8817588,0.0665668,0.00068876374,1,14048,1379638734
7.026286e-05,0.8486012,0.15132332,5.1618294e-06,1,14123,1236782782
0.0001196035,0.66319084,0.33667228,1.7235185e-05,1,14123,2009772454
0.019837204,0.9158711,0.06408204,0.00020962935,1,14123,634025923
0.05856795,0.8877821,0.05345106,0.00019887545,1,14123,1641748045
0.0004929447,0.9240277,0.075468004,1.1326731e-05,1,14123,1702128001
0.64442015,0.3545361,0.000955616,8.8105386e-05,0,14166,831488326
0.48719752,0.5103098,0.0023743412,0.000118355485,0,14166,1206206935
0.8063067,0.19306217,0.00050946156,0.00012164038,0,14166,570368246
0.5014862,0.49649942,0.0018384065,0.00017597812,0,14166,1100076228
4.1969503e-07,0.4666616,0.53333706,9.322128e-07,2,14316,766403430
2.281264e-06,0.6137856,0.38621017,1.9522497e-06,2,14316,1927362097
1.2827883e-06,0.040528893,0.9593898,8.00526e-05,2,14316,1161537649
4.615273e-07,0.11801429,0.881958,2.7240038e-05,2,14316,2081383435
0.15978521,0.6923807,0.11283353,0.035000518,1,14454,397741535
0.31250548,0.6576548,0.029230196,0.00060949265,1,14454,1585204195
0.4957948,0.49939218,0.004389476,0.00042358795,1,14454,900990707
0.79935163,0.19728087,0.0026754413,0.0006919837,1,14454,1185853651
0.00011277742,0.023758214,0.9209833,0.055145703,2,14491,1449551658
6.586455e-07,0.015389367,0.9843082,0.0003017831,2,14491,1531025418
4.558519e-06,0.0055393856,0.99334717,0.001108968,2,14491,219164448
2.6026992e-05,0.033335336,0.9645426,0.002096062,2,14491,1641803982
0.53408307,0.46180537,0.003944825,0.00016663989,1,14519,671108432
0.29230994,0.68193114,0.025283312,0.0004756709,1,14519,2080907900
0.07976651,0.88783634,0.032204602,0.00019250448,1,14519,1411524954
0.29456094,0.69169927,0.013528227,0.00021147271,1,14519,1511326749
6.6916823e-07,0.15428388,0.8457056,9.846577e-06,2,14627,136950268
2.557241e-06,0.0925098,0.9074239,6.371447e-05,2,14627,1524785659
0.00014343586,0.037063986,0.95314085,0.009651812,2,14627,1109961581
1.9245178e-07,0.090624794,0.90935165,2.3343457e-05,2,14627,1249214094
2.4164754e-06,0.0001556955,0.9506681,0.049173858,2,1475,518278862
3.716077e-06,0.0017580146,0.9383243,0.059913944,2,1475,602438976
1.2158753e-05,0.0001148129,0.8031202,0.19675283,2,1475,86778676
1.1311759e-07,0.0014246932,0.99799347,0.00058169954,2,1475,1806186392
4.7031313e-07,0.09760807,0.9023587,3.281437e-05,2,14756,139276086
2.836997e-07,0.19263372,0.80736494,1.0690063e-06,2,14756,284492205
2.4305757e-07,0.10626323,0.89372385,1.2759675e-05,2,14756,437701424
4.749828e-06,0.17469837,0.82527447,2.2455084e-05,2,14756,1546281137
9.320614e-07,0.20653905,0.7934572,2.7971457e-06,2,14756,1620565359
1.5251031e-05,0.018293804,0.9800624,0.0016284273,2,14835,714080360
9.542624e-05,0.0074605276,0.8857899,0.106654115,2,14835,819430609
3.605502e-05,0.14653309,0.8530444,0.0003864881,2,14835,1901147927
1.998976e-05,0.01803713,0.98105043,0.0008924412,2,14835,776141017
0.0010821187,0.06313209,0.8609304,0.074855335,2,14835,860682771
0.00081237534,0.24355105,0.7517212,0.003915442,2,14835,2029422648
4.9252556e-08,0.22665398,0.7733453,6.335421e-07,2,14887,615525269
1.6813773e-07,0.0634355,0.93653965,2.4594641e-05,2,14887,2128001591
8.420928e-07,0.067915715,0.9320079,7.5513075e-05,2,14887,1367892077
9.4743456e-07,0.112663284,0.8873113,2.4482759e-05,2,14887,1715537229
9.2893004e-07,0.23997349,0.76001966,5.964742e-06,2,14949,1190686386
2.1164278e-05,0.3578963,0.64206207,2.0451746e-05,2,14949,1681159042
5.4235134e-05,0.1244651,0.875242,0.00023866759,2,14949,629244346
2.2801676e-06,0.5206458,0.47935054,1.3813662e-06,2,14949,1114135049
2.616687e-05,0.50116235,0.49878857,2.2930793e-05,2,14978,81259255
6.5541294e-06,0.68792534,0.31206596,2.1028723e-06,2,14978,1192785820
5.0161983e-05,0.36625454,0.63363427,6.1052924e-05,2,14978,530056989
2.5708387e-06,0.5229855,0.47700685,5.0726985e-06,2,14978,1468645610
3.6161644e-05,0.23665334,0.7630071,0.00030334783,2,14978,1853143958
0.86532915,0.13432384,0.00023789504,0.00010918294,1,1498,527092720
0.20137517,0.7480043,0.049097694,0.0015228634,1,1498,677983159
0.6405407,0.3575284,0.0017651732,0.00016571619,1,1498,586000336
0.19372715,0.7687448,0.035982706,0.00154536,1,1498,600321327
5.0621634e-06,0.26146343,0.7385216,9.917513e-06,1,14990,52757273
1.6759963e-06,0.097491115,0.9025015,5.660518e-06,1,14990,772144878
3.357737e-07,0.16467193,0.83532536,2.389599e-06,1,14990,138351851
3.865031e-06,0.29863346,0.70134306,1.9653777e-05,1,14990,2013358797
3.5539447e-06,0.03502543,0.9647353,0.00023570162,2,15026,157991712
1.3053188e-05,0.17305379,0.82689637,3.6844467e-05,2,15026,745319358
0.00014434705,0.004559696,0.8800984,0.11519755,2,15026,618446165
1.0114152e-06,0.012998551,0.98656136,0.00043902925,2,15026,710604054
2.3439743e-05,0.015071178,0.9393244,0.04558108,2,15066,110218682
8.027121e-07,0.0004749753,0.99170625,0.007817942,2,15066,1708980845
7.5714575e-05,0.00072970305,0.6276726,0.37152198,2,15066,26143320
7.367676e-05,0.001325126,0.3870416,0.6115596,2,15066,242966393
0.00093365036,0.12309,0.8279051,0.048071247,2,15066,508546223
3.5661713e-05,0.0010713595,0.7236041,0.27528897,2,15066,1054832095
5.9875733e-06,0.22974025,0.7702417,1.2172378e-05,1,15117,123079102
4.4836233e-06,0.3778508,0.6221296,1.5088568e-05,1,15117,1434562406
2.6179792e-09,0.12216898,0.87783086,1.0948147e-07,1,15117,1969807118
8.0678336e-07,0.046880852,0.95302975,8.864258e-05,1,15117,31100464
0.00051763403,0.3152828,0.6832786,0.00092096126,1,15117,1448969820
1.4115074e-05,0.35853404,0.64138263,6.919692e-05,1,15117,1630151354
3.2627762e-05,0.0002523216,0.42464894,0.57506615,2,1519,311477967
0.00011035933,0.00032182364,0.27290043,0.72666734,2,1519,1995842403
8.905766e-05,0.03241693,0.9628549,0.004639038,2,1519,67670593
1.3482158e-05,0.0025380384,0.98260295,0.014845579,2,1519,586064999
7.831896e-05,0.72421473,0.27569503,1.1891546e-05,1,15192,664614509
0.036394052,0.86960983,0.09345079,0.0005452723,1,15192,1160336369
6.059068e-05,0.8182002,0.18173437,4.9145874e-06,1,15192,89566940
0.0011459606,0.7714398,0.22729154,0.00012263618,1,15192,1301288925
0.9296953,0.07007997,0.0001689445,5.5821274e-05,0,15228,251590053
0.91372174,0.0860655,0.00015028019,6.247444e-05,0,15228,1674941712
0.92024255,0.079591505,0.00012409792,4.1848572e-05,0,15228,1256554595
0.8909512,0.108699575,0.00027297682,7.621915e-05,0,15228,1604157615
0.8530055,0.1465989,0.00034103362,5.4496108e-05,0,15228,2129231764
3.7604664e-08,0.02442371,0.97555417,2.2116563e-05,2,15259,188126001
1.7468826e-06,0.16188939,0.8380637,4.5199966e-05,2,15259,239517752
1.0937225e-07,0.092277,0.90771735,5.563869e-06,2,15259,910952066
2.4639243e-07,0.0036335147,0.9961002,0.00026610386,2,15259,1233060909
4.2221338e-08,0.00388415,0.9960603,5.5554745e-05,2,15281,1217109395
0.00062888657,0.1274361,0.86548156,0.0064535514,2,15281,1701106163
0.0012772501,0.05300594,0.8154686,0.13024817,2,15281,376290448
5.7110256e-06,2.1112655e-05,0.06629281,0.93368036,2,15281,968576820
0.001692236,0.024188055,0.58713,0.38698965,2,15281,1691130627
1.2210925e-06,0.037430197,0.9625485,2.0047717e-05,2,15472,381796840
1.9600164e-07,0.19269052,0.8073077,1.5185441e-06,2,15472,674255496
1.2654522e-06,0.04406548,0.9558997,3.3590004e-05,2,15472,1720527315
4.9387163e-05,0.2525834,0.7473009,6.634066e-05,2,15472,938064816
3.7419738e-06,0.28471974,0.7152555,2.1011912e-05,2,15472,1221657198
0.89085215,0.10896103,0.00016991438,1.687495e-05,0,15673,252015763
0.9144327,0.08525138,0.0002349247,8.0986276e-05,0,15673,260952996
0.912764,0.08697426,0.00021327334,4.8467282e-05,0,15673,1131384894
0.80026567,0.19769366,0.0019344664,0.000106182495,0,15673,1948209471
7.267547e-05,0.0096832,0.9859153,0.004328871,2,15674,976891524
1.602573e-08,0.005022618,0.99495983,1.7558768e-05,2,15674,1517470249
4.938776e-07,0.00032064877,0.9982324,0.0014464692,2,15674,667255843
2.7636106e-05,0.043368198,0.95221496,0.004389227,2,15674,673930318
0.96257186,0.037107307,0.00021225863,0.00010857178,1,15756,281984829
0.95920944,0.04072215,4.5956658e-05,2.24435e-05,1,15756,919855065
0.9530328,0.046779454,0.00014686158,4.0889943e-05,1,15756,1605137309
0.54705286,0.44513404,0.007284487,0.0005285505,1,15756,1833135619
0.9513657,0.048585847,3.542877e-05,1.3055e-05,1,15756,31297658
0.9031088,0.09678703,8.717773e-05,1.6965883e-05,1,15756,1062095857
0.9672154,0.032752857,1.8123901e-05,1.3614703e-05,1,15756,1211636441
0.53139687,0.4661979,0.0021548837,0.00025032408,1,15756,1787403822
0.6992701,0.29992142,0.0007364586,7.2009316e-05,1,15756,2013942329
0.000120178935,0.000771567,0.9025554,0.09655286,2,15911,484480
3.6916795e-06,2.363521e-05,0.17429774,0.82567495,2,15911,1182594405
3.7739885e-06,4.807707e-05,0.29394674,0.70600146,2,15911,1713112320
8.246415e-07,6.6713624e-06,0.295771,0.70422155,2,15911,1017412
1.497987e-05,0.00016292464,0.4220583,0.57776374,2,15911,1237033188
1.0104245e-06,2.717982e-06,0.05226719,0.9477291,2,15911,1981553982
2.4104895e-06,0.08097931,0.9188773,0.0001410427,2,15941,174415167
3.1592929e-06,0.012336443,0.9853548,0.0023056588,2,15941,1499824279
1.2573182e-07,0.014543368,0.98542607,3.0382984e-05,2,15941,835160304
6.7050682e-06,0.051673494,0.9480454,0.00027443276,2,15941,871328251
2.0639684e-06,0.060208857,0.93968487,0.000104258324,2,15943,223835972
7.0926596e-08,0.017231993,0.9827628,5.06248e-06,2,15943,1976792080
5.267832e-08,0.0022883732,0.9977005,1.1078004e-05,2,15943,1366546385
2.7688432e-06,0.010995528,0.98850715,0.00049464067,2,15943,2008681298
0.0006889375,0.77847236,0.22062849,0.00021021518,1,15951,390162528
0.96740067,0.03041874,0.0002508538,0.0019297246,1,15951,448381406
0.0017200492,0.14260831,0.7268683,0.1288033,1,15951,1368910304
0.44273522,0.5519936,0.004586936,0.0006843068,1,15951,834918356
0.092807956,0.7612868,0.14321724,0.0026879723,1,15951,1860111492
6.5962806e-05,0.30607715,0.6936485,0.00020833232,1,15971,97660380
3.601448e-05,0.14140947,0.85841376,0.00014075465,1,15971,641814457
0.0024614672,0.47701213,0.52037525,0.00015110782,1,15971,1802552036
1.4270561e-05,0.23987564,0.7600714,3.8717822e-05,1,15971,1355185060
0.00031934486,0.33775666,0.6615658,0.0003581655,1,15971,1378233912
2.7393147e-05,0.31819338,0.6817527,2.654741e-05,1,15971,1510777733
0.00094601145,0.6371432,0.3617739,0.00013688649,2,15979,516547413
0.00014985437,0.23387598,0.7651506,0.00082359667,2,15979,1928593284
0.0039719804,0.5201182,0.4742267,0.001683102,2,15979,471643474
8.682889e-05,0.35710716,0.6427537,5.234453e-05,2,15979,1369426452
0.7353315,0.2616379,0.0028312185,0.00019940324,0,16056,343839081
0.85356146,0.144654,0.0014465906,0.00033793278,0,16056,415933816
0.96982926,0.03011882,4.2184125e-05,9.682742e-06,0,16056,1944759055
0.78612846,0.21127647,0.0023646168,0.00023049739,0,16056,1511920057
0.9579947,0.041854225,0.000121289915,2.973372e-05,0,16056,1581775619
0.5352273,0.46152043,0.0029138594,0.00033836532,0,16195,201111881
0.1337506,0.8524755,0.013669994,0.00010381072,0,16195,638792196
0.061095726,0.93141514,0.007434186,5.4967906e-05,0,16195,1731903979
0.57124066,0.42704776,0.0015711724,0.0001404395,0,16195,85346148
0.3450088,0.65127116,0.0034990013,0.00022102294,0,16195,638158199
0.9503067,0.04951283,0.00013667825,4.390359e-05,0,16195,1063426888
0.19811118,0.7982255,0.003575074,8.8207744e-05,0,16195,1395014144
8.6379e-06,3.2525524e-05,0.07782253,0.92213637,3,16208,789454009
2.419156e-06,3.732691e-05,0.34767532,0.6522849,3,16208,804637886
3.1870254e-06,7.937811e-05,0.84149045,0.15842699,3,16208,1596311133
1.5469159e-05,0.001700665,0.87696785,0.121316016,3,16208,1808016508
0.007836941,0.8498514,0.142158,0.00015370002,1,16258,1455244273
0.00011518019,0.6428456,0.35702693,1.2302817e-05,1,16258,2106091686
0.0071515003,0.7689255,0.22359692,0.000326097,1,16258,429749273
4.5009608e-07,0.37204784,0.62795055,1.2039362e-06,1,16258,1462283621
3.3936976e-05,0.044966567,0.94306624,0.011933297,2,16282,344098407
9.0822705e-06,0.0118719395,0.9824713,0.0056476234,2,16282,1362623735
3.899155e-06,0.026835991,0.97178066,0.0013793772,2,16282,1544104109
2.3960033e-07,0.019276137,0.98054755,0.0001760391,2,16282,1999570636
1.5271689e-06,0.17392641,0.82603544,3.652654e-05,2,16372,340837767
4.863297e-06,0.20314185,0.7967392,0.00011413566,2,16372,575872419
1.0081293e-05,0.109073006,0.8907617,0.00015523029,2,16372,1172333923
2.0724508e-06,0.0255855,0.9737646,0.00064779655,2,16372,926624312
1.3794362e-06,0.015964229,0.9835896,0.00044478115,2,16372,940286717
3.5671424e-06,0.007477291,0.99153614,0.0009830095,2,16372,1247995608
4.5381034e-06,3.4692362e-06,0.041602995,0.95838904,3,16481,630217849
1.2686503e-06,1.8674485e-06,0.04179288,0.9582041,3,16481,783229013
2.2232987e-06,1.0799421e-05,0.13236178,0.8676253,3,16481,1686476356
1.8244172e-06,4.0160708e-06,0.06657271,0.93342143,3,16481,1693915360
6.4578546e-07,9.775417e-07,0.022399675,0.9775988,3,16481,1725263085
1.2918477e-05,0.413266,0.5867121,8.946985e-06,2,16526,875404832
3.5558234e-05,0.2561556,0.7437468,6.2008694e-05,2,16526,1917144602
0.00082746666,0.40295866,0.59602463,0.00018919558,2,16526,96373593
0.0008550675,0.7860109,0.21306673,6.723633e-05,2,16526,428094049
7.1526534e-05,0.17319672,0.8264182,0.00031345585,1,16530,583924462
3.2358452e-07,0.05756568,0.94231313,0.00012088512,1,16530,1923194507
5.2651535e-06,0.26600567,0.73389065,9.840397e-05,1,16530,85541670
1.4756119e-05,0.13398272,0.8658679,0.00013460423,1,16530,645692601
4.2704914e-06,0.00045750954,0.89147115,0.108067095,2,16613,11319137
4.789538e-08,0.0009495513,0.9987546,0.0002957728,2,16613,279323360
6.2710643e-07,0.004354628,0.99546766,0.00017716282,2,16613,990583458
1.9324985e-05,0.00041265987,0.81658024,0.18298773,2,16613,97187007
8.38279e-06,0.0013320511,0.9136725,0.08498702,2,16613,1145515711
8.0118434e-07,0.0005852977,0.9954437,0.003970164,2,16613,1208705082
1.7545133e-05,0.0073678093,0.9427797,0.04983494,2,16703,87510051
1.171281e-06,0.011914294,0.98782676,0.0002577434,2,16703,612451325
5.785284e-07,0.030925747,0.9690581,1.5544294e-05,2,16703,1930741343
1.9482711e-06,0.019073656,0.9807452,0.000179169,2,16703,304734585
2.8847057e-06,0.0035097261,0.9869769,0.009510443,2,16703,959874006
1.2945698e-05,0.4509969,0.5489765,1.36089475e-05,1,1674,297769392
2.0804393e-05,0.24274254,0.75720483,3.1917458e-05,1,1674,621776904
7.3017663e-09,0.17780513,0.8221947,2.2571956e-07,1,1674,1278240734
6.977296e-07,0.2579854,0.7420109,2.9628873e-06,1,1674,5523712
1.8821574e-05,0.24172372,0.75801784,0.00023963499,1,1674,218358232
1.3006388e-07,0.37351513,0.6264843,4.2749446e-07,1,1674,1028974035
0.0005453377,0.77240705,0.22698301,6.460771e-05,1,16912,689319408
6.576399e-05,0.87736565,0.12256525,3.3888625e-06,1,16912,948799605
0.001874383,0.92406625,0.074038304,2.1030746e-05,1,16912,965950499
9.698914e-06,0.844744,0.15524526,1.0280615e-06,1,16912,175702715
0.010528019,0.9149235,0.07440539,0.00014314479,1,16912,242638065
0.17413977,0.7943763,0.03103148,0.0004524758,0,16994,1194551561
0.6944244,0.30215657,0.003193289,0.000225755,0,16994,2083556461
0.21559045,0.752653,0.03141684,0.00033968527,0,16994,938307290
0.2843716,0.7102702,0.0053080707,5.0031827e-05,0,16994,1705601436
0.3890259,0.60434365,0.0063953735,0.00023509005,0,1710,389308620
0.38025424,0.60748124,0.011382005,0.0008825471,0,1710,904395183
0.7551599,0.24122663,0.0033529582,0.0002604883,0,1710,1155316112
0.29508826,0.69104266,0.01357012,0.00029898013,0,1710,658863988
0.8910737,0.10812837,0.00064723665,0.00015065582,0,1710,1443104298
0.66983366,0.32303527,0.005993714,0.0011373316,0,1710,1861682438
0.25121275,0.44888124,0.21400692,0.08589912,1,17111,543347978
0.68239576,0.29539463,0.021889282,0.00032033338,1,17111,553375133
0.01085754,0.46661136,0.5170502,0.0054808944,1,17111,998909338
0.7784939,0.2035688,0.016956028,0.0009812346,1,17111,1425512792
0.4318835,0.46210915,0.09868052,0.007326852,1,17111,1809890037
0.6212208,0.34555128,0.032518964,0.00070894265,1,17111,955062669
0.14874429,0.66815066,0.17741442,0.005690687,1,17111,1057081367
0.82172656,0.15999173,0.016603954,0.001677751,1,17111,1400240217
0.14363037,0.59052414,0.26450902,0.0013364536,1,17111,1505408999
0.58472687,0.38533798,0.028722763,0.0012123953,1,17111,1843156127
4.656002e-07,1.5980026e-05,0.7854462,0.21453735,2,17181,327475620
4.8850677e-07,4.227561e-05,0.98458964,0.015367665,2,17181,466277614
1.1856541e-05,0.0022415817,0.97566706,0.022079457,2,17181,948053698
7.006951e-08,5.5158318e-05,0.9980332,0.0019114799,2,17181,2133610525
6.151226e-07,0.70268583,0.29731324,2.9544037e-07,1,17231,1719494815
0.00075870554,0.45252347,0.54657596,0.00014186894,1,17231,1986860049
2.0236204e-05,0.88858116,0.11139647,2.13427e-06,1,17231,688778787
0.0005746806,0.66479504,0.33453175,9.85448e-05,1,17231,1755435853
1.919313e-05,0.0019543073,0.96241915,0.035607353,2,17233,243300177
6.8456984e-07,0.014719178,0.98518306,9.709261e-05,2,17233,1721794937
3.120507e-06,0.00074690254,0.99217343,0.007076584,2,17233,180203219
0.0004577215,0.13617744,0.8538021,0.009562731,2,17233,724992685
3.762874e-07,0.0007669977,0.9816134,0.017619217,2,17275,1235184709
3.244149e-07,0.025491012,0.97443974,6.887273e-05,2,17275,1902277943
1.77095e-05,0.008126599,0.9637874,0.028068261,2,17275,101328387
4.8002647e-08,0.011619058,0.98825073,0.00013024881,2,17275,806486933
0.97744536,0.022548819,4.824782e-06,1.0144483e-06,0,17346,488419651
0.99779093,0.0022083356,1.6345345e-07,5.5249893e-07,0,17346,1112712537
0.9986712,0.0013285867,2.3122036e-08,2.0382925e-07,0,17346,520291212
0.99701846,0.002980434,4.924681e-07,6.0488765e-07,0,17346,1845152496
0.7945089,0.20515361,0.00030207835,3.5513116e-05,1,17376,736863172
0.036161866,0.9518224,0.01195913,5.6579942e-05,1,17376,1938370084
0.6842662,0.31416318,0.001524919,4.5735134e-05,1,17376,2144487171
0.047479134,0.8554747,0.096919425,0.00012673842,1,17376,154971332
0.16215801,0.765729,0.07140473,0.00070822844,1,17376,358299725
0.3816333,0.61170906,0.006384877,0.0002727577,1,17376,1980950585
1.9167855e-06,0.022549396,0.9771264,0.000322312,2,17377,2115832382
1.1614361e-07,0.0254038,0.9745634,3.270451e-05,2,17377,2141578423
6.835332e-07,0.016950618,0.9828593,0.00018938296,2,17377,825253618
7.84714e-09,0.037834447,0.9621638,1.7713986e-06,2,17377,843286527
6.04069e-06,0.0022995332,0.99330986,0.00438454,2,17377,1549357262
0.7120097,0.28628576,0.0016115076,9.2991526e-05,1,17390,540552070
0.0031527255,0.93949646,0.057318535,3.221312e-05,1,17390,772004563
0.010022285,0.8752329,0.11459301,0.0001517738,1,17390,342908717
0.0006499308,0.8687975,0.13052487,2.776687e-05,1,17390,992064135
0.4318846,0.55996484,0.007843627,0.00030697763,0,1740,104655445
0.25768596,0.73704624,0.005152274,0.0001155722,0,1740,1189243598
0.47882506,0.5131575,0.007533067,0.0004843698,0,1740,746183448
0.6985221,0.29942107,0.0017289602,0.00032781297,0,1740,886468142
0.04363663,0.94659,0.00973514,3.8170336e-05,1,17445,997158008
0.0152224535,0.9605037,0.02403029,0.00024353067,1,17445,1241002681
0.033161983,0.873128,0.09324771,0.00046224907,1,17445,880825414
0.10998366,0.87388915,0.016057763,6.939889e-05,1,17445,1181984139
0.100699335,0.8414067,0.057653453,0.00024050134,1,17445,1787311744
0.10006283,0.8688521,0.030785844,0.00029927536,1,17518,378631618
0.002005242,0.80914557,0.1887682,8.1035636e-05,1,17518,1224867167
0.0006133799,0.7410125,0.2582717,0.00010237242,1,17518,1258576007
1.3025552e-05,0.7351648,0.2648193,2.761487e-06,1,17518,1527823220
0.78119564,0.2180258,0.0006804569,9.8028184e-05,0,17535,492541558
0.9183632,0.08153213,8.303852e-05,2.1624759e-05,0,17535,1722469056
0.5871222,0.40994868,0.0027722367,0.0001569263,0,17535,952275239
0.49206287,0.5055785,0.0022904412,6.821759e-05,0,17535,967529354
4.9095843e-06,0.1906276,0.8093414,2.6107287e-05,1,17552,381441252
6.580098e-05,0.33909518,0.6607818,5.7267425e-05,1,17552,2020448477
5.6388773e-05,0.201183,0.7981305,0.000630016,1,17552,2137383100
5.4315777e-05,0.39927092,0.6005447,0.00012996567,1,17552,578044758
5.5125536e-05,0.17857257,0.8209985,0.00037377753,1,17552,1852096732
0.00048271855,0.23473331,0.7629018,0.0018821456,1,17552,2063352927
4.6726407e-07,0.15319075,0.8468028,5.9087465e-06,2,17599,315341090
0.00017471862,0.51729643,0.4824265,0.00010237888,2,17599,601498834
3.8433054e-06,0.05154839,0.94836104,8.679127e-05,2,17599,264631518
1.0594705e-06,0.01787451,0.9820515,7.296496e-05,2,17599,2023443332
7.9279685e-05,0.082672596,0.9152115,0.0020365836,2,17711,1072440727
6.63074e-08,0.011574771,0.98832196,0.00010318511,2,17711,1096061219
2.2201448e-05,0.0032845316,0.9150115,0.08168172,2,17711,1289703450
2.1541307e-06,0.0035723422,0.9954462,0.0009793269,2,17711,2085109401
9.333111e-05,0.29967853,0.7001199,0.000108227476,2,17748,689002947
9.813665e-09,0.0795771,0.9204224,5.797954e-07,2,17748,1910415017
4.6506142e-05,0.092196815,0.9060366,0.0017199891,2,17748,2006811500
3.1060106e-05,0.015911195,0.9696242,0.014433435,2,17748,7128461
3.7462505e-05,0.010782651,0.9737389,0.015440905,2,17748,620099873
1.3128469e-05,0.031654667,0.9655024,0.002829844,2,17748,1471715401
6.453374e-06,0.02393176,0.97115064,0.0049111056,2,17750,1079075675
9.639459e-06,0.015475749,0.98184925,0.0026654184,2,17750,1210853706
3.0776497e-05,0.012412722,0.9574759,0.030080557,2,17750,824970090
0.00020796494,0.028407099,0.95608383,0.015301004,2,17750,1959221773
0.000100463156,0.066909224,0.9267094,0.0062809596,2,17752,898706277
1.954417e-05,0.00074125256,0.9673872,0.03185207,2,17752,1219347914
4.538998e-06,0.0010083772,0.9920265,0.006960554,2,17752,1251291484
8.589027e-05,0.013002569,0.9704653,0.01644625,2,17752,2129134142
0.00012396747,0.006604182,0.97556216,0.017709687,2,17752,623402213
0.00016549807,0.18885009,0.8109141,7.03165e-05,2,17752,701610347
0.0005986441,0.0018419096,0.58182967,0.41572976,2,17752,867232469
3.727139e-05,0.009772354,0.9791053,0.011085092,2,17752,1734611757
3.4944478e-05,0.113804616,0.88550925,0.0006511547,2,17774,492253488
1.1679017e-06,0.039108187,0.96081537,7.5343436e-05,2,17774,809414158
1.018574e-05,0.050633665,0.9482369,0.0011192802,2,17774,300312794
5.7822508e-08,0.05939267,0.9406018,5.3962594e-06,2,17774,317368420
7.0374776e-06,2.5413407e-05,0.17184336,0.8281242,2,17797,707817461
1.1431601e-05,1.2152397e-05,0.39302364,0.6069528,2,17797,1875559039
1.9699235e-06,5.1620045e-06,0.42363653,0.5763564,2,17797,557462406
3.842592e-05,7.056603e-05,0.21832079,0.7815703,2,17797,767014351
1.2631813e-05,7.735695e-05,0.12408281,0.8758272,2,17797,1531462531
3.7575413e-05,0.028890276,0.96639484,0.0046772533,2,17808,97569529
8.4421947e-07,0.020404562,0.97939134,0.00020335012,2,17808,797829458
7.223621e-05,0.014050261,0.8526602,0.1332173,2,17808,95636018
2.1807073e-06,0.013392669,0.9857841,0.0008209839,2,17808,1431788631
2.5087854e-06,0.028494325,0.9707837,0.0007194598,2,17808,2075516041
0.00018140415,0.00275212,0.73178947,0.26527706,1,17836,616007076
0.00086287584,0.427386,0.5679415,0.00380964,1,17836,1983324546
0.00015297106,0.0040536453,0.34979358,0.6459998,1,17836,2028731091
3.3026332e-05,0.0025141148,0.8754719,0.121981,1,17836,640646030
3.8584535e-06,0.010443494,0.98575646,0.003796224,1,17836,883313268
8.4244355e-08,6.952779e-05,0.99970144,0.00022893476,2,17853,688382750
6.5076265e-06,2.0604164e-05,0.8567803,0.14319259,2,17853,2059423319
5.301121e-08,8.274882e-05,0.99960846,0.00030876938,2,17853,2082205119
4.158479e-07,0.0018538954,0.9954396,0.0027060113,2,17853,555605729
3.1598134e-08,0.0004271203,0.9990491,0.00052368245,2,17853,831632670
1.3409677e-06,0.0013216046,0.9981102,0.0005669098,2,17853,1599619293
0.020358017,0.9582418,0.021377377,2.271002e-05,1,17892,10291229
0.122436725,0.86952287,0.007965185,7.529802e-05,1,17892,159695636
0.60033226,0.39833185,0.0013085166,2.740679e-05,1,17892,528128777
0.03454345,0.95211065,0.013323929,2.2033722e-05,1,17892,1279779406
0.5673502,0.43090868,0.0016501702,9.089795e-05,1,17892,964900795
0.02749536,0.9558885,0.016568175,4.7942307e-05,1,17892,1283964415
0.091992766,0.8970543,0.010923977,2.8841221e-05,1,17892,1364513753
0.39437664,0.59594315,0.009513658,0.0001666139,1,17892,1834961516
0.24865161,0.742813,0.008370912,0.00016450112,1,17894,75408744
0.35828337,0.6182014,0.02277215,0.00074307213,1,17894,446858992
0.38992572,0.5995828,0.0100775,0.0004139672,1,17894,413493245
0.028609274,0.9525577,0.018798878,3.4132558e-05,1,17894,653372914
0.9835707,0.016404627,1.2393205e-05,1.222197e-05,0,17922,1283960739
0.9852121,0.014768128,6.40513e-06,1.3379735e-05,0,17922,2104119585
0.98279107,0.017187942,1.1188252e-05,9.894789e-06,0,17922,2141891903
0.9700084,0.029880246,8.6429965e-05,2.5056022e-05,0,17922,15601792
0.9912958,0.008690322,9.204189e-06,4.6759424e-06,0,17922,166075845
0.984832,0.015148391,1.1335134e-05,8.160359e-06,0,17922,1752210506
8.6303527e-07,0.005123312,0.99362344,0.0012524077,2,1794,694634843
0.00024589215,0.0049431757,0.92101556,0.0737953,2,1794,1687362173
3.3361744e-06,2.3077193e-05,0.09181549,0.90815806,2,1794,235258199
1.0011207e-05,0.00014832811,0.449306,0.5505356,2,1794,777292807
2.669087e-06,0.0001736164,0.7903507,0.2094731,2,1794,1934811550
0.00022711494,0.7818992,0.21785712,1.6563565e-05,1,18014,1372582414
0.066881664,0.820989,0.11177263,0.00035665228,1,18014,1401678684
0.0006117627,0.791445,0.20790009,4.308366e-05,1,18014,1913181518
0.00087918394,0.72286296,0.27615786,9.998327e-05,1,18014,2106902101
0.00085965905,0.8353585,0.16374607,3.5715486e-05,1,18014,664784028
2.2239768e-05,0.6124018,0.38756955,6.394659e-06,1,18014,1960474755
0.0028527542,0.8287999,0.16827388,7.345309e-05,1,18031,252921728
5.9140843e-06,0.46871635,0.53127116,6.5799563e-06,1,18031,1141715608
0.0006930182,0.82603985,0.1732494,1.7702198e-05,1,18031,14899266
0.008712884,0.86074054,0.13042918,0.0001173794,1,18031,202436708
0.0009017642,0.94057894,0.0585082,1.1047981e-05,1,18045,876048138
0.0017863325,0.77820146,0.21993119,8.0991944e-05,1,18045,1648647452
0.00060306536,0.8644986,0.13484524,5.3074582e-05,1,18045,670746083
0.013864904,0.9157284,0.07029712,0.00010963993,1,18045,2002934355
6.383321e-05,0.7634031,0.23652905,4.0109007e-06,1,18144,1172288631
0.00057908305,0.8218363,0.17757213,1.2553987e-05,1,18144,1592907799
9.175971e-05,0.76219845,0.23770253,7.2620346e-06,1,18144,424435710
0.0012143111,0.6403424,0.35836834,7.49529e-05,1,18144,1959388660
0.12202532,0.8518242,0.025857927,0.0002926023,1,18227,1374799779
0.0018252741,0.935275,0.06288871,1.1012451e-05,1,18227,2033192024
7.6868295e-05,0.82160866,0.17831105,3.4277955e-06,1,18227,838516813
0.00017123735,0.8650504,0.1347736,4.8253733e-06,1,18227,1726114514
2.7137978e-06,0.0076367403,0.9907996,0.0015609467,1,18243,275252810
9.339276e-05,0.10864684,0.8899396,0.0013202301,1,18243,1526540449
3.9837932e-06,0.17817158,0.82167524,0.00014917657,1,18243,1362357046
2.9756825e-06,0.26097682,0.7389232,9.701722e-05,1,18243,2026141593
6.9895923e-06,0.4440952,0.55589455,3.2439125e-06,1,18265,926424534
0.023410847,0.8520843,0.1243204,0.00018447034,1,18265,1508772384
0.040019494,0.8587671,0.10002543,0.0011879676,1,18265,491618791
3.5907284e-05,0.80441356,0.1955469,3.6340962e-06,1,18265,1365275826
0.0036583808,0.6962261,0.30001754,9.79612e-05,1,18265,1911839160
0.011090425,0.7379479,0.25019917,0.0007625177,2,18269,620558313
1.8608841e-07,0.40845224,0.5915469,6.226394e-07,2,18269,670461054
4.2726377e-05,0.4106697,0.58927834,9.261453e-06,2,18269,1794668604
2.8692848e-06,0.38347748,0.616516,3.6090944e-06,2,18269,266264627
0.00016369678,0.60050017,0.39926717,6.901755e-05,2,18269,1586935311
6.069994e-05,0.023497447,0.92291844,0.053523365,3,18484,253848986
2.2514374e-05,0.0004746344,0.46273533,0.5367675,3,18484,598967166
2.1234033e-05,0.00076760445,0.6795435,0.31966764,3,18484,855731364
0.00038663685,0.005790721,0.4496204,0.5442022,3,18484,179359143
2.6028361e-05,0.00042187347,0.40634736,0.59320474,3,18484,1578051516
3.8128695e-05,0.728814,0.2711383,9.515371e-06,1,1852,2035737047
0.045303617,0.8696267,0.084795445,0.00027418704,1,1852,2076003064
0.0032856727,0.761792,0.23472565,0.00019674106,1,1852,1350250333
0.0032194925,0.57763237,0.41607216,0.0030759457,1,1852,2096111098
0.81384784,0.18411317,0.0020051943,3.3799046e-05,1,18536,49811752
0.00033058348,0.38996053,0.60884094,0.00086793373,1,18536,899940683
0.8007825,0.18781935,0.006170524,0.005227731,1,18536,1570353235
0.802164,0.19346419,0.00422156,0.00015017613,1,18536,1588958298
0.059213135,0.75010616,0.19036075,0.00031994743,1,18536,825734015
0.18773836,0.64765465,0.16377391,0.00083303574,1,18536,1006899114
0.43854776,0.4007542,0.13230713,0.02839086,1,18536,1635370726
0.0005492529,0.6835896,0.31574228,0.000118886666,1,18536,1694035392
0.98369783,0.016268719,1.3794492e-05,1.9643545e-05,1,18586,548573704
0.9149217,0.085006095,5.1046314e-05,2.1125697e-05,1,18586,729737300
0.60997146,0.38593677,0.0034578482,0.0006339243,1,18586,1217878895
0.8273416,0.17244458,0.00018928468,2.4547531e-05,1,18586,1974763683
0.5041407,0.49427763,0.0015386223,4.3125296e-05,1,18586,126229056
0.22459598,0.77383757,0.0015192841,4.7162026e-05,1,18586,461819734
0.12602451,0.86791325,0.005975237,8.7048866e-05,1,18586,787531805
0.62265366,0.37547442,0.0015845756,0.00028727663,1,18586,905812377
0.17082933,0.8242281,0.0048921085,5.0543782e-05,1,18586,1729595318
0.0012956401,0.81430006,0.18432781,7.646125e-05,1,18626,56674518
0.00059834105,0.87623817,0.12315359,9.9747795e-06,1,18626,301699851
0.004457237,0.7656104,0.22979213,0.00014019795,1,18626,699686579
0.00037541977,0.65019643,0.349384,4.4167475e-05,1,18626,843894821
0.000793425,0.8811787,0.11800744,2.036633e-05,1,18626,888294382
0.0012811484,0.7082901,0.29035425,7.45277e-05,1,18626,975797108
0.004984592,0.91169196,0.08321904,0.00010440783,1,18709,862867450
0.00016531142,0.9479431,0.051890004,1.6182762e-06,1,18709,1774858262
0.00036211635,0.9590816,0.040551532,4.849232e-06,1,18709,403704207
1.1980756e-05,0.865398,0.13458906,1.0509822e-06,1,18709,932877061
0.00011656866,0.8636418,0.13623218,9.484701e-06,1,18709,1843448086
0.8270914,0.17233641,0.00050628727,6.5911154e-05,1,18717,1251934061
0.6498442,0.34690905,0.0030131093,0.00023355526,1,18717,2038474899
0.64359677,0.3527978,0.003328035,0.0002774222,1,18717,1196131818
0.23448896,0.7453247,0.019912783,0.00027369882,1,18717,1218498032
5.597673e-06,0.0032824355,0.9899968,0.006715248,2,18779,783802580
1.6135082e-05,0.022019137,0.97695583,0.0010087851,2,18779,1126484447
2.0826487e-06,0.00027308264,0.9506833,0.049041536,2,18779,368835614
6.68991e-07,0.0013131116,0.9977126,0.00097358285,2,18779,689260454
0.0004013904,0.041321352,0.88498795,0.07328926,2,18784,480822125
4.937144e-05,0.12130322,0.8777154,0.0009319803,2,18784,1897712237
8.408509e-05,0.0045166383,0.3827582,0.6126411,2,18784,982292140
6.530849e-06,0.014248494,0.9784012,0.0073437947,2,18784,1179403506
0.19959979,0.79701877,0.003359716,2.179726e-05,1,18797,821247789
0.9510685,0.048797604,9.35282e-05,4.0381525e-05,1,18797,1571607440
0.21013655,0.7780518,0.011000488,0.00081122486,1,18797,849365885
0.23135968,0.764932,0.0035893,0.00011907917,1,18797,971402072
0.7743091,0.22471869,0.0008923971,7.9777215e-05,1,18797,1707739022
2.1307443e-07,0.05212718,0.94785726,1.536516e-05,2,18873,80120956
0.00014889028,0.3051793,0.69449264,0.00017920365,2,18873,1568302883
3.878284e-06,0.20721155,0.7927604,2.4268054e-05,2,18873,696819971
0.00036504152,0.30880955,0.69047105,0.00035438695,2,18873,1080940233
0.000355139,0.47000962,0.529484,0.000151276,2,18873,2095257976
2.5753585e-07,4.1790577e-06,0.048668474,0.9513271,3,18952,1238663835
2.740637e-07,1.7518236e-06,0.03386838,0.96612966,3,18952,1757565601
2.551966e-06,1.4556639e-05,0.04884239,0.9511406,3,18952,286626449
8.717858e-06,0.00018619827,0.32807767,0.6717275,3,18952,545110820
0.0009599705,0.88946843,0.109526984,4.463005e-05,1,19047,159989254
0.010686405,0.9096465,0.07959665,7.0497386e-05,1,19047,1082463861
1.07480955e-05,0.445165,0.55480564,1.8602737e-05,1,19047,928749486
1.4855799e-05,0.516824,0.48315006,1.110818e-05,1,19047,1083275629
9.591886e-06,0.4629184,0.5370408,3.116565e-05,1,19047,2094660356
1.246344e-06,2.8030858e-05,0.7647321,0.23523854,2,19171,1523165025
1.8979492e-06,1.0625042e-05,0.30522424,0.6947633,2,19171,1912780715
1.3849303e-06,9.919057e-06,0.13086137,0.8691273,2,19171,312338109
3.985405e-07,9.732546e-07,0.038855672,0.96114296,2,19171,1499100907
0.0030174272,0.12557924,0.72665477,0.14474855,2,19175,118705721
0.00202603,0.35110644,0.6462315,0.00063606974,2,19175,793513266
2.237495e-06,0.0032969504,0.9934442,0.003256578,2,19175,1016394394
0.0005052327,0.01794173,0.92274576,0.05880725,2,19175,1659000052
0.007660565,0.082725964,0.82302344,0.08659002,2,19175,454443587
0.0051051555,0.25639918,0.7372863,0.0012093523,2,19175,489296141
5.249289e-05,0.0054252273,0.90202045,0.09250187,2,19175,1548006175
0.018250126,0.19542044,0.69452685,0.09180258,2,19175,1772963478
0.0012127263,0.011631849,0.3950557,0.5920997,2,19175,2023872627
0.004346072,0.9279688,0.067482814,0.00020235598,1,19268,183980707
0.01282996,0.8608463,0.12603919,0.00028455092,1,19268,1304625366
0.018581375,0.9319262,0.049127117,0.00036529487,1,19268,1368667448
0.0022839215,0.8867473,0.11086067,0.000108188295,1,19268,1563935674
0.15461983,0.75466734,0.08818065,0.002532186,1,19268,2040244680
0.000105430714,0.8878327,0.11205679,5.105777e-06,1,19449,925930752
0.007006426,0.8255583,0.16717772,0.0002575284,1,19449,1423720340
0.00017485971,0.57269573,0.42704463,8.476502e-05,1,19449,69697378
1.4308197e-05,0.39639235,0.60347635,0.00011697946,1,19449,334299187
1.1285835e-05,0.76334846,0.2366354,4.8669835e-06,1,19449,609824365
0.0035503996,0.9109945,0.085369214,8.59125e-05,1,19486,583119542
0.0017908254,0.92247343,0.075702585,3.3193424e-05,1,19486,886797800
0.18745813,0.8078097,0.0046519344,8.024548e-05,1,19486,1749776218
0.0013544468,0.843768,0.1548047,7.278092e-05,1,19486,866648159
0.008163717,0.959074,0.03273328,2.9064744e-05,1,19486,1608758398
8.5238826e-05,0.86467445,0.13523468,5.620748e-06,1,19498,363872298
0.14184089,0.75184023,0.10440967,0.0019091471,1,19498,1587552974
0.04791923,0.8672935,0.08398307,0.0008042934,1,19498,105849292
2.9977823e-06,0.6395694,0.36042434,3.3058736e-06,1,19498,510896442
0.02664593,0.91671884,0.0565479,8.734387e-05,1,19527,477484141
0.026311291,0.95771825,0.015958484,1.1963356e-05,1,19527,885167871
0.014814608,0.96734935,0.017814213,2.1820464e-05,1,19527,432836034
0.0023214738,0.9191196,0.07854229,1.6625916e-05,1,19527,937610882
4.6440426e-05,0.004847127,0.95887315,0.036233347,2,19534,997635930
6.541765e-06,0.5422934,0.45769954,5.049839e-07,2,19534,2131778426
1.3429031e-05,0.0010059865,0.9515552,0.04742548,2,19534,404289746
9.322677e-07,0.0067332457,0.9931657,0.00010012042,2,19534,1615726237
0.015620481,0.96837,0.015985513,2.4047116e-05,1,19581,216021014
0.0057879835,0.835501,0.15858701,0.00012403421,1,19581,1338497788
0.0037878582,0.8659731,0.13018565,5.339574e-05,1,19581,21129467
0.023879081,0.9260961,0.049968764,5.6089193e-05,1,19581,1343521046
0.015471281,0.81011707,0.1736572,0.0007545423,2,19589,367140351
0.0032517517,0.94866586,0.04806808,1.4367829e-05,2,19589,1035241931
0.014826732,0.93340015,0.051645856,0.00012727173,2,19589,36770041
0.0010460058,0.9250687,0.073827215,5.8073e-05,2,19589,962193832
6.6948196e-05,0.1962221,0.803141,0.00056990964,2,19603,61048330
0.0006621053,0.5498448,0.4490397,0.00045339446,2,19603,1257189837
0.00015639566,0.265349,0.73427117,0.00022341602,2,19603,1872102537
0.0015593434,0.47711462,0.52083313,0.0004929289,2,19603,17395361
0.0002074969,0.5928453,0.40686503,8.211672e-05,2,19603,403821205
0.98348063,0.016506178,6.990391e-06,6.149732e-06,0,1968,1392193422
0.9776962,0.022277206,1.5155616e-05,1.1402591e-05,0,1968,1861125663
0.80956084,0.18995243,0.0004090114,7.7733916e-05,0,1968,765668143
0.9167508,0.08312638,9.831267e-05,2.4468365e-05,0,1968,2119914947
1.046564e-05,0.0671436,0.9326465,0.00019939727,2,19713,850013865
3.2232322e-06,0.18347543,0.81648946,3.1838503e-05,2,19713,1226242602
0.00011403806,0.23266445,0.7669184,0.0003031526,2,19713,1546457179
0.000288846,0.021522228,0.95838755,0.019801365,2,19713,837524134
4.7546706e-08,0.07863117,0.921366,2.8394388e-06,2,19713,1797364735
0.00014202762,0.00076008326,0.6682985,0.3307994,2,1977,1462616156
0.00034422116,0.0007603067,0.8264,0.17249548,2,1977,1890682725
7.7061407e-07,1.6389979e-05,0.6958866,0.3040963,2,1977,15003387
3.762791e-05,0.001174042,0.80754083,0.19124751,2,1977,797388117
4.3386007e-07,4.16168e-06,0.014952944,0.9850425,3,19807,101260102
2.8855263e-06,4.2016763e-06,0.0037976676,0.9961953,3,19807,296932283
9.350453e-07,3.9043507e-06,0.0050591193,0.994936,3,19807,413702014
2.1136732e-06,6.790926e-06,0.0056513147,0.9943399,3,19807,710429203
1.9913446e-06,2.6977717e-05,0.041322436,0.9586486,3,19807,2108638071
2.0448779e-06,7.775872e-06,0.14646406,0.8535262,2,19824,732284526
8.686511e-06,0.00010823377,0.73053414,0.26934892,2,19824,1466354580
2.6212444e-06,6.6508444e-05,0.57452536,0.4254055,2,19824,1311256924
1.0586963e-06,1.5092639e-06,0.07610136,0.923896,2,19824,1964586703
3.3333197e-07,1.6128682e-06,0.26636785,0.7336302,2,19824,2086745040
3.4148983e-05,0.0004809993,0.1579456,0.84153926,2,19919,200906308
2.705071e-06,0.00022091606,0.09590125,0.9038752,2,19919,604538909
0.00059391063,0.03490545,0.7050123,0.2594883,2,19919,1502102864
6.918769e-05,0.007923147,0.6232095,0.36879826,2,19919,1413842125
7.1057075e-05,0.00075999124,0.11230532,0.8868635,2,19919,1954464048
6.193662e-06,0.011532122,0.98401153,0.004450161,2,20184,635294704
1.2089707e-05,0.010176636,0.9891192,0.00069207995,2,20184,1510826996
3.6335084e-07,0.08725421,0.9127387,6.729442e-06,2,20184,140434864
2.1992664e-05,0.13370124,0.8661639,0.00011287063,2,20184,1236168241
8.420975e-05,0.00028271865,0.018469265,0.9811638,3,20189,118942314
1.9743447e-06,1.02506465e-05,0.019296931,0.98069084,3,20189,302836014
6.438216e-06,0.0001291946,0.12209852,0.87776583,3,20189,723919000
0.0010777789,0.00830038,0.3315899,0.6590319,3,20189,312180168
0.008037082,0.12400077,0.65593684,0.21202527,3,20189,1422495880
2.238539e-06,1.0612667e-05,0.04772919,0.952258,3,20189,2109729183
0.7725651,0.2251822,0.002117113,0.00013559301,1,20196,281268966
0.7231949,0.27331787,0.0030571285,0.0004300655,1,20196,793322869
0.9528819,0.046994463,0.0001107238,1.2862124e-05,1,20196,1442684690
0.42781383,0.5637512,0.007822246,0.00061271025,1,20196,1700935813
0.27488205,0.6798748,0.04352682,0.0017163644,1,20196,1304395339
0.3242583,0.65170985,0.023329888,0.0007019288,1,20196,1819952969
3.2308377e-05,0.00013432508,0.0549923,0.94484097,3,20198,1444766660
0.0001308653,0.008990038,0.7578376,0.23304148,3,20198,1482636895
7.258571e-08,9.659022e-08,0.0076324902,0.9923673,3,20198,2143479844
4.725983e-08,1.404083e-07,0.009783953,0.9902159,3,20198,1874197897
6.3445515e-07,2.972679e-07,0.0023414344,0.99765766,3,20198,1874681701
0.08291656,0.8894151,0.02740939,0.00025903122,1,20199,467829091
0.94831353,0.05157895,6.6225424e-05,4.1244337e-05,1,20199,1822515374
0.8933982,0.10582899,0.000624663,0.00014821574,1,20199,187190129
0.9245298,0.07236568,0.0015072869,0.0015972886,1,20199,694023056
0.8255,0.17414452,0.00032299198,3.2515836e-05,1,20199,818879708
0.0056417636,0.74944395,0.24486127,5.2996704e-05,2,20218,1887383735
0.0022859243,0.7539897,0.24361958,0.00010479647,2,20218,1909727236
0.0010582855,0.7848645,0.21405783,1.9410496e-05,2,20218,868318743
0.002772634,0.81555074,0.18158253,9.412568e-05,2,20218,1966804014
1.973481e-06,0.0001584364,0.9820416,0.017798025,1,20227,1597577281
9.568623e-07,0.006902684,0.9928383,0.0002580549,1,20227,1600562515
0.0021603827,0.08425703,0.8862435,0.027339019,1,20227,133072186
5.139688e-05,0.22917274,0.7705623,0.00021345717,1,20227,997928982
0.00031627953,0.37083378,0.6285503,0.00029969958,1,20227,1233344454
0.5775105,0.42021835,0.0022084813,6.272608e-05,0,20251,1189991461
0.71772194,0.28163984,0.00060874084,2.944918e-05,0,20251,1616755366
0.015010525,0.92371047,0.06124776,3.1311854e-05,0,20251,401181500
0.3493015,0.592718,0.056587633,0.0013928368,0,20251,914071190
0.0016399872,0.8193577,0.17887813,0.00012418245,2,20264,646013583
0.00078287796,0.74468905,0.2544748,5.3299045e-05,2,20264,1415827741
6.500102e-05,0.47775713,0.5221465,3.137775e-05,2,20264,192769810
4.4583587e-07,0.5240951,0.47590333,1.0490077e-06,2,20264,518987553
5.561079e-05,0.39240408,0.6074332,0.00010712893,2,20264,1483003704
0.00029291117,0.3232788,0.6758834,0.0005448752,2,20302,328254457
0.0014352849,0.16323142,0.83230525,0.0030280263,2,20302,521849962
0.05035284,0.28620908,0.4931608,0.1702773,2,20302,884351550
0.00036539513,0.14379726,0.85409653,0.0017408014,2,20302,2090052396
0.005324213,0.57502025,0.41908044,0.0005751225,2,20302,169932945
0.049084414,0.33794147,0.56508493,0.04788918,2,20302,294208764
0.044969354,0.30028796,0.60742974,0.047312923,2,20302,311434476
0.029231945,0.40190578,0.5527103,0.016151998,2,20302,463564233
0.028062358,0.43397054,0.5247186,0.013248541,2,20302,688370663
0.040700026,0.72665244,0.23199992,0.00064761745,1,20345,126260437
0.00071983685,0.6947375,0.30452195,2.0666936e-05,1,20345,423103974
0.000573619,0.33935753,0.65973574,0.0003330578,1,20345,739525513
0.17865531,0.61665446,0.20383526,0.0008549462,1,20345,1471402125
0.023477409,0.3695319,0.5838346,0.02315616,1,20345,2106297317
0.00018730572,0.60116816,0.3986302,1.4352252e-05,1,20345,696887277
0.13318996,0.75188446,0.11438555,0.00054005784,1,20345,857727822
6.068175e-05,0.3920465,0.60784966,4.3196735e-05,1,20345,898336604
0.08154753,0.8296897,0.0886004,0.00016235597,1,20345,1332778101
0.0008028912,0.17864281,0.82037246,0.00018179108,1,20345,1775630980
8.023264e-07,0.0052035474,0.99438345,0.00041217104,2,20362,181373695
5.410693e-06,0.0035621934,0.9875854,0.008846944,2,20362,905126843
7.4517598e-06,0.014549933,0.98424476,0.0011977622,2,20362,1840245325
0.00047378434,0.11458013,0.8800908,0.0048552635,2,20362,502540952
2.4978826e-07,0.0022465934,0.99743193,0.0003212419,2,20362,1104033759
0.00018477289,0.09461716,0.9010799,0.0041182134,2,20365,391231829
8.91715e-06,0.011143097,0.98189986,0.0069481386,2,20365,809534962
6.4366964e-06,0.054996688,0.9446983,0.00029859404,2,20365,1307175424
0.00022049647,0.008436186,0.7934173,0.19792604,2,20365,404896658
2.1466241e-05,0.044794492,0.95172936,0.0034547101,2,20365,666027886
2.3141607e-05,0.03365499,0.9611472,0.005174668,2,20365,2045574612
0.00032174605,0.82307583,0.17656164,4.0847688e-05,1,20368,415774191
0.0069609433,0.7418219,0.2506075,0.00060965953,1,20368,919560152
0.00015623966,0.5842601,0.41545445,0.0001293036,1,20368,515228787
0.00049368414,0.78706205,0.21239357,5.06702e-05,1,20368,848155487
0.00013938939,0.24932903,0.7485908,0.001940748,1,20368,1184643337
6.2864837e-07,0.0002834196,0.9959369,0.0037791457,2,20412,1162930913
6.3348816e-05,0.007044785,0.9475746,0.045317188,2,20412,1378505216
9.887465e-07,0.00406564,0.9955676,0.00036577779,2,20412,1865811911
1.133985e-05,0.0013542501,0.8539569,0.14467758,2,20412,431198962
8.088444e-06,0.00027465116,0.9274939,0.07222341,2,20412,1430031859
2.5338338e-06,6.639842e-05,0.8214686,0.1784625,2,20412,1538707905
2.0005493e-05,0.0008345875,0.87555414,0.12359125,2,20412,1608325877
0.590024,0.3919251,0.015836481,0.0022144327,1,20701,2019369136
0.6272125,0.36858746,0.0038760286,0.00032398512,1,20701,2123003592
0.21040404,0.69445485,0.08933613,0.005804983,1,20701,269573736
0.012083867,0.9130093,0.07475648,0.00015034326,1,20701,1183989582
1.585171e-05,1.8592398e-05,0.0087599475,0.99120563,3,20765,114562861
1.8159164e-07,1.1080009e-07,0.00014364187,0.999856,3,20765,516734688
9.7148935e-05,1.6494674e-05,0.0031604532,0.9967258,3,20765,612896699
0.0006722382,0.0039385804,0.06822267,0.92716646,3,20765,749307238
3.6558897e-05,7.728794e-05,0.0020170314,0.997869,3,20765,944412052
0.34244308,0.6489715,0.008515978,6.950227e-05,1,20789,670910414
0.100803055,0.8612671,0.036486946,0.0014429308,1,20789,1883289719
0.0068287663,0.89039284,0.10272089,5.755895e-05,1,20789,143692956
0.00016655734,0.8212807,0.17853637,1.6377498e-05,1,20789,1243581779
4.8572383e-05,0.07566141,0.92395097,0.0003390189,2,20802,259090622
2.4528188e-06,0.29301733,0.70697737,2.882777e-06,2,20802,757398629
8.4270876e-05,0.27718183,0.72182447,0.00090942276,2,20802,558494954
0.000114877424,0.51135194,0.48849785,3.537578e-05,2,20802,1927324962
0.0070327376,0.8494779,0.1433739,0.00011545331,1,2083,464233349
0.002684497,0.89335084,0.10394915,1.5564161e-05,1,2083,485668007
0.067040354,0.90178674,0.031099293,7.361123e-05,1,2083,693829796
0.00033264022,0.67735595,0.3222801,3.1228978e-05,1,2083,84495334
0.00028823857,0.7824419,0.21725565,1.4269531e-05,1,2083,331933117
0.0011622062,0.8919579,0.10687397,5.931492e-06,1,2083,1775123300
1.5481354e-06,0.00044576122,0.9466299,0.052922737,2,209,274674161
4.5170856e-07,0.00023784299,0.98699224,0.012769475,2,209,1953229819
5.342974e-06,8.9076246e-05,0.531679,0.46822658,2,209,8038644
1.6364781e-09,1.0214679e-05,0.99873537,0.001254421,2,209,1311952752
4.235621e-06,0.00034652883,0.8461998,0.1534494,2,209,1855316219
4.06257e-06,0.0018583382,0.9919743,0.006163283,2,20903,1204027845
1.0460663e-07,0.0011434413,0.99842215,0.00043431105,2,20903,1367442455
8.414801e-08,0.0056498325,0.9943104,3.9687897e-05,2,20903,350846659
2.1848675e-06,0.076277085,0.9237004,2.036978e-05,2,20903,1897717426
4.4933313e-06,0.3218251,0.6781633,7.1005684e-06,2,20953,1152706670
0.00045418993,0.5636683,0.43583402,4.343276e-05,2,20953,1185285247
7.366391e-05,0.51279914,0.4871148,1.2474252e-05,2,20953,156483578
4.259491e-06,0.30106637,0.6989257,3.738887e-06,2,20953,1538818748
3.339933e-07,0.16966864,0.83032817,2.8560921e-06,2,20953,1839678749
0.00012594633,0.9358797,0.06398528,9.0372205e-06,1,20980,438514068
3.929661e-06,0.634617,0.3653787,4.879117e-07,1,20980,1437045436
0.004773262,0.8875829,0.10754146,0.000102455095,1,20980,647847146
7.606643e-05,0.8884065,0.11151597,1.4712065e-06,1,20980,2118749599
0.47911108,0.5171773,0.003548272,0.00016340801,1,20989,1156988266
0.011383065,0.93314564,0.055393524,7.777043e-05,1,20989,1685859255
0.6684368,0.32841337,0.0028566895,0.00029316818,1,20989,462794046
0.2458775,0.74768144,0.006370453,7.062896e-05,1,20989,493187957
1.7468201e-06,2.7168593e-05,0.46107528,0.53889585,2,20992,320117024
5.265285e-08,4.0447434e-05,0.9952931,0.0046664597,2,20992,1095126044
1.6856482e-06,0.00015819713,0.9512332,0.048606876,2,20992,1966354375
4.4187814e-06,5.0877203e-05,0.6955954,0.30434936,2,20992,294773451
8.648284e-07,0.00050366373,0.9861188,0.013376714,2,20992,515952558
1.1400432e-07,0.00012381587,0.9960031,0.0038730174,2,20992,769481342
5.0366816e-06,4.4841006e-05,0.16647075,0.83347934,2,21067,1911118071
4.3568043e-06,3.6568657e-05,0.2991642,0.7007948,2,21067,1979623028
5.2601346e-05,0.0006462458,0.3076451,0.691656,2,21067,715321439
1.9696306e-06,5.058663e-06,0.048604667,0.95138824,2,21067,1511749844
0.30407497,0.6782045,0.016634163,0.0010864473,1,21180,28639091
0.46492386,0.502919,0.030329458,0.0018276358,1,21180,258293371
0.8203235,0.17672457,0.002294997,0.0006568348,1,21180,707793992
0.8381623,0.15906027,0.002229194,0.00054822746,1,21180,2005051070
0.116331585,0.8558075,0.02708274,0.00077819335,1,21180,888808642
0.44654343,0.54267114,0.010318219,0.00046726374,1,21180,1085290197
0.09388475,0.85849,0.047183156,0.00044212496,1,21180,1433909801
0.5438349,0.44448686,0.010466841,0.0012114205,1,21180,1610942978
1.6183981e-06,0.018318048,0.98131424,0.00036606155,2,21209,476821110
5.891229e-08,0.0012514925,0.99777156,0.0009769581,2,21209,676179342
6.649063e-08,0.008118515,0.99170154,0.00017987541,2,21209,567496969
3.2868064e-07,0.08592468,0.91405964,1.5288862e-05,2,21209,1503364948
1.8376196e-06,0.037169173,0.96270126,0.00012777495,2,21209,1862294544
2.9665948e-06,0.0001871813,0.9969683,0.0028415464,2,21214,655892738
1.6506068e-05,0.00065652886,0.9733035,0.026023494,2,21214,1970939400
3.156399e-06,0.00019570606,0.99734926,0.002451824,2,21214,213095459
3.2523235e-07,0.0021046519,0.99778277,0.00011220597,2,21214,649802037
4.5387864e-07,0.0018102477,0.9980015,0.00018779872,2,21214,665917803
0.660516,0.33740234,0.0018131256,0.00026850577,0,21224,779681721
0.61877936,0.37749997,0.0034918312,0.00022882633,0,21224,2009095956
0.52517813,0.47021562,0.004151983,0.00045434057,0,21224,1636016606
0.50233877,0.49193484,0.005502239,0.0002242462,0,21224,1924927683
0.97683126,0.023135502,1.6224565e-05,1.7060958e-05,0,21228,415040001
0.9243628,0.0755191,8.1341364e-05,3.67719e-05,0,21228,509736195
0.9312458,0.06859612,0.00012370401,3.448999e-05,0,21228,1036168952
0.96739286,0.03252997,5.578991e-05,2.1285645e-05,0,21228,1036455783
0.97541237,0.024568323,1.3034391e-05,6.3089005e-06,0,21228,1277134794
0.9636448,0.036333103,1.6512971e-05,5.5442656e-06,0,21228,1282767740
0.98385596,0.01613269,3.5283028e-06,7.829405e-06,0,21228,2040231396
8.314763e-06,0.24172895,0.7582475,1.5276995e-05,2,2128,1158224659
2.5104591e-06,0.19388352,0.8061103,3.7036252e-06,2,2128,1558471205
0.0020782512,0.44700617,0.55036104,0.00055450376,2,2128,184765903
1.7344861e-06,0.47685647,0.5231403,1.4676575e-06,2,2128,577633257
6.566477e-05,0.23673786,0.76307124,0.00012518775,2,2128,1051661155
0.00026683736,0.8186514,0.18103082,5.0923794e-05,1,21310,1624737203
0.05779602,0.8617424,0.07991108,0.00055056624,1,21310,2107897536
0.00058844703,0.6662312,0.33307916,0.00010121503,1,21310,1775075022
7.5269418e-06,0.31224683,0.68772864,1.6960834e-05,1,21310,1826567385
0.00019270288,0.80264205,0.19715631,8.907152e-06,2,21315,266491339
3.960785e-06,0.7160031,0.28399095,1.9427985e-06,2,21315,1838768704
3.1915824e-05,0.8926634,0.107303336,1.4072107e-06,2,21315,58132425
4.747142e-05,0.13625851,0.8635824,0.00011169097,2,21315,355971526
2.887265e-07,0.68934923,0.31065035,1.3159658e-07,2,21315,842119228
2.5859263e-06,0.02330994,0.97647756,0.00020992999,2,21409,690318599
1.3848343e-06,0.013327529,0.9861079,0.0005631457,2,21409,2087736309
4.0133204e-07,0.0007721999,0.99888176,0.00034565822,2,21409,1295361113
1.7253411e-05,0.0057525365,0.9867533,0.0074768183,2,21409,1776520698
0.8542023,0.14554952,0.00022305678,2.5053861e-05,0,21431,83297018
0.9189177,0.07959807,0.00091931166,0.00056491554,0,21431,1267661046
0.9404107,0.059541855,3.9420785e-05,8.012623e-06,0,21431,743492847
0.8937132,0.10603528,0.00021543095,3.6176967e-05,0,21431,2124992327
8.7965045e-06,4.6102872e-05,0.23416623,0.76577884,2,21440,243894962
1.162965e-05,0.0011459421,0.83340335,0.16543914,2,21440,388852576
2.71341e-07,0.00036103686,0.9971173,0.0025213957,2,21440,2023635786
5.772311e-06,3.884177e-05,0.49748862,0.5024668,2,21440,256514942
1.2009833e-06,0.00019382751,0.94946116,0.050343793,2,21440,1141954753
2.3416387e-06,7.855881e-05,0.7102656,0.28965348,2,21440,1169381738
0.0007782419,0.810467,0.18871602,3.8727634e-05,1,21445,468265579
0.00087014947,0.90565884,0.09345247,1.8552515e-05,1,21445,871365777
0.0002697711,0.91148573,0.08823684,7.697848e-06,1,21445,1790818978
0.00042782538,0.8340385,0.16550618,2.749365e-05,1,21445,132643082
0.036889814,0.8612569,0.10152878,0.00032444866,1,21445,326771787
0.0036529838,0.84065473,0.15558904,0.00010325586,1,21456,842493553
0.010051044,0.86764205,0.12215871,0.00014817431,1,21456,1263262672
0.00097582274,0.767897,0.23101805,0.00010908658,1,21456,1911885035
0.001492189,0.8499785,0.14847958,4.9733604e-05,1,21456,285788128
0.04465865,0.88103026,0.07402159,0.00028958704,1,21456,863419705
4.8905722e-08,1.1754606e-07,0.010451838,0.98954797,3,21464,495378265
1.1074718e-06,1.8575629e-05,0.46680593,0.5331744,3,21464,705550992
4.9665655e-08,1.0408724e-07,0.0063777594,0.9936221,3,21464,1112281356
6.777247e-08,3.1062498e-07,0.017003577,0.98299605,3,21464,589355252
2.4885972e-07,9.666895e-07,0.026720064,0.97327876,3,21464,1222390337
4.5383796e-08,2.868694e-07,0.02443197,0.9755678,3,21464,1771134977
0.2414882,0.7393741,0.01857253,0.0005651919,1,21479,1498517690
0.75149906,0.24715911,0.0011486273,0.00019314056,1,21479,1845964323
0.22686552,0.7635738,0.009373456,0.00018728132,1,21479,769817234
0.25545424,0.73621273,0.007973151,0.00035991467,1,21479,1423692450
0.72680867,0.2707419,0.0021031515,0.00034630293,1,21479,1972490697
5.1684645e-05,0.24001557,0.759747,0.00018565786,2,21520,24011738
1.0588967e-05,0.21270539,0.7871714,0.00011260428,2,21520,542158564
7.688217e-05,0.021255458,0.97277755,0.0058900826,2,21520,1227145819
0.00045805826,0.3183042,0.6808189,0.00041875642,2,21520,1542713553
0.0001149082,0.5860436,0.41381872,2.2793445e-05,2,21520,54649644
0.001140236,0.15502435,0.8232495,0.020585889,2,21520,108779245
0.003199071,0.37905473,0.6170683,0.00067793834,2,21520,545232657
0.00012783386,0.16520534,0.8345819,8.487236e-05,2,21520,1071683632
0.016945854,0.9419393,0.04109163,2.3281435e-05,1,21524,1432190374
0.01964532,0.9136232,0.066639856,9.1604066e-05,1,21524,1486813355
0.002811496,0.70993686,0.28706968,0.00018202707,1,21524,1469977784
0.0009819933,0.81833833,0.18065271,2.6949825e-05,1,21524,1935969791
0.001308455,0.39101908,0.6023143,0.005358264,1,21552,119224608
2.235065e-05,0.05603914,0.94288135,0.0010571448,1,21552,1311590775
1.6259097e-05,0.10114638,0.8987373,0.000100037025,1,21552,1376184883
2.2407321e-05,0.010737053,0.9366806,0.05255992,1,21552,837570216
6.4605105e-05,0.10121374,0.8949332,0.0037883879,1,21552,937966187
0.00015612936,0.07017401,0.9246065,0.005063356,1,21552,964467610
0.071419396,0.9234083,0.0051326007,3.9627066e-05,1,2159,1873228678
0.62298733,0.37220803,0.004312367,0.0004922631,1,2159,1978625257
0.039304025,0.90729254,0.052492797,0.0009107154,1,2159,191189759
0.00026277127,0.85976964,0.13995238,1.5314592e-05,1,2159,310935708
0.92649645,0.073264785,0.000196483,4.224986e-05,0,2163,1188948682
0.9757715,0.024217892,7.963281e-06,2.6794858e-06,0,2163,1923728788
0.5480661,0.44300213,0.008483789,0.0004480641,0,2163,899252395
0.97091305,0.02907873,5.4271104e-06,2.8136474e-06,0,2163,1935638479
0.00018495684,0.7336742,0.2661312,9.661542e-06,1,21678,351625203
0.047270842,0.6579222,0.2894586,0.0053483387,1,21678,1400217976
0.00080086803,0.663268,0.33586976,6.134009e-05,1,21678,2024828753
0.013892059,0.90503246,0.08098985,8.569066e-05,1,21678,949184823
0.0032946977,0.8308665,0.16571906,0.00011970252,1,21678,1108829334
0.032253765,0.57541317,0.38784125,0.0044917557,1,21678,1555219451
0.00072938454,0.4656832,0.5324729,0.0011144677,1,21713,1050345861
0.0011003524,0.7050754,0.29372886,9.538804e-05,1,21713,1192705244
0.0001895393,0.7074278,0.29236373,1.8960287e-05,1,21713,1990429390
4.1354353e-05,0.0033055812,0.44480473,0.55184835,1,21713,491155635
1.4316064e-05,0.4177616,0.5822104,1.37219695e-05,1,21713,655534116
0.00020692062,0.5315878,0.46801922,0.00018604804,1,21713,974420536
0.93486685,0.06502904,7.470501e-05,2.938554e-05,1,21744,137087280
0.64640594,0.35180363,0.0016159671,0.00017441445,1,21744,583621111
0.9654858,0.034487538,1.9312753e-05,7.292245e-06,1,21744,656330523
0.93076533,0.06911836,8.683848e-05,2.9467805e-05,1,21744,1603828499
0.92384505,0.07590431,0.00018923717,6.146943e-05,1,21744,1870570286
0.7415465,0.2577741,0.00061086175,6.850091e-05,1,21744,5186053
0.86293364,0.13680504,0.0002270407,3.428809e-05,1,21744,914840750
0.9543818,0.045593776,1.9203668e-05,5.145379e-06,1,21744,1494457072
0.7898498,0.2098044,0.0003104804,3.52947e-05,1,21744,1804333793
0.92225677,0.07747142,0.00021642642,5.5335266e-05,1,21744,2067448009
0.0028726512,0.7394855,0.25728005,0.000361822,1,21765,4596707
0.00073398574,0.82674307,0.17246915,5.376514e-05,1,21765,1090520916
1.6860178e-06,0.34443936,0.6555517,7.235767e-06,1,21765,1301601300
5.862968e-07,0.27468964,0.72530687,2.9062198e-06,1,21765,1943278681
0.00031396438,0.7679668,0.23170635,1.28826205e-05,1,21765,811924383
3.9741763e-06,0.41050336,0.589488,4.550522e-06,1,21765,1065008946
0.004489161,0.7249262,0.27042103,0.00016370742,1,21765,1423935903
0.002519848,0.7848652,0.21252675,8.827674e-05,1,21781,887862453
5.6308436e-05,0.6635895,0.33633426,1.9933614e-05,1,21781,1878001809
0.010425314,0.90599513,0.083254166,0.000325465,1,21781,130979147
0.017888516,0.9174648,0.06444969,0.00019695844,1,21781,1801374924
0.33825895,0.66068226,0.0010418736,1.6929464e-05,0,21784,465198714
0.30981317,0.6470973,0.041780286,0.0013092996,0,21784,1312257531
0.20576644,0.78948474,0.004694871,5.3962987e-05,0,21784,1686183485
0.4406331,0.5566936,0.0026159226,5.7432546e-05,0,21784,217479749
0.02870131,0.95989394,0.011386218,1.8506275e-05,0,21784,1315940354
0.8761438,0.12339825,0.00040745962,5.0501334e-05,0,21784,1705587598
0.00011661355,0.040716447,0.9579745,0.0011925016,2,21809,313182205
0.00020799752,0.019486144,0.9627102,0.017595662,2,21809,2059332617
2.0956155e-05,0.15175028,0.847032,0.001196677,2,21809,359410081
1.0111389e-05,0.00081306393,0.9740926,0.025084179,2,21809,1307476428
7.486453e-06,0.0076686065,0.99136424,0.0009596689,2,21928,1275734041
9.184942e-06,0.010365194,0.98808026,0.0015453087,2,21928,2073181720
5.224861e-07,0.00073954137,0.99697185,0.002288108,2,21928,769477628
1.0642931e-06,0.0010824688,0.99660194,0.0023145461,2,21928,1498981680
1.8806323e-06,0.17791001,0.8220821,6.043018e-06,2,21963,209297544
2.4175833e-05,0.27647883,0.7234697,2.7368253e-05,2,21963,2022230979
1.0588482e-06,0.11363815,0.8863502,1.0630883e-05,2,21963,259014189
4.618493e-07,0.0063767824,0.99359554,2.722485e-05,2,21963,1295838199
0.3903439,0.60892594,0.0006807573,4.9425405e-05,1,2205,75545464
0.37991405,0.6151377,0.004661645,0.00028661118,1,2205,555102122
0.42743424,0.56967664,0.002772228,0.00011690186,1,2205,834604161
0.46157655,0.5350106,0.0033054801,0.000107458756,1,2205,263700115
0.51375574,0.48409316,0.0020567582,9.427882e-05,1,2205,485105280
0.07438582,0.9231957,0.0023628331,5.562978e-05,1,2205,693854644
0.22113642,0.77520764,0.003599746,5.61472e-05,1,2205,1922546139
0.31664848,0.6805298,0.0027434542,7.8275916e-05,1,2205,2044128060
1.8565961e-05,0.0031277072,0.981689,0.0151646985,2,22053,1060449744
5.6474385e-09,0.017298363,0.98270077,8.908942e-07,2,22053,1665527327
8.937774e-06,0.0016158277,0.98855233,0.009822934,2,22053,13139179
2.4853803e-08,0.0008889141,0.9990933,1.786173e-05,2,22053,2019080665
0.9856103,0.014375503,9.577221e-06,4.5993966e-06,0,22130,144755236
0.9886924,0.011295884,5.722142e-06,5.954559e-06,0,22130,1515505198
0.9429267,0.056994755,3.988051e-05,3.8679034e-05,0,22130,1899244345
0.99882215,0.0011771958,2.7179397e-08,6.2119545e-07,0,22130,924769750
0.98292345,0.01704571,1.8941311e-05,1.1895363e-05,0,22130,1539519019
0.9990446,0.0009552397,3.3650064e-08,1.2840817e-07,0,22130,1870344236
5.667338e-05,0.23999052,0.7593797,0.00057305925,2,22253,193300844
0.00065159146,0.40308616,0.59494066,0.0013216068,2,22253,230691265
0.0015965749,0.44313973,0.55415225,0.0011114067,2,22253,1638327503
0.00058656913,0.39288303,0.60629255,0.00023777969,2,22253,47808467
2.5518804e-05,0.23943238,0.7604688,7.338976e-05,2,22253,221414555
1.7381322e-05,0.26101008,0.73893005,4.2537307e-05,2,22253,1994195689
0.3720023,0.62472004,0.0031837178,9.397863e-05,1,22321,498670445
0.01747738,0.911144,0.070900984,0.0004775995,1,22321,1034353496
0.04959491,0.9036272,0.04657201,0.0002058334,1,22321,1052964500
0.05285603,0.9372604,0.009813565,7.007916e-05,1,22321,1185349134
0.055404115,0.93102336,0.01346451,0.00010795878,1,22321,2017553878
0.0002137121,0.8369941,0.16270809,8.407653e-05,1,22330,459296727
0.00027809938,0.98718005,0.0125403395,1.5323623e-06,1,22330,1298677090
0.0005322753,0.98772335,0.01173172,1.2652385e-05,1,22330,351516461
0.00033134708,0.96099126,0.038646206,3.1127813e-05,1,22330,1475725068
3.665622e-05,0.7656793,0.23426804,1.5938374e-05,2,22359,836548015
0.0028351983,0.4753725,0.51925576,0.0025365823,2,22359,907140921
0.0005743205,0.779408,0.21996316,5.4532375e-05,2,22359,1364844215
0.00088207197,0.92013997,0.078972325,5.564049e-06,2,22359,1762445904
0.0031534242,0.9749244,0.02191257,9.676154e-06,2,22359,1894222824
0.0330859,0.3708307,0.5764331,0.019650271,2,22369,901592831
0.042550705,0.83767635,0.11948757,0.00028537476,2,22369,2100058222
2.9244824e-05,0.12138612,0.8781355,0.00044917694,2,22369,387012585
0.020525297,0.8154877,0.1637593,0.00022771084,2,22369,1235570197
6.2463434e-05,0.045679577,0.9436152,0.0106428275,2,22369,1328072139
0.023061855,0.87242955,0.10440506,0.00010357293,2,22369,2083134012
4.090409e-05,0.32758263,0.67234856,2.7945422e-05,2,22393,111587136
0.0009389198,0.82615054,0.1728884,2.2121534e-05,2,22393,677961251
0.00025959662,0.77650064,0.22321641,2.3289886e-05,2,22393,923675188
0.0013998175,0.55431485,0.4440599,0.00022541451,2,22393,169981073
4.337033e-07,0.21611403,0.78388447,1.0516004e-06,2,22393,418866686
0.0012421503,0.7684154,0.23030455,3.7950613e-05,2,22393,627354927
0.0004965085,0.2874007,0.7120357,6.711051e-05,2,22393,2082500802
9.501339e-06,0.04289331,0.95406795,0.0030291902,2,22562,168026535
1.8977116e-05,0.1627055,0.837229,4.6551948e-05,2,22562,1491977729
1.0650902e-05,0.16232628,0.83761626,4.6781897e-05,2,22562,1698906790
4.559749e-05,0.066088095,0.93110925,0.002757018,2,22562,1762637461
1.6735787e-05,0.04431653,0.9556345,3.223441e-05,2,22562,184187010
3.4191696e-06,0.018522074,0.9799273,0.0015472699,2,22562,1512279672
0.6409463,0.35509726,0.0036290598,0.0003272884,0,22653,119641830
0.03378044,0.9449209,0.021184448,0.00011420029,0,22653,668879889
0.6920185,0.3046964,0.0031171541,0.00016794997,0,22653,307520062
0.023448633,0.9587431,0.017757267,5.0938757e-05,0,22653,1517345892
0.07870278,0.90265745,0.018495927,0.00014381719,0,22653,1829316911
0.9989913,0.0010072485,1.4983144e-07,1.3326495e-06,0,22687,125769615
0.9940211,0.005976792,1.0417061e-06,1.0582802e-06,0,22687,362303403
0.97827667,0.021621393,4.076329e-05,6.1060964e-05,0,22687,765642365
0.98634076,0.013612306,1.9623967e-05,2.7301958e-05,0,22687,2123324023
0.9771136,0.022842843,3.0593852e-05,1.29774735e-05,0,22687,258947692
0.99783593,0.002162878,3.7949354e-07,8.215208e-07,0,22687,515800754
0.9575775,0.04234041,7.465042e-05,7.376844e-06,0,22687,1999772196
1.7061218e-05,0.50637233,0.49359515,1.5462036e-05,1,22703,1715720547
1.9987589e-05,0.34823063,0.651692,5.735638e-05,1,22703,2128343739
4.2048938e-05,0.40778717,0.59213525,3.550831e-05,1,22703,694656201
1.9592023e-06,0.26556048,0.7344327,4.912238e-06,1,22703,1034696973
8.945459e-06,0.00023533725,0.72567594,0.2740798,2,22766,1183214834
1.815659e-05,0.00034037975,0.7668525,0.23278889,2,22766,1253966080
1.3888541e-05,0.0013415483,0.9224228,0.07622178,2,22766,200520414
3.4457392e-07,0.008661098,0.9908737,0.00046480482,2,22766,478904995
1.3393856e-05,0.0021954528,0.88255924,0.115231924,2,22766,1144373872
3.4371035e-06,0.010267272,0.9858847,0.0038446004,2,22766,1285868936
0.00018064004,0.0013327115,0.54622525,0.45226145,2,22766,1696722394
7.2033794e-07,0.0014613126,0.9948395,0.0036984736,2,22817,918012251
8.928293e-09,0.039429527,0.96056485,5.575774e-06,2,22817,1123527498
2.4561616e-05,0.004659616,0.98900664,0.00630916,2,22817,625895875
1.8077168e-05,0.003187355,0.8423168,0.15447775,2,22817,950063228
0.043043107,0.94822663,0.008696982,3.334469e-05,1,22826,690125725
0.047736432,0.9219464,0.03016718,0.00014986489,1,22826,1161526333
0.012067417,0.9644956,0.023416048,2.0886386e-05,1,22826,419140975
0.022119839,0.9609634,0.016903257,1.3557719e-05,1,22826,907556597
0.11162432,0.8554886,0.032746203,0.00014080014,1,22826,1624383188
7.3783725e-05,0.7532522,0.24666585,8.159178e-06,1,22860,1938449367
9.406487e-06,0.7421425,0.2578452,2.9332516e-06,1,22860,2025091558
0.157747,0.80389184,0.037992947,0.0003681817,1,22860,211811677
0.00043978382,0.91211367,0.08743882,7.710751e-06,1,22860,768375237
0.31349343,0.6845425,0.001908827,5.527234e-05,1,22937,179977289
0.19803265,0.7909818,0.010828563,0.00015698344,1,22937,1051182396
0.13529055,0.86212283,0.002525482,6.1124214e-05,1,22937,455627632
0.40486693,0.59275883,0.0023249967,4.919047e-05,1,22937,1930272915
0.00023288105,0.5800397,0.41960794,0.00011947879,1,23082,1066840569
1.4747586e-05,0.5208388,0.47913834,8.148446e-06,1,23082,2028845048
0.00011375083,0.4833793,0.51642716,7.979707e-05,1,23082,175796559
5.0992358e-06,0.19858019,0.80132675,8.79783e-05,1,23082,775905981
1.8473e-07,0.2979571,0.7020404,2.3606663e-06,1,23128,752293679
0.000114658746,0.34344918,0.65603113,0.00040500652,1,23128,1339357847
9.961347e-06,0.6383486,0.36162907,1.2388635e-05,1,23128,154651696
8.7646054e-05,0.68131614,0.31856525,3.0968247e-05,1,23128,1356437896
1.1882436e-05,0.64337254,0.35660726,8.286366e-06,1,2317,1115643101
3.0078805e-05,0.47793558,0.52196336,7.101659e-05,1,2317,1935829544
2.9995263e-05,0.12554003,0.8734471,0.0009828852,1,2317,159628149
8.5965934e-07,0.15770106,0.842284,1.4045845e-05,1,2317,1551743306
0.0006335187,0.110833675,0.8769739,0.011558924,2,23338,675194585
0.0009975313,0.062234297,0.8711421,0.065626055,2,23338,1032653021
0.078180075,0.39628363,0.46672273,0.058813557,2,23338,1395631511
0.023179246,0.41187164,0.5581197,0.006829381,2,23338,1986793649
0.0019579942,0.35925385,0.6259797,0.012808369,2,23338,787652499
3.3975866e-05,0.06551539,0.9336876,0.0007629946,2,23338,917833421
0.0001280577,0.07041878,0.922395,0.0070581282,2,23338,1514395554
0.014228668,0.34628236,0.6210565,0.018432397,2,23338,1626114519
0.00026056706,0.14521651,0.85299927,0.0015237087,2,23338,1779521402
1.8440639e-07,0.014105321,0.98583674,5.768223e-05,2,23344,661352576
4.0771145e-08,0.007094539,0.99289,1.5498976e-05,2,23344,1029939477
6.6476746e-06,0.018213265,0.9806426,0.0011374438,2,23344,1456038172
4.1752392e-07,0.0039930316,0.9933435,0.0026630063,2,23344,1416093920
1.7601866e-05,0.045735452,0.9527466,0.0015003709,2,23344,1485759556
2.1258718e-05,0.03375153,0.9640155,0.0022117444,2,23344,1926946495
0.16690522,0.82322603,0.00971767,0.00015117534,1,23345,445421651
0.13955535,0.85123104,0.00918302,3.0558134e-05,1,23345,2048604577
0.00047590508,0.96481043,0.034711078,2.5736938e-06,1,23345,2106686626
0.38675222,0.5930072,0.019702127,0.0005384374,1,23345,1254266003
0.6665416,0.3312096,0.0021892237,5.9659225e-05,1,23345,1791547904
0.002593946,0.9645453,0.03285012,1.0623781e-05,1,23345,2146141205
0.00025797694,0.004768518,0.2435674,0.75140613,2,23419,665997729
8.7256485e-05,0.015154172,0.85769784,0.12706077,2,23419,919331182
0.002179901,0.1829578,0.7952924,0.01956991,2,23419,1205359306
0.00020899437,0.036989648,0.88027906,0.08252228,2,23419,1776833694
0.00027151004,0.07243794,0.8846348,0.042655744,2,23419,949631286
0.00071752747,0.05921229,0.8808077,0.059262402,2,23419,1302446422
0.024937242,0.2204169,0.63785326,0.11679263,2,23419,1428980376
0.0001855368,0.111910924,0.87905574,0.008847799,2,23419,1640890791
0.0005149685,0.001889585,0.9399916,0.05760384,2,23540,1436996388
0.00036464157,0.001009186,0.8756375,0.1229887,2,23540,1911180846
5.4054613e-05,0.0009936764,0.9296418,0.06931043,2,23540,2040462482
0.00022593775,0.00052299583,0.5401786,0.45907244,2,23540,392067061
8.651485e-05,0.00034866497,0.61930764,0.3802572,2,23540,793836288
7.703573e-06,1.1716909e-05,0.13843681,0.8615438,2,23540,1287075444
9.06221e-05,0.00014567416,0.28709772,0.7126659,2,23540,1670754453
9.0807663e-07,0.004849213,0.9941413,0.0010085681,2,23608,471010287
3.3315214e-08,0.003967012,0.9960169,1.6044203e-05,2,23608,891637304
2.6085954e-07,0.00733466,0.99249697,0.00016818386,2,23608,243955895
2.9235406e-07,0.025405016,0.97440594,0.00018866971,2,23608,939842535
5.5996195e-05,0.3721572,0.62768894,9.788092e-05,1,23643,694225462
5.252722e-06,0.1675386,0.8323889,6.725723e-05,1,23643,1879604768
3.823776e-05,0.24687533,0.75279725,0.00028914068,1,23643,366903286
3.036577e-06,0.039622713,0.96030575,6.838214e-05,1,23643,966753341
9.811913e-06,0.0002818111,0.6946421,0.30506626,2,23652,266998934
1.0407962e-05,0.00030177057,0.3444912,0.6551965,2,23652,699161877
9.203152e-07,6.923154e-05,0.8202583,0.17967156,2,23652,1033355998
2.446946e-06,0.0012605202,0.9926132,0.006123786,2,23652,1688319449
0.36565652,0.62622863,0.0078839315,0.00023099524,0,23798,40756199
0.025505647,0.90811306,0.066277,0.00010430548,0,23798,1205643916
0.16127685,0.8124531,0.025932271,0.0003377905,0,23798,157871832
0.39743453,0.57949305,0.022320021,0.0007523821,0,23798,1476068626
0.26239923,0.73005325,0.0074388874,0.00010872741,0,23798,1735232732
1.2119065e-06,0.5770421,0.42295566,9.803065e-07,2,23862,114504506
6.314004e-06,0.57484156,0.42515025,1.836609e-06,2,23862,1423954497
2.2191045e-06,0.39455232,0.60544133,4.0384252e-06,2,23862,249158083
6.419265e-06,0.40192756,0.59806037,5.602011e-06,2,23862,796803972
4.0159268e-08,9.332493e-06,0.9937843,0.006206397,2,23909,277523961
2.0627988e-07,0.00016711149,0.99575704,0.004075553,2,23909,2078079301
6.7258895e-07,6.421526e-05,0.9890115,0.01092357,2,23909,985491328
2.6954924e-06,6.942631e-05,0.9292597,0.07066819,2,23909,1087001112
3.0332442e-06,0.0031471492,0.9597541,0.037095595,2,23940,1099649351
6.1887754e-06,7.2481635e-05,0.25272402,0.7471973,2,23940,1308267993
6.5490276e-06,0.00012379035,0.2671239,0.7327457,2,23940,197756162
1.702346e-05,0.0001879613,0.26882473,0.7309703,2,23940,2008553925
6.6074995e-06,0.004633697,0.99414825,0.0012113993,2,24086,55778582
7.431142e-06,0.024835128,0.97465444,0.0005030143,2,24086,984393876
4.165885e-08,0.018102791,0.9818949,2.3628697e-06,2,24086,1522411976
3.9986022e-05,0.004426208,0.989007,0.006526867,2,24086,320934778
0.00011789982,0.0023174232,0.98174185,0.015822893,2,24086,795016809
1.3950184e-06,0.0005281518,0.9937664,0.0057039424,2,24086,1496834430
5.159361e-05,0.0017473063,0.088735886,0.90946513,3,24121,227876514
3.957321e-06,1.35743985e-05,0.019503744,0.9804787,3,24121,1297059693
4.075217e-07,8.554241e-06,0.028370753,0.97162026,3,24121,193725339
9.870552e-07,5.734933e-06,0.022887273,0.9771061,3,24121,1047449999
8.236351e-06,0.00017373986,0.19037329,0.80944467,3,24121,1103401820
1.353734e-05,0.00010130296,0.099787295,0.9000979,3,24121,1666141346
1.1512226e-05,0.0027715957,0.9573768,0.03984015,2,24141,1066710235
1.3820634e-05,0.00031502752,0.26282465,0.7368465,2,24141,1349153465
5.7725254e-07,1.1240276e-05,0.10695207,0.8930361,2,24141,264121965
1.1787632e-06,2.0197134e-05,0.20457356,0.7954051,2,24141,1584076835
0.68497866,0.31370547,0.0012191127,9.669129e-05,1,24204,310760509
0.5459023,0.4461351,0.007760912,0.00020164145,1,24204,895229633
0.66029096,0.33443213,0.00488085,0.0003960986,1,24204,1461309443
0.18036509,0.8163007,0.0032786045,5.5699686e-05,1,24204,1948164128
0.45590547,0.5404455,0.003451536,0.00019744904,1,24204,447215002
0.8316395,0.16724096,0.0009566791,0.00016286888,1,24204,1638544593
0.76127446,0.2358802,0.0025510734,0.00029425567,1,24204,1640250691
0.51168114,0.48254135,0.0054124757,0.00036504088,1,24204,1991399451
1.973443e-05,0.09395753,0.9019736,0.0040491093,2,24233,322305519
0.00010371811,0.0022217336,0.817527,0.18014756,2,24233,505255398
6.4534825e-06,0.0009709899,0.9864116,0.012610911,2,24233,249829419
1.6876322e-05,0.052725546,0.94309366,0.0041639204,2,24233,1763862116
0.0022603322,0.20559327,0.7887905,0.003355881,2,24243,404518975
1.1514413e-05,0.014153222,0.9850684,0.00076683366,2,24243,1893171117
5.2476986e-05,0.42632544,0.5735966,2.5581121e-05,2,24243,1915026110
0.0020849179,0.47697058,0.5204424,0.00050209917,2,24243,688580795
6.967506e-05,0.6652215,0.33470324,5.5369155e-06,2,24243,1357878426
6.8527e-06,0.06508767,0.9348047,0.00010083847,2,24243,1482751222
0.0045576342,0.88913345,0.10618929,0.00011957719,1,24269,152851346
0.0010656175,0.97231877,0.026613409,2.2144002e-06,1,24269,760258995
0.00959536,0.7792786,0.20986834,0.0012577757,1,24269,1313972129
0.014285962,0.95182276,0.03385168,3.959048e-05,1,24269,2114118593
0.95504063,0.04493067,2.4645551e-05,4.136777e-06,0,24298,893078519
0.96505916,0.034923185,1.1469407e-05,6.1792966e-06,0,24298,1675612540
0.99019605,0.00980142,1.5653831e-06,9.954214e-07,0,24298,767079749
0.94864804,0.051274646,6.4832675e-05,1.2479217e-05,0,24298,1099920497
8.5653014e-08,0.2206313,0.7793649,3.769105e-06,2,24310,137039509
0.00012855789,0.53709304,0.46245286,0.00032553184,2,24310,418038517
0.0003098656,0.26428288,0.72990096,0.0055063404,2,24310,625697618
4.5133506e-06,0.1430571,0.85638183,0.00055654417,2,24310,169573827
1.0631833e-05,0.2453156,0.7545217,0.00015212248,2,24310,1234603388
6.7133055e-06,0.28481314,0.7151517,2.8460498e-05,2,24336,741271206
5.4796474e-05,0.24750996,0.752381,5.4216056e-05,2,24336,762019464
0.00029454925,0.18506679,0.81363857,0.0010000906,2,24336,1860912111
0.0004477004,0.6748362,0.32465914,5.6987865e-05,2,24336,600165706
0.0012466856,0.80917656,0.18943349,0.00014324288,2,24336,1293986007
8.1542974e-05,0.35500434,0.644857,5.7060148e-05,1,24432,206265254
2.4232844e-05,0.35356572,0.6463313,7.870799e-05,1,24432,425102640
3.5280453e-05,0.10035485,0.89703095,0.0025789195,1,24432,827138876
3.571908e-08,0.060401436,0.939596,2.5259583e-06,1,24432,1308110398
4.054516e-05,0.6868674,0.31308624,5.85194e-06,1,24547,541986614
2.3269957e-05,0.5946682,0.40530404,4.451784e-06,1,24547,1601378533
0.003855922,0.9374893,0.058638074,1.6769252e-05,1,24547,1255665594
0.022832207,0.947538,0.029584715,4.508007e-05,1,24547,2053483061
0.0009839967,0.14754578,0.8465728,0.0048974194,2,24553,179593899
0.0043018917,0.05384466,0.52372074,0.41813272,2,24553,498259559
6.496878e-05,0.09433414,0.90429425,0.0013066102,2,24553,742734272
0.00015196003,0.009983515,0.8890945,0.100770034,2,24553,810528820
0.0044053607,0.25206846,0.7368268,0.0066993833,2,24553,152999581
0.01125159,0.16425239,0.7543627,0.070133395,2,24553,510349153
0.0024310579,0.24179044,0.74498427,0.010794259,2,24553,714234152
0.0036143067,0.16330759,0.8254427,0.007635367,2,24553,1166874654
1.5606462e-05,0.0010290194,0.98850316,0.010452285,2,24557,240659199
1.4455545e-05,0.0012954284,0.9951439,0.0035462242,2,24557,526549687
0.00012521869,0.0022268353,0.80654985,0.19109814,2,24557,1190427783
9.872369e-05,0.0036614458,0.8906075,0.10563227,2,24557,7345871
0.00036228157,0.0032288725,0.89925504,0.097153746,2,24557,534896684
0.5952497,0.40101182,0.0036074775,0.00013100583,1,24564,1095396480
0.17303202,0.82447845,0.0024642714,2.5236362e-05,1,24564,1109475818
0.8288614,0.17048912,0.00058533787,6.4089276e-05,1,24564,360716168
0.3096076,0.6793263,0.01053275,0.000533385,1,24564,1638694017
5.644596e-06,0.03499839,0.9649365,5.9467515e-05,2,24566,453137519
1.1792643e-07,0.035161126,0.9648363,2.491799e-06,2,24566,2113818633
1.6302828e-07,0.00069244084,0.99906856,0.0002388882,2,24566,182623219
2.2867275e-06,0.0014501321,0.9970739,0.0014737018,2,24566,942041246
4.7291496e-06,0.022727782,0.9766593,0.00060811115,2,24581,111454965
6.286649e-06,0.01779516,0.9733663,0.008832242,2,24581,882925909
1.1724756e-05,0.006058429,0.9462659,0.047664005,2,24581,726573843
0.0005264556,0.03312266,0.73358274,0.23276813,2,24581,1234748992
0.010052512,0.7411721,0.24831364,0.00046175145,1,24585,8122367
0.0009665205,0.79627043,0.2027073,5.5763954e-05,1,24585,168221615
0.10594225,0.7899071,0.10324869,0.0009019503,1,24585,487375159
0.016823856,0.86282045,0.120182626,0.00017302821,1,24585,480456805
0.00029693288,0.9192203,0.08046577,1.6981145e-05,1,24585,1405513413
0.01739082,0.8815284,0.10061493,0.00046582305,1,24585,1431346577
0.013621226,0.3400002,0.616475,0.029903598,2,24599,173454910
6.6500426e-05,0.0041149417,0.2936952,0.70212334,2,24599,1259645023
0.22257265,0.5986734,0.14204295,0.03671108,2,24599,1410242946
0.00064903154,0.059596226,0.87855184,0.06120287,2,24599,1946658043
0.00016899097,0.0064047123,0.48314524,0.5102811,2,24599,302397459
0.45139456,0.45245403,0.073393956,0.0227575,2,24599,1074357139
0.00038668205,0.22448607,0.77099514,0.00413213,2,24599,1183857547
0.02608048,0.3575104,0.58330715,0.033101972,2,24599,1794254610
4.0743788e-07,6.396939e-07,0.0049139066,0.99508506,3,24636,1118092364
4.9063548e-08,5.7615924e-08,0.010808134,0.98919183,3,24636,1684930922
2.0544456e-05,4.288666e-05,0.03268882,0.9672477,3,24636,1080914793
2.9485234e-06,1.3311067e-06,0.0015592998,0.9984364,3,24636,1483474091
0.9798672,0.020087782,1.7300466e-05,2.7763483e-05,0,24644,252013216
0.9791901,0.020771757,1.4960461e-05,2.3192815e-05,0,24644,1383830113
0.9386916,0.060826894,0.00033379468,0.00014769254,0,24644,249677
0.9648882,0.035068937,2.6441892e-05,1.6374706e-05,0,24644,636410662
0.9319963,0.0677868,0.00013768928,7.921193e-05,0,24644,1217832977
0.005511134,0.94270056,0.05177133,1.69827e-05,0,24710,1328485202
0.29345012,0.69883037,0.007648377,7.1103925e-05,0,24710,1923389718
0.034951743,0.9373486,0.027646152,5.3491083e-05,0,24710,336101230
0.32437468,0.6624899,0.012888796,0.00024666966,0,24710,1021618321
0.14368461,0.83967555,0.016467085,0.00017279356,0,24710,1666777642
4.749533e-06,0.51880664,0.4811814,7.1635695e-06,2,24782,288765902
1.9247675e-05,0.17515987,0.8247051,0.00011569362,2,24782,736217997
6.0244565e-07,0.011282185,0.98869765,1.9559742e-05,2,24782,743119245
5.701034e-07,0.01259781,0.9873953,6.304878e-06,2,24782,1029331922
1.4659731e-05,0.1345467,0.86529684,0.00014183052,2,24782,1987965672
0.2287334,0.7638399,0.0073211063,0.00010558193,1,24823,941419694
0.119190015,0.8434255,0.03725015,0.00013435831,1,24823,1879228124
0.029707769,0.90967274,0.060487308,0.00013214395,1,24823,2115046188
5.1508014e-05,0.45889908,0.54103637,1.3029589e-05,1,24823,1967002780
5.566073e-07,0.57343984,0.42655906,5.2244457e-07,1,24823,1983512783
4.8308484e-06,1.1495908e-05,0.112909615,0.88707405,2,24824,823790196
1.3217861e-05,1.2584215e-05,0.07087807,0.9290961,2,24824,1922374111
2.9997316e-05,0.00022346155,0.5366145,0.46313205,2,24824,309785457
1.4644516e-07,1.1709644e-06,0.14962004,0.8503786,2,24824,441263160
0.00035665484,0.025957407,0.8115731,0.16211282,2,24845,1201333226
0.0012269448,0.04242693,0.67314214,0.28320396,2,24845,1419558211
0.0022126487,0.104895756,0.7775532,0.11533844,2,24845,1551910843
0.00072235364,0.11297854,0.7929109,0.09338821,2,24845,1642793937
0.00048980257,0.004033319,0.2507981,0.7446788,2,24845,404790901
0.0004932826,0.045607843,0.7993039,0.15459493,2,24845,1707799086
0.00076105836,0.018901031,0.5680141,0.41232377,2,24845,1812239773
0.0001501942,0.05200929,0.8616493,0.086191304,2,24845,2051486099
3.0427623e-07,0.0039617643,0.99525636,0.0007815015,2,24887,1500094188
2.0857751e-08,5.8712503e-05,0.9990268,0.00091454526,2,24887,2002265115
9.5797134e-08,0.00039791115,0.9987539,0.00084805186,2,24887,134062349
2.0617476e-06,0.0019370021,0.97402817,0.024032725,2,24887,486884967
0.009906762,0.7256374,0.26434994,0.000105925516,0,24906,511490556
0.06817551,0.80397695,0.12647268,0.0013748364,0,24906,822683321
0.030651461,0.7551014,0.2096262,0.0046209465,0,24906,1204289874
0.047100782,0.80317014,0.14732625,0.0024028374,0,24906,1527195043
0.5539385,0.44167566,0.004280527,0.00010535952,1,25101,14100413
0.68429565,0.3119897,0.0033857778,0.00032889412,1,25101,94746098
0.2723773,0.7233689,0.0041155824,0.00013825018,1,25101,1260330255
0.30423725,0.6904599,0.0052407826,6.2032115e-05,1,25101,337080086
0.85323375,0.14655165,0.00020369673,1.0799394e-05,1,25101,1382430597
0.027886553,0.9428768,0.029049622,0.0001869802,1,25101,1693107430
3.962642e-07,1.4235795e-06,0.008282111,0.9917161,3,25114,616148738
9.3849725e-05,0.003426615,0.55685854,0.439621,3,25114,1766504123
0.00061897625,0.0029033127,0.09897932,0.8974984,3,25114,730039852
0.00016879784,0.0011992702,0.16834418,0.83028775,3,25114,1080096064
0.0010118786,0.020136986,0.712241,0.26661006,3,25114,1668839768
1.6834985e-06,0.0018213751,0.9954472,0.0027297293,3,25129,1158149796
3.248554e-06,0.013307646,0.9864305,0.00025857653,3,25129,1649171056
3.388332e-05,0.0005209831,0.8206536,0.17879157,3,25129,519670691
2.3225306e-05,0.0020767574,0.98944736,0.00845258,3,25129,1786467280
5.7348147e-06,0.00016416128,0.9560287,0.043801438,3,25129,1846317500
0.0022757282,0.42746857,0.56895757,0.0012981648,2,25325,812789747
0.029546436,0.6035317,0.36313856,0.0037833224,2,25325,880801637
0.0050065913,0.39117798,0.60134697,0.0024684807,2,25325,155851844
0.0015789598,0.15155475,0.834975,0.011891365,2,25325,1082350590
0.00018963397,0.0545772,0.78285664,0.16237651,2,25369,1680253835
0.00014425356,0.15433988,0.84130335,0.0042125043,2,25369,1854899389
0.00030928754,0.2600882,0.73564845,0.003954032,2,25369,821681566
3.688488e-05,0.002278967,0.110745415,0.88693875,2,25369,1134675907
0.07287421,0.8808977,0.046042617,0.00018543788,1,25378,143027758
0.00013433301,0.5627238,0.43704936,9.251876e-05,1,25378,1513491731
0.005128069,0.7164915,0.27677542,0.0016049825,1,25378,243994735
0.015795005,0.88868904,0.09507515,0.0004408569,1,25378,577782072
0.07759869,0.8394994,0.08048617,0.002415724,1,25378,1720792604
0.11416842,0.8408882,0.04427806,0.000665327,1,25378,1998989904
9.3611584e-07,0.0919342,0.90804785,1.7001825e-05,2,25402,1344686282
4.665582e-06,0.03991075,0.959947,0.00013760285,2,25402,1692762920
3.0643405e-06,0.07665613,0.9233106,3.0198908e-05,2,25402,1827476451
2.1445625e-07,0.00064395997,0.9982798,0.0010760558,2,25402,353757771
9.736644e-09,0.0022741966,0.9977208,4.9870523e-06,2,25402,633102402
0.10549584,0.85332733,0.0408175,0.0003592981,1,25433,608031823
0.009328163,0.847264,0.14278163,0.0006262588,1,25433,1979131702
0.0012250381,0.6263841,0.3717165,0.000674337,1,25433,165655136
0.0005442169,0.55098736,0.44808248,0.0003859429,1,25433,1214122943
0.00019032974,0.4775166,0.52225804,3.509178e-05,2,25456,1743606971
0.0020977748,0.7512392,0.24645384,0.00020920078,2,25456,2038389150
0.026820008,0.6638495,0.30787545,0.0014549872,2,25456,948703286
0.0035781737,0.6262326,0.36939746,0.0007917427,2,25456,1572195615
4.0859734e-07,0.00030649133,0.99854517,0.0011480345,2,25478,155391196
1.2469013e-05,0.0011314655,0.9788802,0.01997582,2,25478,767154727
1.3384283e-06,0.0003416853,0.98967475,0.0099823,2,25478,1415857117
3.5201087e-06,0.0003998971,0.95999676,0.0395998,2,25478,1858484914
0.6726896,0.32490405,0.002155841,0.00025050063,1,2552,189350088
0.644426,0.35493314,0.0005934379,4.7394522e-05,1,2552,675625291
0.53926575,0.45612782,0.004259973,0.0003464536,1,2552,698117587
0.4153246,0.5782286,0.0061909216,0.0002558842,1,2552,1536859701
0.35137177,0.6443801,0.004160069,8.808823e-05,1,2552,223054388
0.24994056,0.74285424,0.006901432,0.0003037238,1,2552,1550160521
0.00036059378,0.64889586,0.35066175,8.173716e-05,1,25520,465605442
4.0032965e-06,0.03900519,0.9609718,1.8977395e-05,1,25520,1880976133
0.00090761075,0.57617855,0.42278177,0.00013206174,1,25520,1789863177
0.0014316855,0.7041078,0.2943449,0.000115679504,1,25520,1987243243
0.00034297814,0.67198503,0.32755446,0.00011756118,1,25520,2053615556
0.9799809,0.019986838,1.7832484e-05,1.4431549e-05,0,25538,1408139656
0.9793723,0.020584427,2.9760691e-05,1.3482282e-05,0,25538,1944203904
0.9704367,0.029422494,6.0558505e-05,8.033579e-05,0,25538,1608814541
0.98574907,0.0142411105,6.3786765e-06,3.5616117e-06,0,25538,1922513800
7.673879e-07,0.0040638885,0.99582714,0.000108190165,2,2564,1653694497
8.1066764e-07,0.008896972,0.99082047,0.00028171038,2,2564,2109685949
5.5323286e-05,0.004679893,0.98725975,0.008004991,2,2564,1425372395
8.8484306e-08,0.014150741,0.98583776,1.13508995e-05,2,2564,1570678080
0.012089066,0.8925002,0.09508963,0.00032113938,1,25682,221546864
0.0015268999,0.8711288,0.12723508,0.000109251516,1,25682,1585911173
0.0011131582,0.9370521,0.061765257,6.951005e-05,1,25682,44154240
0.0023231858,0.9285378,0.06904615,9.28465e-05,1,25682,106935677
0.26977524,0.7084791,0.021425633,0.00031999502,1,25682,212372161
0.000109066445,0.011154891,0.9781149,0.010621124,2,25709,1082753612
2.0407663e-06,0.008953015,0.9900317,0.0010132984,2,25709,1410656943
1.0785629e-05,0.00039735844,0.84734,0.1522519,2,25709,1643117062
0.00029445384,0.199024,0.80029875,0.00038285687,2,25709,1256103511
9.2552483e-07,0.16841067,0.8315855,2.9051407e-06,2,25709,1532085069
0.7566578,0.24261746,0.00069668033,2.8030718e-05,0,25745,947265919
0.8499613,0.14524554,0.0031447578,0.0016483663,0,25745,2031824097
0.9278255,0.07159408,0.00046380612,0.00011665963,0,25745,2097469480
0.45121258,0.54211384,0.0065803016,9.327859e-05,0,25745,2117402068
1.943747e-06,0.0949229,0.9050565,1.8671266e-05,2,25806,78611385
0.00031755038,0.042090382,0.93999946,0.017592542,2,25806,711574313
1.1436888e-05,0.10431946,0.8954699,0.00019917556,2,25806,1256593958
0.00018822512,0.0092990305,0.84193945,0.1485733,2,25806,689611791
7.685533e-06,0.03838037,0.9614071,0.00020476966,2,25806,1439055056
1.4206464e-06,0.03894104,0.96096706,9.060197e-05,2,25806,1479620796
0.81040394,0.1874997,0.0019458728,0.00015046659,1,25972,692892617
0.96748155,0.03246623,2.5941232e-05,2.6199352e-05,1,25972,2009178043
0.9515995,0.048217125,9.706346e-05,8.62836e-05,1,25972,187852427
0.9603686,0.039568715,3.7145823e-05,2.5603758e-05,1,25972,195615028
0.9648439,0.035143632,8.5625115e-06,3.851426e-06,1,25972,1202061797
0.08807888,0.8979018,0.013970275,4.898867e-05,1,26006,301874408
0.22889067,0.7611358,0.009891648,8.181618e-05,1,26006,537536205
0.10662363,0.869298,0.023900097,0.00017831051,1,26006,522621343
0.44799098,0.5464484,0.005457146,0.000103495135,1,26006,640844088
2.707868e-07,0.024897104,0.975087,1.5684034e-05,2,26038,813152296
3.7882856e-08,0.0053848284,0.9946062,8.968493e-06,2,26038,1455635064
1.0348357e-06,0.01118424,0.9886044,0.00021025098,2,26038,1559991199
1.0486011e-06,0.0067155045,0.9929824,0.00030106533,2,26038,1758716241
0.13133538,0.8442657,0.024277933,0.00012100583,1,26059,821636830
0.055984545,0.92467356,0.019295895,4.59507e-05,1,26059,888248312
0.35771444,0.6303786,0.011728734,0.00017826121,1,26059,1296175004
0.8837313,0.1152839,0.00080342527,0.00018141686,1,26059,236604157
0.7650609,0.23195189,0.002678973,0.0003082832,1,26059,702102734
8.287632e-06,0.13623822,0.8637015,5.1947445e-05,2,2606,230673267
2.8300235e-07,0.30990854,0.69008964,1.6177382e-06,2,2606,824029134
4.5911406e-06,0.11251794,0.88741696,6.0499493e-05,2,2606,1300332380
2.8075285e-06,0.039684534,0.9597866,0.0005259397,2,2606,72547626
7.091529e-07,0.023480268,0.97643584,8.319225e-05,2,2606,477871193
1.1187184e-06,0.038028415,0.961857,0.000113419206,2,2606,1243766254
7.143112e-09,0.00044419293,0.9995147,4.1083105e-05,2,2612,767222515
6.698466e-10,0.00016071644,0.999826,1.3246923e-05,2,2612,2146340154
5.137499e-07,0.0020954872,0.9931665,0.004737549,2,2612,329275852
1.0601474e-07,0.00054280093,0.9986551,0.000801966,2,2612,1802348073
6.785141e-08,1.0282512e-05,0.91939783,0.08059174,2,26180,451900759
2.8901476e-07,0.00022899864,0.99883956,0.00093120855,2,26180,828420970
1.177786e-08,0.00030278834,0.99962187,7.526036e-05,2,26180,387635631
5.984727e-08,2.3520037e-05,0.99715036,0.0028260269,2,26180,1176748917
2.915037e-06,0.43216413,0.5678237,9.291451e-06,2,26255,2011905059
2.944033e-08,0.14921343,0.85078627,2.7911994e-07,2,26255,2072472746
6.79848e-05,0.4775646,0.5222219,0.00014549682,2,26255,189228751
1.4100648e-06,0.1532661,0.846719,1.3395888e-05,2,26255,354941283
4.9591285e-06,0.043191236,0.9566218,0.00018204443,2,26333,156475979
1.0610401e-05,0.007597683,0.99160916,0.0007825187,2,26333,962405425
3.3139238e-06,0.00074177707,0.99752027,0.0017346268,2,26333,223941345
7.707313e-07,0.019917786,0.97994,0.0001413244,2,26333,795558910
8.439666e-05,0.016969718,0.9414177,0.041528206,1,26390,867784405
0.00045769362,0.0066476734,0.38433528,0.6085594,1,26390,970226926
0.00338382,0.28746426,0.70392686,0.005225044,1,26390,1093399568
0.0012471492,0.20124839,0.794737,0.0027674518,1,26390,1636089777
0.003668233,0.1673616,0.78678143,0.04218878,1,26390,28051321
0.001680147,0.15892568,0.7025044,0.13688977,1,26390,331723521
1.4565503e-06,0.00087130803,0.9937663,0.005360985,2,26414,1113060686
4.7339557e-07,0.0025495437,0.9970318,0.0004181181,2,26414,1337534167
2.3653165e-05,0.0028727886,0.99233925,0.004764239,2,26414,1347673116
8.810277e-08,0.0032273936,0.9967235,4.907867e-05,2,26414,137755250
1.8621009e-07,0.00024385583,0.99934036,0.00041550086,2,26414,1249877771
3.1873196e-07,0.0052055325,0.99453086,0.00026331854,2,26414,1568618766
5.7726407e-05,0.05667501,0.9412624,0.0020049072,2,26528,947382743
0.00057459215,0.115522124,0.87773794,0.0061654355,2,26528,1072085703
3.6914993e-05,0.025208691,0.9676117,0.00714273,2,26528,545901570
3.1541178e-05,0.1450788,0.85472834,0.000161255,2,26528,1576591939
0.007751503,0.8013408,0.19075921,0.00014843477,1,26536,480882746
0.0009088865,0.89030343,0.10877014,1.75265e-05,1,26536,899723978
0.0002950445,0.5150065,0.48461238,8.6054104e-05,1,26536,225907939
0.00015680103,0.6761201,0.32370386,1.9248408e-05,1,26536,1615891373
0.07523317,0.8939568,0.030571904,0.00023816372,0,26549,95934556
0.79624254,0.20309864,0.00062282727,3.594515e-05,0,26549,681546408
0.22837546,0.7591775,0.012287808,0.00015922918,0,26549,738936187
0.094267465,0.87540394,0.03013659,0.00019202792,0,26549,995072313
0.061982445,0.83713865,0.10006432,0.00081465417,0,26549,1360842400
0.33079463,0.6450578,0.0233657,0.00078178383,0,26549,1906953729
0.07198947,0.85717994,0.070562944,0.00026765434,0,26549,17400580
0.5111763,0.47828525,0.0102635035,0.0002749586,0,26549,378928624
0.42247617,0.53954256,0.037414797,0.0005664388,0,26549,1281683145
0.1487947,0.8136561,0.03721149,0.00033775863,0,26549,1856697966
0.5014383,0.49221456,0.006172839,0.00017431793,0,26549,1956122416
0.8533547,0.14528286,0.0012076147,0.00015480812,0,26549,2099231071
0.000884462,0.22394845,0.774057,0.0011101423,2,26748,168282797
0.114083216,0.3057649,0.3938839,0.18626797,2,26748,236907246
0.0047270423,0.35628742,0.6048229,0.034162696,2,26748,562266253
0.0009518858,0.19281785,0.8040359,0.0021943438,2,26748,1650577718
0.00022584196,0.12901269,0.8465554,0.024206072,2,26748,1934143942
0.00020671177,0.04531223,0.8570495,0.09743159,2,26748,360024949
0.00018449468,0.123507984,0.8751726,0.0011349701,2,26748,1729225013
0.048027527,0.05654656,0.12935881,0.7660671,2,26748,1873036918
3.5004236e-05,0.08026849,0.9189133,0.0007831621,2,26748,2122327268
4.781385e-07,0.17447805,0.8254916,2.9870247e-05,2,2676,312067845
7.4342114e-07,0.0006835378,0.99427754,0.005038258,2,2676,1287196502
2.061747e-05,0.0018624949,0.84154314,0.15657373,2,2676,118903240
6.636485e-07,7.238013e-05,0.94515723,0.054769676,2,2676,1713941648
0.0027294226,0.58928967,0.40742517,0.0005557528,1,26832,191973146
0.71247476,0.26925334,0.00827224,0.009999603,1,26832,300167648
0.22463836,0.5828225,0.18286957,0.009669588,1,26832,493992791
0.040180832,0.6122814,0.34533283,0.0022049288,1,26832,624651677
0.055176303,0.8029488,0.14159445,0.00028045234,1,26832,1151334492
0.61841816,0.3662699,0.013845805,0.0014661567,1,26832,1800930670
0.9033624,0.09503684,0.0009878946,0.0006128322,1,26832,1845254356
0.11219645,0.67556494,0.21089646,0.0013421656,1,26832,894812318
0.0055652913,0.6652904,0.3288462,0.00029814028,1,26832,1341469282
0.042015675,0.75306505,0.20282407,0.0020952106,1,26832,1371729737
0.2673589,0.5231831,0.19738035,0.012077652,1,26832,1527312265
0.00899133,0.7560305,0.23480074,0.00017741311,1,26832,1666694097
0.80235046,0.19651383,0.0009977078,0.00013798475,0,26842,656562167
0.8937603,0.10590678,0.00022545712,0.00010750497,0,26842,1886884214
0.8879054,0.11184875,0.00021681575,2.9070912e-05,0,26842,2128022045
0.68799764,0.30726236,0.004252891,0.00048702542,0,26842,534424516
0.8995597,0.10009201,0.00027438116,7.390703e-05,0,26842,639363121
0.7964043,0.2032492,0.00030477834,4.175899e-05,0,26842,1996747001
0.00010327619,0.6608088,0.33907944,8.522219e-06,1,26889,1973964276
0.043279555,0.9105423,0.046066202,0.00011196401,1,26889,1999736519
1.2346786e-05,0.61899537,0.38098884,3.3730325e-06,1,26889,810457461
0.00011679921,0.48264065,0.51719034,5.2208045e-05,1,26889,2016437426
1.14304e-06,0.081533186,0.91843927,2.6471664e-05,2,26924,736214843
3.7646903e-06,0.11639243,0.8829804,0.0006233876,2,26924,1104374505
4.1669168e-08,0.0064687314,0.99348205,4.9164184e-05,2,26924,491983842
5.721872e-05,0.17875789,0.819493,0.0016918429,2,26924,2103397352
0.50729996,0.49118116,0.0014847534,3.4118646e-05,1,27039,627690153
0.031189121,0.92041266,0.048179425,0.00021879602,1,27039,914766396
0.70513463,0.29427502,0.00054983096,4.052407e-05,1,27039,1613344301
0.25415695,0.72524285,0.019904656,0.0006955571,1,27039,804941903
0.0009914323,0.94659674,0.052389566,2.2208014e-05,1,27039,820505318
0.19179913,0.8016863,0.006408891,0.000105671505,1,27039,871528943
0.037373982,0.95126945,0.011260662,9.590595e-05,1,27039,1392019691
0.008523019,0.866178,0.12486042,0.00043864877,1,27039,1564350780
1.3153424e-07,0.41335857,0.586641,2.7008898e-07,1,27066,67496037
0.00016187887,0.6636138,0.33617386,5.040338e-05,1,27066,348030774
1.6088303e-07,0.23918529,0.7608139,6.172332e-07,1,27066,372701702
1.6984992e-06,0.64719284,0.35280457,8.49591e-07,1,27066,2088655834
0.00044663768,0.3826525,0.6162087,0.0006921735,1,27066,339934947
5.652479e-08,0.05052105,0.9494761,2.881335e-06,1,27066,1104994408
8.5310853e-07,0.16344178,0.8365514,5.924594e-06,1,27066,1440736542
0.052128445,0.9111465,0.036639694,8.535333e-05,1,27164,1073133672
0.014957315,0.8183249,0.16624828,0.0004694552,1,27164,1231059707
0.039361663,0.9164497,0.04397132,0.00021731983,1,27164,1881727069
0.0069632884,0.9219815,0.070965245,9.0019435e-05,1,27164,1957710235
0.00080250925,0.6276828,0.37136656,0.00014816478,1,27164,111957592
3.0277633e-05,0.6048258,0.39513382,1.0066614e-05,1,27164,2064909108
9.334076e-05,0.2501204,0.7496896,9.669974e-05,2,27198,1003971672
1.3432806e-06,0.11484124,0.88512194,3.5404853e-05,2,27198,2094234844
1.2854733e-06,0.0976454,0.90233374,1.9575136e-05,2,27198,302099222
4.6224912e-08,0.02456179,0.97542816,1.007405e-05,2,27198,1511273042
0.08685788,0.9028992,0.010157292,8.569128e-05,1,27354,819482823
0.048131954,0.93968874,0.012134908,4.4353557e-05,1,27354,1123715997
0.00095274625,0.9311963,0.06783192,1.9083276e-05,1,27354,1629524166
5.843287e-06,0.7710879,0.22890534,8.93987e-07,1,27354,618265123
0.006756814,0.91905206,0.074150935,4.015952e-05,1,27354,1219273011
0.020224724,0.9597519,0.020003384,2.0065258e-05,1,27354,1956776027
1.7954445e-06,0.35440794,0.6455864,3.929248e-06,1,27371,1762126191
0.0010941942,0.6425027,0.35631973,8.33e-05,1,27371,1956741949
0.0009364923,0.5085942,0.4903149,0.00015435817,1,27371,407288580
3.1672873e-05,0.6633057,0.33665335,9.341516e-06,1,27371,1672696958
0.00010268564,0.01049155,0.9318604,0.05754545,2,27380,1795856359
6.726917e-07,0.003439762,0.9958585,0.00070105394,2,27380,2009980052
7.2384396e-06,0.004491818,0.9832864,0.012214497,2,27380,675799646
8.458972e-06,0.011715244,0.98666453,0.0016118141,2,27380,1110652091
1.7337993e-07,0.0041144546,0.995767,0.00011847351,2,27465,295088085
1.7343265e-05,0.029838085,0.9676693,0.0024753746,2,27465,918357888
1.5399354e-06,0.04834219,0.9515829,7.3315554e-05,2,27465,1109250922
5.457006e-07,0.013034521,0.9867567,0.00020822091,2,27465,379899235
2.559366e-05,0.029514274,0.9684875,0.001972572,2,27465,918407048
5.9548497e-06,0.000115860465,0.24868827,0.7511899,2,27473,873575526
2.6534502e-07,5.2238403e-05,0.9524583,0.04748919,2,27473,1501967742
1.610729e-07,2.296643e-06,0.080418505,0.919579,2,27473,1976229482
4.3628143e-06,5.989121e-05,0.26619828,0.7337374,2,27473,669679792
3.321294e-08,8.166476e-08,0.01079669,0.98920316,2,27473,1433410612
6.6340644e-06,0.0001582282,0.415826,0.5840091,2,27473,1630718481
0.003941458,0.6515947,0.34353113,0.0009327696,2,27507,518465176
4.1336065e-07,0.28718287,0.71281475,1.9978668e-06,2,27507,1603478848
1.914775e-05,0.34018734,0.6597629,3.0590927e-05,2,27507,620245866
1.2786011e-05,0.120516434,0.8790821,0.00038868195,2,27507,1641825899
0.46566945,0.5292822,0.00475474,0.00029352886,1,27526,567345877
0.3724643,0.6192667,0.007982968,0.0002860062,1,27526,1450369342
0.21762495,0.76687795,0.0152788125,0.00021829843,1,27526,2031232279
0.7588441,0.24051917,0.00056055054,7.614306e-05,1,27526,643866328
0.18480572,0.8025803,0.012440479,0.00017346299,1,27526,817052819
0.87306124,0.12648919,0.00039172018,5.7828227e-05,1,27526,1253455970
1.6284991e-06,0.008452332,0.99152035,2.5717525e-05,2,2760,18877836
1.148389e-06,0.13220765,0.8677851,6.114146e-06,2,2760,900974638
1.3280097e-06,0.0044628466,0.99511176,0.0004240996,2,2760,1503643277
4.458089e-07,0.017535422,0.98244756,1.65456e-05,2,2760,357969173
6.0078264e-07,0.09515286,0.9048358,1.0680371e-05,2,2760,874510727
1.7934642e-08,0.019679554,0.9803187,1.6590677e-06,2,2760,888477540
0.00042886246,0.79537296,0.20417422,2.3876506e-05,1,27606,181594869
0.00016852996,0.62103695,0.3787456,4.8951744e-05,1,27606,1177795735
0.00050326204,0.4599828,0.5394108,0.000103085345,1,27606,197569416
0.00013304876,0.6388104,0.3610396,1.6917204e-05,1,27606,319370153
3.1195763e-05,0.73770237,0.26226252,3.827359e-06,1,27606,705722323
5.754938e-05,0.7067478,0.29318702,7.664153e-06,1,27606,1727950990
8.802619e-07,2.9356283e-06,0.24832436,0.75167185,2,27661,198661502
7.000723e-06,0.00093633146,0.8930777,0.10597895,2,27661,798830149
4.63982e-06,9.722458e-05,0.2935637,0.7063344,2,27661,1723471355
2.0704681e-07,6.2720216e-07,0.042961188,0.95703804,2,27661,2011187454
2.602962e-07,1.9015247e-06,0.106803715,0.89319414,2,27661,2080897129
0.026971752,0.911291,0.061660506,7.673729e-05,1,27674,1021822781
0.6953777,0.3005467,0.0039007317,0.0001748786,1,27674,1933955326
0.005007363,0.714615,0.27986228,0.0005153851,1,27674,155246462
0.0010820155,0.77823806,0.22063218,4.7719597e-05,1,27674,619706859
0.24467798,0.14225985,0.051917925,0.56114423,1,27770,176859678
0.61967605,0.27971405,0.052954417,0.047655538,1,27770,2045216615
0.2205423,0.16216785,0.114662156,0.5026277,1,27770,647254933
0.16006918,0.20551662,0.12128456,0.51312965,1,27770,1365270904
0.1338613,0.12724389,0.060909875,0.6779849,1,27770,1962061164
0.44997987,0.51397365,0.03537256,0.00067396037,1,27815,182436520
0.00028838252,0.2716285,0.7279825,0.000100632344,1,27815,320065135
0.0043479837,0.2620053,0.7329597,0.0006870612,1,27815,668321072
0.0027310185,0.1529269,0.8418928,0.0024492464,1,27815,672346964
0.10933445,0.88450825,0.0061205835,3.6686582e-05,1,27815,451194057
0.025099168,0.9641578,0.0106925275,5.0500694e-05,1,27815,503584788
0.09504667,0.88085616,0.02406149,3.5735673e-05,1,27815,1057307150
0.049294602,0.92735964,0.023236783,0.00010900987,1,27815,1665887450
0.00029123682,0.09681493,0.87245405,0.030439824,1,27934,1517455619
1.1186235e-05,0.0025467598,0.8665294,0.1309127,1,27934,1602758114
2.5890022e-05,0.00034811898,0.16586643,0.8337596,1,27934,677540989
4.0241584e-06,0.006397821,0.9916258,0.0019723242,1,27934,777326227
1.27358235e-05,0.49700072,0.5029796,6.9697894e-06,2,2814,525277600
4.2116713e-05,0.4472047,0.55273706,1.6102784e-05,2,2814,894607583
0.00092344196,0.45256746,0.5462821,0.00022699992,2,2814,1247957281
2.6110116e-05,0.5047672,0.49519956,7.178755e-06,2,2814,1541445450
0.15624009,0.8357242,0.007929787,0.00010601563,1,2815,1222543220
0.16605242,0.814208,0.019444922,0.00029464575,1,2815,1890050572
0.19454455,0.8004206,0.0049688863,6.591487e-05,1,2815,1060008647
0.006409111,0.9607605,0.032811277,1.9132263e-05,1,2815,1971482084
1.1111327e-05,0.07592088,0.9235633,0.0005047574,1,2821,820433520
1.6320666e-08,0.0352587,0.964735,6.337825e-06,1,2821,1329945541
0.00011244614,0.40552697,0.5939861,0.0003744382,1,2821,494034978
1.6576998e-08,0.15836889,0.84163076,2.9048442e-07,1,2821,850182403
1.1944715e-07,9.018388e-05,0.9749679,0.024941774,2,28275,1347485144
1.2875358e-06,7.144428e-05,0.22105522,0.7788721,2,28275,1368571682
9.3189874e-07,2.5173571e-05,0.49319178,0.5067821,2,28275,15252124
8.594812e-07,0.00036714008,0.99265057,0.0069814515,2,28275,125246884
0.006810874,0.7445508,0.24851999,0.00011829211,1,2831,1674479129
0.00015197865,0.51414376,0.4856207,8.361005e-05,1,2831,1768773007
0.00014242978,0.3653185,0.634516,2.3065506e-05,1,2831,774466555
1.7982005e-05,0.26475936,0.7351987,2.398386e-05,1,2831,840692125
0.001522854,0.88897204,0.10940809,9.7012795e-05,1,28375,1879245978
0.0040656445,0.8445352,0.1512288,0.00017039865,1,28375,2111247597
0.04859235,0.5023846,0.4398567,0.009166382,1,28375,1367041914
1.0878902e-05,0.35003158,0.64994514,1.2437516e-05,1,28375,1751752442
2.9134592e-06,0.15258436,0.84737206,4.067779e-05,1,28375,2119501516
0.00040990772,0.053092085,0.94507205,0.0014260373,2,28377,2216561
0.00046715466,0.0454046,0.9497116,0.0044166446,2,28377,772061157
7.37815e-07,0.051505614,0.94847363,2.0009134e-05,2,28377,1356484055
0.00014353736,0.64768356,0.35216194,1.0988898e-05,2,28377,354241054
0.00010701508,0.58651847,0.413356,1.849253e-05,2,28377,829934522
1.0653735e-05,0.59623176,0.4037556,2.0146206e-06,2,28377,1949088348
0.0003714637,0.83431137,0.16530165,1.5556981e-05,1,2841,1204520054
0.0011253472,0.8430938,0.15575062,3.028288e-05,1,2841,1961228533
0.028011579,0.92979443,0.042064138,0.00012988603,1,2841,734764646
0.0014562107,0.8813224,0.1171831,3.8338705e-05,1,2841,2048753738
0.9928925,0.0071034343,1.7017103e-06,2.4529552e-06,0,28416,560624869
0.99826485,0.0017348721,1.1496286e-07,1.7765748e-07,0,28416,1133393891
0.8805809,0.11828282,0.0009924615,0.00014386832,0,28416,1774816212
0.9683686,0.031612672,1.2132685e-05,6.6739212e-06,0,28416,2004222452
0.99726725,0.0027323216,9.584593e-08,2.937042e-07,0,28416,654528578
0.9861004,0.013884517,1.1322641e-05,3.8311177e-06,0,28416,1273878351
0.99289304,0.00710393,9.529826e-07,2.1018739e-06,0,28416,1817810397
0.9947877,0.005209385,1.7904331e-06,1.1129601e-06,0,28416,1874362560
0.986509,0.013481806,6.57397e-06,2.556363e-06,0,28416,1933459456
3.969885e-05,0.013013099,0.97114426,0.015802963,2,28422,601752984
0.0002472529,0.08465983,0.90897536,0.006117567,2,28422,879230812
1.5441256e-06,0.003993484,0.9941455,0.0018594669,2,28422,1148724333
1.5304455e-06,0.077135034,0.9227625,0.00010095456,2,28422,2097686547
0.00042124206,0.020618921,0.932778,0.04618186,2,28422,669333419
0.0001900712,0.36687768,0.632462,0.0004701984,2,28422,710230833
0.0007919034,0.42057416,0.5768024,0.0018315598,2,28422,736586842
2.2293802e-05,0.064845316,0.93456876,0.0005635907,2,28422,994268462
0.00022076807,0.07623493,0.920682,0.0028623075,2,28422,2075197249
0.11826251,0.8529888,0.028138041,0.0006106841,1,28437,970669287
0.30460444,0.66852874,0.024477294,0.0023894676,1,28437,1785063121
0.55911154,0.43530896,0.00413753,0.0014419304,1,28437,223518962
0.021246193,0.9412687,0.03715933,0.00032587914,1,28437,921434133
0.017565146,0.9344702,0.047822356,0.00014232003,1,28443,529097043
0.24322307,0.7506801,0.005606383,0.00049051235,1,28443,909970520
0.004904426,0.9159142,0.07852714,0.00065420015,1,28443,427559566
0.014601494,0.96242666,0.022849478,0.00012236973,1,28443,1866053795
2.8530949e-05,0.36404988,0.63588136,4.0259074e-05,2,28462,98628848
1.0648074e-06,0.18744679,0.812545,7.1674667e-06,2,28462,1079344130
2.8505024e-06,0.20520858,0.7947792,9.408924e-06,2,28462,1135646421
2.179342e-06,0.046359416,0.9535362,0.000102256185,2,28462,1688920169
0.45707583,0.5337384,0.008758877,0.00042691594,1,28488,485727662
0.68537307,0.31141248,0.0027925028,0.00042192667,1,28488,544311047
0.23278786,0.71249604,0.05293245,0.00178367,1,28488,889783240
0.36815497,0.6153387,0.015639067,0.0008673028,1,28488,1749818761
0.59821737,0.3997904,0.001933034,5.9248967e-05,1,28507,2118051377
0.18103516,0.78383964,0.034696717,0.0004285641,1,28507,2141609070
0.6079321,0.3899955,0.0019650834,0.00010737338,1,28507,86045152
0.632677,0.36582497,0.0014178647,8.017611e-05,1,28507,945258418
4.8668003e-06,0.0011889733,0.9231765,0.07562963,2,28589,1581911438
1.0818719e-06,3.7953745e-05,0.72070765,0.27925327,2,28589,2038616100
3.1068544e-06,6.915407e-05,0.4683462,0.5315816,2,28589,198309131
1.1999964e-06,3.6586516e-05,0.29913807,0.70082414,2,28589,1708629804
0.005448785,0.9099944,0.084483676,7.3141375e-05,1,28665,275794964
0.04744207,0.9199195,0.032549143,8.924774e-05,1,28665,486193217
0.00020222533,0.82173336,0.17805155,1.2926414e-05,1,28665,1121031318
0.4792425,0.51591945,0.004677954,0.00016006973,1,28665,2036565035
4.1220378e-07,0.0038858512,0.9956359,0.0004779159,2,28707,194282382
6.6680655e-06,0.004494054,0.96593493,0.029564261,2,28707,1136374606
0.0002749606,0.00514716,0.40392348,0.5906544,2,28707,244264276
2.7074516e-06,0.0015801316,0.9305101,0.06790712,2,28707,972772984
5.201256e-06,8.1274975e-06,0.010821009,0.9891656,3,28710,532877611
2.6102564e-08,7.1211176e-08,0.0032951767,0.99670464,3,28710,1894196464
5.7032462e-08,4.723146e-08,0.0018861063,0.9981139,3,28710,2097607057
6.846475e-07,5.892677e-07,0.0026532984,0.9973455,3,28710,630508639
1.9650167e-07,2.600846e-06,0.055925008,0.9440722,3,28710,1750369306
4.2807105e-06,2.9253222e-06,0.0038654061,0.9961274,3,28710,2143211553
0.06164916,0.9002302,0.037854407,0.0002662056,1,28747,285721109
0.021798193,0.94420415,0.03387237,0.00012528537,1,28747,650006359
0.028297942,0.89450526,0.07712131,7.5519674e-05,1,28747,1026238054
0.05968672,0.8746229,0.06545605,0.00023424141,1,28747,2075658562
0.007958408,0.919001,0.072894484,0.0001461834,1,28747,229952117
0.08205513,0.9077982,0.009916483,0.00023019622,1,28747,469381934
0.06319775,0.91765285,0.019077895,7.156925e-05,1,28747,706095203
0.25545755,0.7388627,0.0056023253,7.73846e-05,1,28747,1081944961
0.13224435,0.86127335,0.0063415137,0.00014072905,1,28747,1978711368
5.569851e-07,0.3178762,0.68212223,1.0626685e-06,1,28777,116759476
0.0011446688,0.5949773,0.4036699,0.00020819843,1,28777,971247598
5.9924118e-05,0.627018,0.37291342,8.700513e-06,1,28777,1333097936
2.058318e-06,0.28697303,0.7130229,2.013552e-06,1,28777,946035961
9.517792e-07,0.27373,0.7262672,1.7897438e-06,1,28777,1060916157
0.001629718,0.29472867,0.7015771,0.0020645652,1,28777,2077551195
0.00046609718,0.7153779,0.2841341,2.189007e-05,2,28782,643502901
7.7446086e-05,0.6191978,0.3807064,1.8388095e-05,2,28782,675434543
8.2082595e-05,0.5155365,0.48434722,3.424676e-05,2,28782,685680891
0.000103487495,0.783689,0.21619421,1.3296759e-05,2,28782,770796094
2.9093559e-05,0.5178324,0.48212448,1.399179e-05,2,28782,530433380
0.0002599451,0.68558437,0.31409913,5.656009e-05,2,28782,1412061279
4.288829e-05,0.6165968,0.38334656,1.3728408e-05,2,28782,1430679529
0.01212201,0.902114,0.085609,0.00015506975,1,28811,116830755
0.042715807,0.90271145,0.054297104,0.00027554636,1,28811,447687980
0.18496287,0.78567606,0.028932963,0.00042811583,1,28811,1369850751
0.3974076,0.59344757,0.008520962,0.00062387885,1,28811,1335349892
0.6540958,0.34088114,0.0046358984,0.000387175,1,28811,1538569455
0.9961714,0.0038265581,1.0556913e-06,1.0068023e-06,1,28817,178091922
0.9943218,0.0056776875,2.0285582e-07,2.3203587e-07,1,28817,779792926
0.9896012,0.010063202,0.00014738576,0.00018820063,1,28817,204401957
0.99208987,0.007908505,9.680836e-07,6.423489e-07,1,28817,885151891
0.9098906,0.08994738,0.00013098099,3.095634e-05,1,28817,2073820183
6.853863e-05,0.62840873,0.37151116,1.1616988e-05,1,28910,223607244
9.6851225e-05,0.850666,0.14923368,3.4266668e-06,1,28910,866757261
2.6151004e-06,0.8031708,0.19682528,1.2988609e-06,1,28910,1220817050
1.6443857e-05,0.7762024,0.22377782,3.333885e-06,1,28910,979974007
0.0013296464,0.93055314,0.06809674,2.0503428e-05,1,28910,1369214105
5.7840185e-05,0.906441,0.093492866,8.326123e-06,1,28910,1466744386
0.22341849,0.77357924,0.0029533624,4.895663e-05,1,28914,104616814
0.814453,0.18527265,0.00025476658,1.9572986e-05,1,28914,294218626
0.0268017,0.9669357,0.006255056,7.6158644e-06,1,28914,340043727
0.29332453,0.70078117,0.005818599,7.56543e-05,1,28914,1080307280
0.0010302713,0.9089668,0.08996305,3.989802e-05,1,28916,569767194
0.00015698203,0.5277028,0.47200346,0.0001367627,1,28916,1175232250
0.0016497707,0.9717904,0.026554452,5.3956664e-06,1,28916,1094355847
0.0014731004,0.8801878,0.11818685,0.00015220135,1,28916,2087599778
0.00066231424,0.4823607,0.5168881,8.8842426e-05,1,28925,1002876313
1.0635116e-05,0.16384928,0.8360941,4.597278e-05,1,28925,1333352934
4.0580503e-07,0.12950435,0.87049115,4.103022e-06,1,28925,293344794
5.0001523e-05,0.3811189,0.6187911,4.006547e-05,1,28925,586541748
3.434606e-05,0.29764193,0.7023027,2.1036933e-05,1,28925,1981134602
0.8953475,0.10462242,2.7076434e-05,3.0160045e-06,0,28959,625875765
0.99264777,0.007351066,5.729689e-07,6.4370994e-07,0,28959,1217044913
0.93462145,0.06532612,3.6437028e-05,1.5984837e-05,0,28959,1786596024
0.9858466,0.014151867,8.9245924e-07,5.709098e-07,0,28959,407797154
0.9896862,0.010311955,6.8262125e-07,1.1156252e-06,0,28959,1769275123
0.90696263,0.092838086,0.00014405386,5.5270568e-05,0,28959,1774988590
4.0810838e-07,0.0046300166,0.99517447,0.00019516275,2,29004,184040635
8.167377e-06,0.156171,0.8435761,0.00024475786,2,29004,551580648
1.0311621e-06,0.007500806,0.9904541,0.002044069,2,29004,1111464932
1.0445301e-06,0.0010226752,0.9985026,0.00047362805,2,29004,1248674660
2.5713302e-05,0.008108419,0.7871183,0.20474757,2,29020,523695617
1.7787644e-06,0.004226556,0.9876872,0.008084464,2,29020,2093257006
3.3927822e-06,0.00075984286,0.7410451,0.25819162,2,29020,635405524
9.973902e-07,1.3167642e-05,0.06925556,0.9307302,2,29020,755593875
3.8096565e-05,0.0009552669,0.24178554,0.7572211,2,29020,1039513167
0.7751973,0.22443162,0.0003344685,3.6623067e-05,1,29088,35706124
0.6663342,0.33217645,0.001341278,0.00014799548,1,29088,679031381
0.43041667,0.5644033,0.0050195237,0.00016051494,1,29088,1224249698
0.6398916,0.3577339,0.0022861788,8.838954e-05,1,29088,1665540274
0.00029697822,0.69733745,0.30234274,2.288356e-05,2,29119,33129177
8.332841e-06,0.64914596,0.35084167,4.0853415e-06,2,29119,987814768
2.602816e-05,0.28768763,0.71225643,2.9874347e-05,2,29119,1084664784
0.0008844674,0.6439054,0.35511896,9.120991e-05,2,29119,1303578144
0.00022582429,0.59274775,0.40694344,8.2932405e-05,2,29172,779922386
0.00014140928,0.6914425,0.30839273,2.341627e-05,2,29172,925325342
0.0001799031,0.63620114,0.36354652,7.239776e-05,2,29172,1567569834
5.8613994e-05,0.20449093,0.79462665,0.0008238205,2,29172,739707856
4.9028615e-05,0.3534715,0.64643145,4.8100315e-05,2,29172,1381451290
1.6920031e-06,0.00810568,0.9904095,0.0014831163,2,29224,42492788
2.5506295e-06,0.001087575,0.93889624,0.060013644,2,29224,489382262
9.038937e-06,0.0031307326,0.920515,0.076345325,2,29224,1241393605
4.320247e-06,0.035447627,0.96194065,0.0026074182,2,29224,2021379435
5.504088e-07,0.0033825147,0.9964964,0.000120498575,2,2923,370141925
5.775936e-08,0.010676532,0.9893082,1.5301213e-05,2,2923,1607840657
5.7002117e-06,0.028213704,0.97147286,0.00030780557,2,2923,909374161
1.0566044e-07,0.02229092,0.9776894,1.9580637e-05,2,2923,1354054125
6.0512644e-05,0.40963578,0.59010506,0.00019868712,1,29238,332081165
9.594381e-06,0.78050625,0.2194794,4.732693e-06,1,29238,928499565
4.651314e-05,0.4681813,0.5316271,0.00014506727,1,29238,976834772
0.030496683,0.8513012,0.11547636,0.002725755,1,29238,82396292
0.5542369,0.44058603,0.004541605,0.000635482,1,29238,484765345
2.0794381e-05,0.053615816,0.94434327,0.0020200422,1,29297,1012190710
3.959285e-06,0.22733426,0.7726114,5.0436567e-05,1,29297,1194095884
9.055634e-06,0.22783719,0.7721155,3.827107e-05,1,29297,1713214584
0.004970921,0.45480672,0.53916514,0.0010572752,1,29297,473674756
9.034557e-05,0.41908175,0.58075,7.7949626e-05,1,29297,511195816
3.2286556e-05,0.18389155,0.8159185,0.0001577296,1,29297,1797685171
1.4207396e-08,0.24502727,0.7549726,1.5058795e-07,2,29319,406978011
0.013286101,0.81021017,0.17620054,0.00030321325,2,29319,1045807217
1.3216046e-05,0.4190533,0.5808803,5.31756e-05,2,29319,64054131
2.1238737e-05,0.045782924,0.9502959,0.0038999189,2,29319,198593196
0.000887188,0.38854712,0.60517794,0.0053877197,2,29319,1935242393
1.0818677e-06,0.008495871,0.99125004,0.00025304485,1,29333,38086424
3.7301504e-06,0.0011311801,0.9857906,0.013074451,1,29333,1192269369
6.648554e-07,0.0017886086,0.99689156,0.0013191215,1,29333,911833085
1.1025588e-05,0.009827061,0.98539346,0.0047684154,1,29333,1070038319
5.4398522e-05,0.10621289,0.8922341,0.0014986561,1,29333,1830572577
0.39520395,0.59538287,0.00924958,0.00016361485,1,29432,710662530
0.08599145,0.8994678,0.0144477,9.2973045e-05,1,29432,1173619714
0.67546135,0.32170793,0.002730003,0.00010071583,1,29432,1642617990
0.39525834,0.60180986,0.002860253,7.153678e-05,1,29432,2062975412
2.195491e-06,0.015429794,0.9841823,0.0003856545,1,29439,472273357
2.1289692e-07,0.3141626,0.6858354,1.7182329e-06,1,29439,762909887
8.322026e-05,0.12004373,0.8788706,0.0010024465,1,29439,620213939
9.575532e-07,0.44224256,0.5577545,2.017976e-06,1,29439,1883939835
3.2378808e-05,0.46274647,0.53711486,0.000106310705,2,29791,1143959557
2.0437517e-06,0.22143766,0.7785364,2.387287e-05,2,29791,2131278360
1.1666743e-05,0.22371233,0.77624285,3.3117412e-05,2,29791,295590530
1.1234072e-06,0.68016887,0.3198294,6.3302514e-07,2,29791,964104142
1.0229355e-07,0.0075526885,0.9923596,8.7661145e-05,2,29851,205013928
8.67307e-07,0.0031043543,0.9957267,0.0011681403,2,29851,790084507
5.62534e-07,0.019884938,0.98005396,6.0594935e-05,2,29851,167198251
8.11037e-07,0.053177048,0.94680524,1.691418e-05,2,29851,776092893
6.3438847e-06,0.47309837,0.52687764,1.7636645e-05,2,29874,440161628
1.6641343e-05,0.18849158,0.8113411,0.00015066846,2,29874,524184701
3.13258e-05,0.043530658,0.9537012,0.0027367692,2,29874,1554271998
6.113362e-05,0.12834634,0.87093145,0.0006610127,2,29874,1567679591
1.0318427e-05,0.18531725,0.8144994,0.00017308754,2,29874,1929699528
0.70530295,0.29386508,0.0007693182,6.2642095e-05,0,29900,608100011
0.4398503,0.55747473,0.0026128574,6.213217e-05,0,29900,1734348356
0.84286994,0.15660758,0.0004615512,6.095713e-05,0,29900,1790748888
0.2791609,0.71511066,0.0056585846,6.984838e-05,0,29900,703521218
0.7461385,0.25083533,0.002766586,0.00025951123,0,29900,1584366642
0.77044994,0.2263594,0.0029027571,0.00028791215,0,29900,1674633725
5.9239286e-05,0.49613485,0.50378203,2.3906936e-05,1,30015,7667615
1.3411852e-06,0.17667378,0.82331413,1.066848e-05,1,30015,1966960463
9.768654e-06,0.54951286,0.45046535,1.2040359e-05,1,30015,754816117
4.923125e-07,0.28143665,0.71855956,3.2566586e-06,1,30015,1484775079
0.00010576569,0.010072271,0.98251086,0.007311054,2,30052,752465933
0.0010281911,0.0020927503,0.51247096,0.48440817,2,30052,1683139460
1.337158e-05,0.0007129738,0.9875683,0.011705255,2,30052,109297675
2.163045e-05,0.0022312212,0.98244035,0.01530673,2,30052,204333778
4.7886883e-06,0.047188655,0.95251757,0.00028901378,2,30053,796175815
0.0014340777,0.09404997,0.89612687,0.008389064,2,30053,1036813417
2.9739278e-06,0.0009854765,0.9856641,0.013347486,2,30053,631144988
1.3026803e-05,0.0027623703,0.9688703,0.028354233,2,30053,937370265
0.025329588,0.6362386,0.33524677,0.003185036,1,30110,442178426
0.012914322,0.87702644,0.10978585,0.00027343753,1,30110,770296840
0.00067345955,0.71108824,0.28813148,0.00010680746,1,30110,351699139
1.6251763e-05,0.68988204,0.31009838,3.3486272e-06,1,30110,1319687546
0.0034766167,0.66695905,0.32936084,0.00020354868,1,30110,1523948495
0.76031476,0.23642005,0.0027795802,0.0004856264,1,30188,639535102
0.7631529,0.23532008,0.001359434,0.0001676059,1,30188,1291981593
0.41352087,0.57916147,0.007127178,0.00019047249,1,30188,1711539056
0.8192074,0.18060148,0.0001764005,1.4810567e-05,1,30188,2041288507
0.012866288,0.13374949,0.78776836,0.065615825,2,30241,944574364
0.0067417696,0.043816913,0.7021301,0.2473112,2,30241,1811402908
0.00047487553,0.0759936,0.9154627,0.008068896,2,30241,105998238
0.0012832042,0.015065756,0.832022,0.151629,2,30241,1197357735
0.95145893,0.04849247,3.561243e-05,1.3025324e-05,0,30323,275764255
0.92514044,0.07474991,9.3289964e-05,1.634082e-05,0,30323,1727524959
0.97196174,0.028019192,1.0545066e-05,8.550624e-06,0,30323,213491347
0.9317495,0.068111144,0.0001244432,1.492392e-05,0,30323,1802733358
2.4833435e-05,2.7671116e-05,0.08084411,0.9191033,2,30326,738250629
7.456531e-05,0.0015980288,0.8143363,0.1839911,2,30326,2101177028
9.759333e-07,1.2125543e-05,0.7543659,0.24562098,2,30326,1480603620
2.229786e-06,2.39073e-05,0.41312072,0.5868531,2,30326,1598540403
1.698733e-05,0.00017702015,0.20014016,0.7996658,2,30326,1650082122
0.0023555309,0.25375164,0.74016064,0.0037321846,2,30330,801763188
2.0781671e-07,0.0013984788,0.9983369,0.00026438577,2,30330,825211952
0.00080791157,0.19970742,0.7937297,0.005755033,2,30330,362633763
2.567862e-10,0.00068294175,0.99931526,1.8309172e-06,2,30330,1915453074
2.7107885e-10,3.794023e-10,0.000756186,0.99924386,3,30336,82783769
1.5400467e-08,2.479647e-07,0.029567206,0.9704325,3,30336,148101599
2.6151536e-09,5.8925753e-09,0.0009791045,0.99902093,3,30336,1519248569
4.3064535e-08,8.57914e-07,0.03758055,0.9624186,3,30336,2129682054
0.21236399,0.7567608,0.03071111,0.00016406644,1,3041,541344842
0.005566066,0.9431025,0.051302496,2.9032135e-05,1,3041,727255549
0.11813671,0.8589427,0.022625798,0.0002948368,1,3041,209431591
0.036822446,0.94940937,0.013733998,3.420857e-05,1,3041,1651160393
0.8717231,0.12781179,0.00036010327,0.00010502018,1,30413,1368439632
0.90043885,0.09942387,0.00011242708,2.494952e-05,1,30413,1700123317
0.31116787,0.6793009,0.009298465,0.0002327917,1,30413,1819332003
0.018526334,0.8514518,0.1296417,0.00038011084,1,30413,730911470
0.23642679,0.7418775,0.02139365,0.00030199267,1,30413,1229116384
0.68643415,0.30748755,0.0054305685,0.0006476303,1,30413,1244434781
0.98874575,0.011235731,7.075481e-06,1.1465717e-05,0,30435,1029072430
0.9868035,0.0131877735,5.113854e-06,3.6523443e-06,0,30435,1087769040
0.9376199,0.06221496,0.00010566835,5.9490732e-05,0,30435,1634877223
0.9697263,0.030252643,1.4669438e-05,6.337488e-06,0,30435,1649749593
0.9169354,0.08297119,7.826084e-05,1.5208846e-05,0,30435,63956271
0.9486743,0.05123144,5.6289802e-05,3.7935657e-05,0,30435,137928966
0.9233919,0.07636275,0.00018128807,6.4089705e-05,0,30435,766498043
0.9900143,0.009983168,1.4009867e-06,1.1200937e-06,0,30435,1261298563
0.00025425944,0.023692198,0.88568604,0.09036747,2,30521,597060905
8.329088e-05,0.03714454,0.9189054,0.043866836,2,30521,1741561505
2.3005152e-06,2.4701096e-05,0.28994343,0.71002954,2,30521,1747420894
2.1735502e-06,3.1551812e-05,0.07107025,0.928896,2,30521,2039566968
0.001669823,0.008555546,0.31679413,0.6729805,2,30521,837315935
1.9296393e-05,0.00033978367,0.15772645,0.8419144,2,30521,920628381
0.0006528217,0.0034643451,0.25640726,0.7394755,2,30521,1107562537
0.00025168931,0.035513673,0.27495766,0.689277,2,30521,1379005911
1.519984e-06,1.8988234e-05,0.115043834,0.8849357,2,30521,1855217199
0.0005334201,0.38085565,0.6183559,0.00025508017,2,3057,703495895
2.4708517e-05,0.5965528,0.40340766,1.4893819e-05,2,3057,1325277873
0.000199759,0.6620986,0.33764437,5.7288707e-05,2,3057,1380915125
0.00015835172,0.44178995,0.5579728,7.8892954e-05,2,3057,2132304367
4.520102e-06,0.06362486,0.9362409,0.00012981344,2,30608,1271108101
2.8619413e-06,0.03208864,0.96789485,1.36834615e-05,2,30608,2004177998
5.632431e-06,0.020657122,0.9792965,4.0718827e-05,2,30608,967149299
0.0001868311,0.23378567,0.7652149,0.00081261905,2,30608,1332853149
0.017665328,0.8839296,0.098335534,6.95408e-05,1,30828,497229597
0.19511022,0.73613805,0.06746462,0.0012870611,1,30828,920859194
0.21128021,0.7165768,0.07132127,0.00082167645,1,30828,1916516690
0.00076479866,0.81976825,0.1794332,3.3852026e-05,1,30828,491265116
1.8625313e-05,0.9142678,0.08571284,7.2066535e-07,1,30828,690016136
0.0029838718,0.8553491,0.14143436,0.00023270806,1,30855,489971887
2.5496118e-05,0.7188923,0.28107667,5.6070285e-06,1,30855,886363719
0.0021389155,0.8105053,0.18720794,0.000147787,1,30855,946014231
0.0006722251,0.9679987,0.03132577,3.363662e-06,1,30855,1649405145
0.000430726,0.725907,0.27361327,4.898517e-05,2,30868,528177164
0.0015379917,0.7135438,0.28489822,2.005813e-05,2,30868,1418780157
0.000389807,0.72317994,0.27640322,2.7043236e-05,2,30868,2047163822
0.00037066123,0.5804356,0.4190642,0.00012959848,2,30868,512608421
1.3395813e-05,0.102010585,0.89792776,4.83085e-05,2,30868,1792561771
0.038729593,0.9246335,0.03646686,0.00017008801,1,30896,605232427
0.07015217,0.88167685,0.0478605,0.00031048935,1,30896,1552122743
0.14646791,0.83174753,0.021679,0.000105630075,1,30896,1925231089
0.00032861342,0.57837903,0.42126736,2.5032263e-05,1,30896,145419211
0.029730555,0.8749894,0.09515403,0.00012595532,1,30896,1611236124
0.012523917,0.8125504,0.17454913,0.00037649547,1,30896,2021440765
0.003524146,0.8078642,0.1885523,5.9449212e-05,1,30977,1230736508
5.529648e-05,0.6932823,0.30665854,3.9225415e-06,1,30977,1666336141
0.010719339,0.9492394,0.040013686,2.7654594e-05,1,30977,428127330
0.5883908,0.40539035,0.0059004086,0.00031841185,1,30977,1239103734
6.946082e-07,0.07252263,0.92739993,7.670179e-05,2,31003,197817526
5.590238e-06,0.48576617,0.5142065,2.1738679e-05,2,31003,1131375924
0.00017892847,0.8186172,0.18115228,5.1641447e-05,2,31003,1146504809
0.005408922,0.42480505,0.5636839,0.0061021317,2,31003,1960771730
0.43064842,0.56636626,0.0028614067,0.00012389217,1,31055,351970658
0.09683979,0.8673708,0.035619415,0.00017009962,1,31055,1938890436
0.7544587,0.24399383,0.0014262279,0.00012111923,1,31055,1969193760
0.0696796,0.8536398,0.075997174,0.00068345736,1,31055,342313164
0.37723187,0.6143114,0.008305124,0.0001515814,1,31055,569112096
0.368977,0.6199609,0.010702641,0.000359407,1,31055,1397519630
0.020792075,0.94522655,0.033934142,4.718501e-05,1,31055,1631417332
0.32976928,0.6613657,0.008678734,0.00018622227,1,31063,1167248818
0.86631,0.13327934,0.00033163745,7.905946e-05,1,31063,1463029904
0.6256298,0.37254742,0.0017508703,7.1948925e-05,1,31063,1080298490
0.77555186,0.22287975,0.0015167063,5.169344e-05,1,31063,2005620932
0.99540603,0.004593103,3.6551978e-07,5.2901765e-07,0,31107,56487741
0.96026105,0.039658517,5.887567e-05,2.1669086e-05,0,31107,1117699183
0.7341752,0.26408067,0.0016982424,4.5880497e-05,0,31107,1535897244
0.5311997,0.46779665,0.00097002304,3.3675315e-05,0,31107,561482287
0.8261803,0.17344789,0.0003346582,3.7197897e-05,0,31107,1542085304
0.9816514,0.018338036,6.5759577e-06,4.0193117e-06,0,31107,1830582850
4.0408053e-05,0.7081562,0.29179677,6.5599534e-06,2,31130,1608618004
0.041960265,0.9004406,0.05734596,0.0002531856,2,31130,1858994418
0.13068934,0.8397005,0.029128373,0.0004817354,2,31130,2034225662
0.0009749878,0.6258535,0.37308574,8.582978e-05,2,31130,89889811
0.0015924883,0.83241296,0.16593759,5.6950088e-05,2,31130,111821056
0.0029346151,0.78715456,0.2097743,0.0001365352,2,31130,1421875451
0.0016512546,0.7393927,0.25888488,7.118472e-05,2,31130,2051417865
6.3870593e-06,0.0011960157,0.9935515,0.005246102,2,31176,139215659
4.3588834e-06,0.0014831875,0.9928023,0.0057100398,2,31176,1974511869
8.163644e-06,7.803556e-05,0.713961,0.28595275,2,31176,2045457179
9.2994005e-06,0.001333074,0.98233485,0.016322788,2,31176,17419811
1.7715908e-07,0.0005402918,0.9986259,0.0008337595,2,31176,1453351468
5.0961944e-06,0.0007112996,0.89258194,0.10670171,2,31176,1624184425
2.9637686e-06,0.0005879506,0.938974,0.06043506,2,31176,1982145721
0.0001080989,0.7907276,0.20914888,1.5387921e-05,2,3118,1302401203
1.5408323e-05,0.2764272,0.7235286,2.8764445e-05,2,3118,1494625100
0.00026199728,0.305178,0.6940212,0.0005388036,2,3118,510544196
2.498298e-06,0.2558582,0.74412733,1.1961883e-05,2,3118,1333444366
4.4455268e-05,0.019550271,0.96806514,0.012340128,2,31222,500740936
0.00015284857,0.39220527,0.60748893,0.00015294393,2,31222,881524151
1.1297213e-05,0.002462227,0.98371416,0.013812343,2,31222,1168923862
0.00023294061,0.1095004,0.88610554,0.004161149,2,31222,1415952415
8.3973e-05,0.0017431373,0.9537101,0.04446271,2,31222,2020602577
0.049118422,0.8952269,0.05553936,0.00011536596,1,3126,16355052
0.008060755,0.93074375,0.061118692,7.678954e-05,1,3126,1014932304
0.029758612,0.9541059,0.01610966,2.5832927e-05,1,3126,1328668706
0.05998905,0.9018454,0.037968427,0.00019707695,1,3126,1514960040
0.06002595,0.9177935,0.022046294,0.00013429408,1,3126,2059847068
0.012548294,0.35078537,0.62234646,0.014319873,1,31401,332590758
0.015450217,0.4108126,0.53519213,0.038545057,1,31401,884457810
0.006288817,0.40339243,0.5892093,0.0011094369,1,31401,1422819488
0.05424607,0.794665,0.14958517,0.0015038047,1,31401,1659610502
0.8562338,0.13628739,0.005971054,0.0015077203,1,31401,1903217915
0.07824533,0.60396755,0.31559297,0.0021941697,1,31401,1087113930
0.009607486,0.40327173,0.56770736,0.01941345,1,31401,1381954362
0.34921554,0.3470602,0.16498217,0.13874209,1,31401,1612778776
0.22212276,0.6461199,0.12793213,0.0038251935,1,31401,1966603585
0.021214342,0.7287868,0.24933547,0.0006633854,1,31401,2021827605
0.06549029,0.8715108,0.06255267,0.00044621516,1,3142,248151282
0.30573308,0.66960484,0.02376695,0.00089512015,1,3142,1495895299
0.09647537,0.8641183,0.039008655,0.00039774124,1,3142,6564018
0.17101093,0.79797375,0.03028703,0.0007282535,1,3142,319181664
1.3516939e-05,0.007166976,0.98371756,0.009102052,2,31477,840662575
7.4840834e-08,0.0008127903,0.9980369,0.0011501951,2,31477,1844388794
3.7658477e-08,0.07315864,0.9268369,4.4892413e-06,2,31477,1888643108
1.770125e-07,0.0012079185,0.99793565,0.0008563778,2,31477,1239389288
5.106619e-08,0.007969697,0.9919783,5.2009833e-05,2,31477,1881597105
1.4019767e-05,0.0009765708,0.94025993,0.058749516,2,31477,2056832119
6.170511e-06,0.00062770856,0.92602307,0.073343046,2,31509,248615029
5.78541e-06,0.052459225,0.9468205,0.00071448967,2,31509,267015266
0.000106233725,0.0023978814,0.5238074,0.47368845,2,31509,1539308665
0.00011693061,0.003360314,0.6059493,0.39057344,2,31509,1646391634
1.5984977e-05,0.032099485,0.9665621,0.0013223651,2,31509,643074318
8.471719e-05,0.0034599206,0.6525195,0.34393585,2,31509,1498952794
0.0007026475,0.008098032,0.758392,0.23280732,2,31509,1930572070
0.12160069,0.8711835,0.007168491,4.7302765e-05,0,31511,1591339800
0.42077368,0.5665229,0.012292289,0.00041109565,0,31511,1710400525
0.0004927038,0.9441725,0.055328898,5.939912e-06,0,31511,954535283
0.039459873,0.8049716,0.15454765,0.0010209479,0,31511,1246196873
3.6660545e-05,0.00044717797,0.70362383,0.29589236,2,31651,1094319765
1.9109062e-05,0.00090197957,0.9727956,0.026283277,2,31651,1722034392
2.1133683e-06,0.000604082,0.98154503,0.017848713,2,31651,573122260
5.8142214e-06,0.0004613803,0.93583345,0.06369937,2,31651,627830821
3.992356e-05,0.00061307586,0.5629137,0.43643332,2,31651,843546906
1.1379736e-06,0.035175666,0.96471614,0.000107093954,1,31683,521918200
1.3346026e-07,0.00343572,0.9965146,4.953829e-05,1,31683,1059193709
7.3615527e-09,0.0011439587,0.99883205,2.4033496e-05,1,31683,1806677416
3.2865807e-06,0.009784246,0.9895446,0.00066786964,1,31683,1138529492
1.4461824e-07,0.04340394,0.9565774,1.8507915e-05,1,31683,1880771612
0.26055828,0.7279816,0.011297119,0.00016299708,1,31706,1419960401
0.48540267,0.5090593,0.0054416214,9.633953e-05,1,31706,1466563874
0.8053975,0.18087599,0.010038028,0.0036884423,1,31706,1818446010
0.0007585074,0.78684026,0.21230729,9.393367e-05,1,31706,51382623
0.03453623,0.9085943,0.056785088,8.4408966e-05,1,31706,1014017659
0.0018835913,0.9442671,0.053832587,1.6720698e-05,1,31706,1945755323
0.0054388507,0.93690574,0.057630617,2.4741104e-05,1,31837,75565376
5.509347e-05,0.92345023,0.076493986,6.975388e-07,1,31837,975635220
0.00022067479,0.94691175,0.052865706,1.8203542e-06,1,31837,383357156
0.8040118,0.19440973,0.0014379506,0.00014054384,1,31837,1307666945
0.07527041,0.91269964,0.012015084,1.4768329e-05,1,31837,1892798419
0.82937574,0.1685997,0.0018058851,0.00021870359,0,31909,441943880
0.83757913,0.16198337,0.0003912153,4.6316334e-05,0,31909,1438435744
0.6524035,0.34397876,0.00356384,5.392956e-05,0,31909,59455684
0.9249109,0.07452329,0.0005236999,4.209811e-05,0,31909,1610711841
0.6188871,0.3696547,0.010855532,0.0006026082,0,31909,2147058980
2.1553568e-07,2.9040504e-07,0.0128044775,0.9871951,3,31931,208573311
4.87497e-06,8.817603e-06,0.12094579,0.87904054,3,31931,825691025
1.2897284e-06,1.059858e-06,0.109652326,0.8903453,3,31931,44562264
4.8701336e-06,3.5389808e-06,0.12428865,0.8757029,3,31931,2127613140
0.005813139,0.94756585,0.046557873,6.31428e-05,1,31976,963491597
0.725583,0.27135846,0.0028655517,0.00019299082,1,31976,1513528091
0.23409946,0.76026106,0.0053652744,0.00027425349,1,31976,242021117
0.09010372,0.89384717,0.01566688,0.00038223423,1,31976,1535990544
0.1590459,0.80867577,0.028780244,0.003498123,1,31983,1447638841
0.019781526,0.9687367,0.011426128,5.567487e-05,1,31983,2067610125
0.026179666,0.9698286,0.0039770016,1.4806992e-05,1,31983,1400177700
0.005389789,0.92493427,0.069511175,0.00016467896,1,31983,1717371872
4.120274e-10,3.0376954e-09,0.0024338725,0.9975661,3,32082,977001550
1.07038165e-08,3.5624799e-09,0.0001035135,0.9998964,3,32082,1723400682
0.00010516291,8.541998e-05,0.0124556,0.98735374,3,32082,1221922857
9.734668e-06,3.3026154e-05,0.05049095,0.9494663,3,32082,1974928360
5.124812e-07,0.000115643285,0.99246615,0.007417734,2,32087,578684679
6.504875e-06,0.0001631866,0.9118783,0.08795205,2,32087,1919147280
7.22538e-05,0.00312324,0.985344,0.011460485,2,32087,885028867
7.869779e-06,0.0011729315,0.98233366,0.016485583,2,32087,2028684015
0.017305512,0.83610284,0.14634165,0.0002500001,1,32225,1350931010
0.00074376113,0.8761032,0.123096325,5.6747183e-05,1,32225,1798087171
4.3701562e-05,0.6664424,0.33349383,2.0094869e-05,1,32225,531124157
0.0010697396,0.6776756,0.32112145,0.0001332241,1,32225,611864831
1.2745184e-07,0.0001878209,0.9972078,0.002604189,2,32233,963306069
3.4499917e-06,0.028341781,0.97129965,0.00035507235,2,32233,1374443859
2.940815e-06,0.01863293,0.9812881,7.6043136e-05,2,32233,1794346477
1.6157945e-06,0.08156945,0.91840714,2.1747775e-05,2,32233,1963038340
0.000418511,0.2780364,0.71125466,0.010290471,2,32292,142501842
0.002994688,0.05745767,0.685699,0.25384867,2,32292,247755458
0.032918774,0.44408482,0.5092483,0.013748058,2,32292,1196535505
0.06864157,0.46642417,0.40956923,0.05536498,2,32292,1269795496
0.00029944675,0.10558288,0.8748605,0.019257167,2,32292,1650572658
0.014464116,0.33363134,0.59226066,0.05964389,2,32292,650074648
0.0035059224,0.094000526,0.8139827,0.08851075,2,32292,924198868
0.0017927613,0.14829773,0.8291515,0.02075798,2,32292,1415624198
0.009605028,0.03380713,0.10852652,0.84806126,2,32292,1758099538
0.00010279265,0.088998266,0.9061235,0.0047754045,2,32292,1929671544
0.00058624416,0.93151206,0.06789543,6.2605554e-06,2,32355,139684026
0.0052453447,0.74101275,0.2536068,0.00013510817,2,32355,1753106972
5.7094408e-06,0.6942448,0.3057475,2.0112348e-06,2,32355,307868855
0.0011566839,0.8032206,0.19552588,9.682075e-05,2,32355,1176342859
1.6683608e-06,3.1623036e-05,0.87821007,0.121756695,2,32472,137964000
4.242905e-06,0.00013273275,0.86914134,0.13072172,2,32472,903499222
6.7537353e-06,0.00022074171,0.72880834,0.27096418,2,32472,1533199704
5.2237233e-06,0.00020441302,0.92382365,0.07596678,2,32472,183781004
1.7085639e-06,0.010019838,0.98822355,0.0017548231,2,32472,415667305
8.193078e-06,0.00022696072,0.8775078,0.12225703,2,32472,1134585098
1.7043194e-05,0.0012134043,0.9729994,0.025770148,2,32472,1499774177
2.8041402e-06,0.0033686946,0.9959596,0.0006689158,3,32474,298973543
3.5612217e-08,0.001067218,0.99879956,0.00013321066,3,32474,1429811631
5.6565913e-08,0.0017489722,0.99823844,1.25474235e-05,3,32474,1356205659
4.7292463e-07,0.0013525087,0.99856037,8.667488e-05,3,32474,1866228354
1.5735078e-06,0.00040498565,0.98973095,0.00986256,3,32474,1977353328
0.012416154,0.6923055,0.2893477,0.0059306454,1,32542,1039357189
0.00021092701,0.35569242,0.6438423,0.00025440435,1,32542,1488801296
0.0029256106,0.62156993,0.37507188,0.0004326099,1,32542,1005811323
0.0028229326,0.75653744,0.23977453,0.0008651871,1,32542,1329056769
4.0872547e-07,4.3788095e-06,0.22914955,0.77084565,2,32562,375184877
8.3302746e-07,2.8321974e-06,0.011463594,0.9885328,2,32562,1930787096
3.7367547e-06,0.00011664158,0.93263906,0.06724051,2,32562,322247780
1.2197829e-06,3.1555228e-06,0.2007249,0.79927075,2,32562,1497408405
2.89887e-07,2.6932894e-05,0.8298345,0.1701382,3,32588,195902570
6.8601776e-06,0.0001353223,0.19478656,0.80507123,3,32588,1217518709
5.2204e-07,6.1624223e-06,0.146193,0.85380024,3,32588,8834370
9.022011e-06,2.3971987e-05,0.05937821,0.9405888,3,32588,1673178175
3.577068e-05,0.0464651,0.95284843,0.00065068895,2,32591,1663808733
9.5323304e-07,0.0040419726,0.9957411,0.00021598756,2,32591,2113316216
2.688677e-06,0.057041094,0.9428078,0.0001484081,2,32591,1244450588
5.0345043e-06,0.04125052,0.9586034,0.00014110377,2,32591,1333160047
4.697138e-06,0.16917193,0.8307287,9.471416e-05,1,32614,1303963315
4.3441407e-05,0.052023303,0.94774526,0.00018790158,1,32614,2132053372
2.8897037e-05,0.020088162,0.9773113,0.0025716869,1,32614,1214547626
5.1081147e-06,0.020968333,0.97843575,0.00059085013,1,32614,2016537179
0.008918629,0.7899645,0.20022611,0.0008907014,1,32677,382632675
1.1451861e-05,0.5006158,0.49935886,1.3933823e-05,1,32677,525134711
0.00013892753,0.2257596,0.762624,0.0114774965,1,32677,618160911
0.0020404595,0.40832162,0.5831312,0.0065067504,1,32677,1586841890
2.2176528e-05,0.12546478,0.8739927,0.00052035885,1,32677,1683942983
0.0043570236,0.9009811,0.09459201,6.9814574e-05,1,32704,486886713
0.009200582,0.8866558,0.10405765,8.596286e-05,1,32704,1043272151
0.02816015,0.71041834,0.25928646,0.0021350207,1,32704,119620685
0.026923291,0.95166564,0.021370428,4.0617637e-05,1,32704,395964409
0.013425722,0.96939474,0.017132591,4.695158e-05,1,32704,960896354
0.06464383,0.9197906,0.015491571,7.404821e-05,0,32735,290989381
0.039871085,0.915374,0.04459581,0.00015914257,0,32735,605081290
0.20521687,0.78028846,0.0143767735,0.00011781621,0,32735,525200751
0.4548701,0.53593165,0.009052071,0.00014619222,0,32735,1262744240
0.003781115,0.95891196,0.037292086,1.4833804e-05,1,33,995020214
0.07005708,0.89417464,0.035672233,9.6039665e-05,1,33,2057464302
0.00060179137,0.90701264,0.09237218,1.3407429e-05,1,33,567858385
2.20259e-05,0.6413233,0.3586488,5.9090285e-06,1,33,1579089732
0.012480175,0.90949076,0.077867344,0.00016174275,1,33,1863578666
0.5919343,0.4010516,0.006564124,0.00044995005,1,33040,1272784175
0.14787193,0.84190387,0.010114212,0.000110008084,1,33040,1597045883
0.022975853,0.9568541,0.020122573,4.7496174e-05,1,33040,750517030
0.6941092,0.30147797,0.004145838,0.00026701504,1,33040,789673666
0.05434489,0.88791585,0.057420515,0.00031874818,1,3312,1337073335
0.0061294213,0.8307538,0.1628408,0.00027595749,1,3312,1354118981
0.08870673,0.78551894,0.1251514,0.00062294316,1,3312,1924068015
0.002859276,0.62764066,0.36829916,0.0012008831,1,3312,1678489594
0.00071420334,0.6180393,0.38104752,0.00019891051,1,3312,2123838450
0.0070851403,0.76323724,0.22935194,0.00032566817,1,3312,2131971824
4.8621077e-06,4.0305353e-05,0.19466332,0.8052915,2,33212,661973990
1.8368195e-05,0.00010999099,0.088468105,0.9114036,2,33212,2133111967
0.00010187854,0.006642248,0.8638935,0.12936236,2,33212,1232093693
7.689013e-05,0.020005483,0.95666045,0.023257194,2,33212,1610152411
1.3275177e-06,0.42009732,0.5798988,2.5521529e-06,1,3327,629300252
6.206003e-05,0.46258855,0.53733593,1.342657e-05,1,3327,1337158608
0.00017714032,0.54280704,0.45696598,4.9800507e-05,1,3327,1097556666
8.0426635e-06,0.742279,0.25771093,2.0733105e-06,1,3327,1542259754
5.37914e-08,0.07891991,0.9210774,2.7242406e-06,2,33303,50303129
9.598982e-07,0.01618759,0.9832054,0.00060606224,2,33303,105074564
1.0330633e-06,0.14967704,0.85030913,1.2858171e-05,2,33303,1334184642
5.756896e-07,0.0067641097,0.99288017,0.00035520323,2,33303,393409553
4.818726e-06,0.033227365,0.96602285,0.0007449548,2,33303,956464582
8.295661e-09,0.0015997607,0.9982157,0.00018460667,2,33303,1965176579
5.9601376e-07,0.06543635,0.93452525,3.7878763e-05,1,33334,696266296
4.395893e-05,0.20900515,0.7908557,9.525785e-05,1,33334,983423578
7.9501675e-05,0.018536534,0.9778567,0.0035272853,1,33334,151571124
2.8645914e-06,0.016901609,0.98227435,0.0008212795,1,33334,1662557146
5.4019507e-05,0.16702788,0.8324444,0.00047376205,2,33388,1268363533
1.3383655e-05,0.32941818,0.6705365,3.1981126e-05,2,33388,1803909503
2.6863233e-07,0.25074276,0.74925596,1.0779307e-06,2,33388,1276548204
9.853675e-07,0.26262844,0.7373689,1.6573671e-06,2,33388,1898725373
3.18332e-07,6.7882334e-05,0.99542314,0.004508629,2,334,1137236673
1.2471813e-06,5.45513e-05,0.6894984,0.31044582,2,334,1516348274
3.852826e-06,0.00071166345,0.99376315,0.0055213273,2,334,64688863
3.163861e-06,0.0005812875,0.9890821,0.010333403,2,334,416273966
1.5642523e-06,0.0010095923,0.9930836,0.005905322,2,334,914225455
4.396331e-05,0.00029736158,0.06094069,0.9387181,2,33426,235708697
7.757919e-06,0.0003219947,0.7279886,0.27168167,2,33426,608704305
1.117067e-05,6.865881e-05,0.044979893,0.95494026,2,33426,1794316208
1.0582085e-07,9.0618196e-05,0.92786795,0.07204138,2,33426,2059636334
1.1667708e-05,0.05308199,0.9438465,0.0030597982,2,33443,429774757
7.25236e-06,0.09368598,0.9062396,6.721203e-05,2,33443,791444381
3.0023486e-06,0.015088281,0.9825401,0.0023685864,2,33443,182970904
2.0116556e-06,0.08777834,0.91215897,6.0634837e-05,2,33443,1161296985
0.21987998,0.75212353,0.027389571,0.000606954,1,33501,998350130
0.31404355,0.6800536,0.0057272995,0.00017548673,1,33501,1283747049
0.090991065,0.83278644,0.075489216,0.0007332313,1,33501,616225938
0.0873109,0.8934218,0.018961908,0.00030532692,1,33501,1913983896
0.04908538,0.7028321,0.24577485,0.0023076346,2,33583,132355752
0.028653115,0.6382004,0.29883254,0.034313995,2,33583,527092625
0.0001394366,0.48004052,0.5197095,0.0001104961,2,33583,852762995
0.00044529117,0.3886488,0.61047614,0.00042977865,2,33583,1301721360
0.022371914,0.7778056,0.19671182,0.0031105815,2,33583,326653717
0.00037724944,0.8314465,0.1681034,7.288885e-05,2,33583,1017441251
1.5557168e-07,0.00012425533,0.9905139,0.009361702,2,33719,168941800
1.2657873e-07,0.00019987825,0.9952136,0.0045863176,2,33719,235404498
2.2739683e-05,0.00062842463,0.77176905,0.22757979,2,33719,1474670582
3.431643e-05,0.0003802101,0.9315132,0.06807223,2,33719,177138270
2.7193397e-07,9.784943e-05,0.98472345,0.015178426,2,33719,2087709433
3.865357e-05,0.686049,0.31390297,9.330304e-06,1,33766,126141081
3.2696087e-05,0.76443225,0.23552693,8.079131e-06,1,33766,910482262
4.2010637e-05,0.5806848,0.4192621,1.1058638e-05,1,33766,1240588204
2.9925075e-06,0.547034,0.4529621,8.6275736e-07,1,33766,250187774
2.2847755e-05,0.40862483,0.5913408,1.1497165e-05,1,33766,352704528
1.9406036e-05,0.72258306,0.27738944,8.119954e-06,1,33766,1548226269
5.498678e-06,0.6638099,0.33618212,2.4919934e-06,1,33766,1552341425
6.038652e-06,6.796358e-06,0.0071422383,0.992845,3,3386,1581687486
5.8603344e-08,2.2381428e-07,0.0127679575,0.9872318,3,3386,1984020825
2.5510149e-08,3.1528177e-08,0.0027100348,0.99729,3,3386,318145499
2.4869214e-06,2.6055382e-06,0.0023376215,0.9976573,3,3386,1258195376
0.0880753,0.86810786,0.04362848,0.00018830426,1,33897,322533645
0.0012063392,0.9568039,0.041976433,1.3288434e-05,1,33897,1964781627
0.68594795,0.31184462,0.0021573794,5.003105e-05,1,33897,44605717
0.0016641691,0.96829426,0.030038515,3.1503657e-06,1,33897,482017774
1.0177279e-06,0.0025883324,0.9970912,0.00031945214,2,33961,1582223047
1.7316314e-08,6.4171334e-05,0.9988558,0.0010800478,2,33961,1659315317
5.0716625e-07,3.389936e-05,0.7494053,0.25056025,2,33961,494181445
4.2127542e-07,0.00018250901,0.99928147,0.00053553487,2,33961,1101850618
0.00027424123,0.29618505,0.7031891,0.0003516362,1,34061,136096935
0.002640026,0.56819713,0.4287012,0.0004616501,1,34061,1288066006
6.318002e-05,0.09961811,0.8988184,0.0015003609,1,34061,2040489803
0.00041216065,0.42347223,0.5754553,0.0006602961,1,34061,1032949858
4.7419482e-07,0.25173137,0.74826634,1.8858885e-06,1,34061,1530231739
2.9545407e-05,0.39831394,0.6014694,0.00018712954,1,34061,1796819911
0.99073595,0.009253818,7.312543e-06,2.9418766e-06,1,3411,821274420
0.9652528,0.03473359,8.530808e-06,5.0248846e-06,1,3411,1342477010
0.97962254,0.020346353,1.8174827e-05,1.2837699e-05,1,3411,821694376
0.9975943,0.0024044453,7.18671e-07,4.95748e-07,1,3411,1521425232
0.53831553,0.4589337,0.002539558,0.0002111741,1,34120,58530246
0.21745059,0.7781765,0.00431778,5.50629e-05,1,34120,1496342133
0.42288333,0.5681233,0.008165779,0.00082764967,1,34120,1594347772
0.20379882,0.7672012,0.02832321,0.00067680894,1,34120,136546494
0.0016622614,0.92916113,0.06916667,1.0002864e-05,1,34120,1685096929
0.3143204,0.68130803,0.004273021,9.8506134e-05,1,34121,3220756
0.45601502,0.5424862,0.0014181413,8.0616104e-05,1,34121,477883727
0.14015993,0.8516489,0.008079348,0.0001117855,1,34121,1357244727
0.14993842,0.84313685,0.0068325317,9.212314e-05,1,34121,509822766
0.20739987,0.7886111,0.0039099944,7.901468e-05,1,34121,872217877
0.38158414,0.612828,0.0054237037,0.00016412987,1,34121,1395663574
0.08206636,0.78217065,0.134649,0.001113939,1,34158,505612389
0.0005884544,0.76208735,0.23719624,0.00012804229,1,34158,662020296
0.0076489253,0.8803246,0.11183565,0.00019082826,1,34158,1152761302
0.007682586,0.64370114,0.34764713,0.00096915464,1,34158,1080939118
0.0005014092,0.490678,0.5087237,9.693972e-05,1,34158,1113471226
0.06065913,0.86897296,0.069754586,0.0006133836,1,34158,1572373999
1.8780403e-07,0.21202701,0.7879717,1.1001788e-06,2,3416,71560205
8.340906e-07,0.16103399,0.8389532,1.2009765e-05,2,3416,137705147
8.9881314e-07,0.25122696,0.7487683,3.8371695e-06,2,3416,1140777617
3.6634464e-07,0.11318107,0.88681006,8.581656e-06,2,3416,1411708484
4.9745513e-06,0.054503944,0.94543165,5.947303e-05,2,3416,660772117
2.3479306e-05,0.19651364,0.8033221,0.00014077996,2,3416,792862245
3.1253876e-05,0.3253192,0.6745902,5.9314585e-05,2,3416,1796613540
9.661586e-06,0.1362061,0.86359173,0.00019244385,2,3416,2114740136
0.06834609,0.665898,0.25808296,0.007672941,1,34189,76753850
0.6760637,0.28266892,0.033869576,0.007397845,1,34189,430434484
0.3392912,0.64901555,0.011434979,0.00025827566,1,34189,1017243340
0.6739998,0.2547214,0.055557277,0.015721574,1,34189,1286198019
0.004065688,0.871704,0.12420119,2.9079376e-05,1,34189,1390463036
0.4350953,0.31273523,0.14968304,0.10248646,1,34189,732889327
0.07938935,0.6870818,0.23021322,0.0033155468,1,34189,1032457425
0.78510135,0.17017919,0.021638006,0.02308142,1,34189,1076340476
0.028003583,0.9348076,0.03712747,6.1375664e-05,1,34189,1694489464
0.40009797,0.5877254,0.0117934765,0.0003831508,1,34189,1760042524
1.2630777e-06,3.199966e-05,0.41135904,0.5886077,2,34205,230907983
1.1145694e-05,2.9554098e-05,0.13462898,0.8653303,2,34205,963541535
1.4287214e-06,5.11298e-06,0.1312571,0.8687364,2,34205,1032357594
3.6906554e-06,1.6853606e-05,0.14873235,0.85124713,2,34205,647697559
4.1185143e-07,4.5040165e-06,0.11158011,0.8884149,2,34205,962229550
2.9234463e-06,0.0002848688,0.9083464,0.09136578,2,34205,1363754127
6.9144517e-07,3.3936976e-05,0.9656651,0.034300305,3,34253,574745806
4.626497e-06,6.331299e-06,0.35014746,0.6498416,3,34253,697739374
1.3644129e-06,1.3619409e-05,0.3852966,0.6146884,3,34253,1667170532
1.3435698e-06,1.663574e-06,0.29695562,0.7030414,3,34253,422984092
2.7536169e-07,5.125482e-07,0.045151245,0.9548479,3,34253,445627062
2.3616767e-06,6.30861e-05,0.74244475,0.25748977,3,34253,645555094
4.6988768e-07,1.5965285e-06,0.09613015,0.9038678,3,34253,994471626
5.655002e-07,1.6449377e-06,0.0901488,0.90984905,3,34253,1844420556
2.750752e-06,0.010008512,0.98961943,0.00036940194,2,34289,522415173
2.2070548e-05,0.0006474195,0.89860094,0.100729585,2,34289,1092773429
2.597639e-07,0.002094827,0.99765056,0.0002543693,2,34289,71993746
7.0080944e-07,0.00011080473,0.9950866,0.004801926,2,34289,1983896677
0.3381569,0.6446578,0.016926482,0.00025884862,0,34423,818162490
0.8514883,0.1481269,0.00033182037,5.299772e-05,0,34423,2074756889
0.16361949,0.8095038,0.026643723,0.00023294293,0,34423,1255338
0.53793633,0.4539099,0.007650077,0.0005036403,0,34423,816400548
0.40517154,0.5839347,0.010582176,0.00031158113,0,34457,1798065673
0.25264376,0.73810226,0.0090908725,0.00016317208,0,34457,1947379260
0.55960584,0.43751365,0.0026429622,0.00023755488,0,34457,719814434
0.9321327,0.06775008,8.4766885e-05,3.2409993e-05,0,34457,1804268002
0.42971423,0.568309,0.0018137156,0.00016310212,1,34630,452869527
0.49886417,0.4991517,0.0019001681,8.391086e-05,1,34630,1658606126
0.383355,0.6118328,0.004441417,0.0003708146,1,34630,1812500764
0.13513084,0.8585028,0.006146206,0.00022010726,1,34630,220119416
0.34686774,0.6398803,0.01245571,0.000796307,1,34630,247266566
3.542118e-05,0.10157858,0.8982913,9.466615e-05,1,34747,125104697
3.268826e-07,0.03578311,0.96420825,8.26454e-06,1,34747,593668504
2.2061574e-08,0.03625151,0.96374756,9.877365e-07,1,34747,375488718
5.2044697e-06,0.12802112,0.8719702,3.42787e-06,1,34747,1820687731
5.818003e-05,0.121355325,0.8774658,0.001120723,2,34760,2109539792
7.911801e-06,0.15572095,0.8442403,3.0848187e-05,2,34760,2134891714
3.0302473e-08,0.0026371863,0.99733704,2.5783227e-05,2,34760,868662889
3.5592545e-06,0.03569533,0.9641913,0.00010981123,2,34760,1896872623
0.51151884,0.4842678,0.0041072303,0.00010614321,1,34824,527152308
0.059046015,0.9246922,0.016248163,1.3582666e-05,1,34824,701723949
0.00064464024,0.905461,0.09388425,1.0093802e-05,1,34824,698380388
0.00011362558,0.714478,0.28538212,2.6191543e-05,1,34824,947955118
3.288346e-05,0.78689253,0.21307227,2.3588354e-06,1,34829,139200693
0.00012053282,0.7689305,0.23093712,1.1786588e-05,1,34829,1020505317
0.000716734,0.7400878,0.25914556,4.9935774e-05,1,34829,8431325
0.0025243517,0.7925376,0.20489791,4.0164305e-05,1,34829,574822693
0.9017534,0.09807785,0.00011627397,5.2386247e-05,1,34855,459790749
0.9321996,0.06769411,6.625419e-05,4.002414e-05,1,34855,1873599306
0.85413384,0.14517944,0.0004992442,0.0001874903,1,34855,222315332
0.81893235,0.18039937,0.00059399224,7.438763e-05,1,34855,1559623893
0.006053949,0.858434,0.1354737,3.8228118e-05,1,34964,70816557
0.016135706,0.93286306,0.050958574,4.2586747e-05,1,34964,540540193
1.4470932e-05,0.6690086,0.33096936,7.597908e-06,1,34964,688699364
0.0012016377,0.7118732,0.2868479,7.729299e-05,1,34964,2043349948
0.016488776,0.94579643,0.037635554,7.930516e-05,1,35045,274618206
0.0023870396,0.86881816,0.12876748,2.7394579e-05,1,35045,1168803214
0.06429526,0.898971,0.036661174,7.2519346e-05,1,35045,1617727045
0.000112653346,0.7948015,0.20507379,1.2105614e-05,1,35045,854994290
0.0017798948,0.82421136,0.17395684,5.187335e-05,1,35045,975358476
0.9781958,0.021515753,0.00018756432,0.00010092084,0,35145,542190316
0.98499876,0.014927033,4.684657e-05,2.7322521e-05,0,35145,746174288
0.97660667,0.023285374,7.1130045e-05,3.6819732e-05,0,35145,1065069204
0.9802551,0.019674942,5.1882722e-05,1.8026134e-05,0,35145,1136090111
0.99347657,0.0065205186,1.2761953e-06,1.6064056e-06,0,35145,1201435475
0.9906776,0.009315149,4.7981403e-06,2.396483e-06,0,35145,1483912624
0.9968837,0.0031142575,9.786207e-07,1.0170853e-06,0,35145,1259099955
0.9890121,0.010968873,1.23285e-05,6.6709845e-06,0,35145,1637329612
0.99197024,0.008023219,4.313004e-06,2.2844931e-06,0,35145,1644307068
0.9858834,0.014105181,6.6794873e-06,4.669201e-06,0,35145,1787884253
0.9613453,0.03843933,0.00012786065,8.745538e-05,0,35145,2088560402
3.0520337e-06,0.6695184,0.33047774,7.796596e-07,2,35163,1140268595
0.0054456135,0.81655705,0.17794004,5.7312194e-05,2,35163,1544942003
2.1984913e-05,0.7802667,0.21970989,1.5328101e-06,2,35163,1901756990
0.00024098203,0.6675978,0.33214414,1.7112787e-05,2,35163,1458360187
3.0816398e-05,0.6124846,0.38747573,8.897418e-06,2,35163,1989434910
5.6734894e-05,0.615751,0.38418362,8.5757165e-06,1,35175,172796659
0.004275364,0.8506064,0.14488897,0.00022927024,1,35175,597882628
0.0022278444,0.8201513,0.17748502,0.0001357572,1,35175,1950389247
0.00014971405,0.73290354,0.26690894,3.7869384e-05,1,35175,558427378
0.00011043512,0.4415312,0.5582459,0.0001124807,1,35175,1781319917
4.4851336e-07,0.00070553087,0.96692735,0.032366656,3,35256,1163182191
1.4743051e-06,0.00010323186,0.7465298,0.25336546,3,35256,2073154835
7.3685607e-07,0.010501922,0.989391,0.00010638927,3,35256,2126145732
4.221899e-06,2.5708721e-05,0.29043394,0.7095361,3,35256,1093233320
8.893282e-07,6.766752e-06,0.24455155,0.7554408,3,35256,1172772380
2.22677e-06,0.0001761255,0.8611024,0.13871919,3,35256,1329624764
6.90969e-08,2.3807999e-07,0.008756996,0.99124265,2,3528,174011999
5.5129067e-07,2.7678518e-06,0.029199548,0.97079706,2,3528,2059421627
2.3747745e-07,8.4185194e-07,0.013869671,0.9861292,2,3528,705314825
7.954695e-07,4.3391933e-06,0.023831246,0.9761637,2,3528,891680483
8.8383024e-07,5.9475597e-06,0.0326527,0.96734047,2,3528,1930568481
0.00063442864,0.88795984,0.11139033,1.5475522e-05,1,35368,30285177
0.00025324678,0.91276807,0.08696951,9.140898e-06,1,35368,312931863
0.013037295,0.9050065,0.08174411,0.00021199018,1,35368,2027719533
0.0017253761,0.7103195,0.2878718,8.321934e-05,1,35368,653240312
0.0002987995,0.7625389,0.23714057,2.1757529e-05,1,35368,1230479287
0.00018666286,0.80457234,0.19522305,1.7951596e-05,1,35368,2111609118
8.178792e-06,0.00020464265,0.71146905,0.28831816,2,3544,174022356
1.3564717e-06,0.00017325926,0.98491365,0.014911745,2,3544,1826143266
1.747387e-06,6.734805e-05,0.9421406,0.05779027,2,3544,928469922
8.603693e-07,1.8358519e-06,0.5290709,0.47092637,2,3544,1312004507
0.6597348,0.338071,0.0020174063,0.0001767757,0,35518,512893377
0.71012795,0.26999804,0.01602268,0.0038513332,0,35518,589852208
0.621539,0.36294958,0.0149546275,0.0005567968,0,35518,1155373414
0.06012736,0.792234,0.14669698,0.000941569,0,35518,1816135001
0.043274395,0.90394074,0.05263709,0.00014773724,0,35518,210428387
0.03261167,0.91625935,0.051068347,6.0578135e-05,0,35518,867365337
0.001245517,0.2516329,0.7461015,0.0010200774,1,35534,361348891
0.00010170958,0.37482834,0.6248875,0.00018248717,1,35534,636149540
0.19038077,0.5542484,0.25089929,0.0044716108,1,35534,1700665773
0.0023592475,0.2790517,0.7159995,0.0025895555,1,35534,1820576407
0.0011357302,0.37216136,0.62620574,0.0004972497,1,35534,250959890
0.00085468235,0.20498933,0.79113,0.003025964,1,35534,1752210014
0.0004681074,0.52057374,0.47865713,0.00030102947,1,35534,1824321225
0.0010195159,0.27205378,0.7259155,0.0010112849,1,35534,1914396457
4.395895e-06,0.0005046354,0.84120905,0.15828189,3,35603,505690763
8.6854436e-07,9.177893e-05,0.93824863,0.061658673,3,35603,1366711355
9.663598e-07,3.1870477e-05,0.21285808,0.787109,3,35603,2128329756
3.4086781e-06,4.3156084e-05,0.16193901,0.8380144,3,35603,1522629857
1.8059066e-07,2.5707359e-05,0.68644947,0.31352463,3,35603,2004178977
0.93256253,0.06729207,0.000101314654,4.4092743e-05,0,35608,390085700
0.91912806,0.08022192,0.00044931998,0.00020070681,0,35608,534794960
0.8199086,0.17574842,0.003958932,0.00038411576,0,35608,751147595
0.7003939,0.2978108,0.0016440087,0.00015126559,0,35608,1643349610
0.97589344,0.024007626,5.2170042e-05,4.686435e-05,0,35608,278329425
0.98939717,0.010597021,2.862301e-06,2.9444816e-06,0,35608,381838766
0.8549389,0.1436986,0.0012462519,0.000116154755,0,35608,973392856
0.963952,0.03593657,8.1847145e-05,2.9683302e-05,0,35608,1363116623
0.9206647,0.07922239,8.248551e-05,3.0354042e-05,0,35608,2048880273
0.00032801877,0.0029260418,0.9776153,0.019130584,2,35673,1084477933
1.093977e-05,0.0020925014,0.99590504,0.0019914508,2,35673,1232809610
1.4162683e-05,0.020034548,0.97975326,0.00019807796,2,35673,765771935
1.185853e-05,0.0038463625,0.994991,0.0011507449,2,35673,1431954770
8.899793e-06,0.056746103,0.9430239,0.0002211007,2,35903,477103889
5.511204e-06,0.026615594,0.972128,0.001250899,2,35903,1072632799
9.363666e-06,0.026677055,0.972968,0.00034551567,2,35903,1686253621
4.4490265e-05,0.21797578,0.7818554,0.00012436096,2,35903,43231849
2.8211838e-05,0.33116183,0.6687357,7.4320924e-05,2,35903,877447382
6.8801266e-05,0.10412063,0.8945216,0.0012889483,2,35903,2123536231
3.0194906e-06,0.42695647,0.57303774,2.8019144e-06,2,35920,397722184
0.00025502668,0.7626419,0.23708941,1.3591793e-05,2,35920,628570272
0.000110136534,0.51357603,0.48629454,1.930949e-05,2,35920,573279060
1.4661919e-06,0.7385897,0.26140854,2.711701e-07,2,35920,1990113311
1.4063539e-05,0.02215916,0.9711685,0.006658299,2,35960,769734757
2.8825757e-06,0.05141212,0.94845474,0.00013031256,2,35960,890424463
3.1729363e-07,0.199584,0.8004149,8.02741e-07,2,35960,939941005
2.5491388e-06,0.1268204,0.8731351,4.198855e-05,2,35960,244112776
1.7257258e-05,0.27884418,0.72111404,2.4506418e-05,2,35960,1349371530
3.8794245e-05,0.8156007,0.18435618,4.3692335e-06,1,35980,556062814
0.42439196,0.5642887,0.011054519,0.00026488505,1,35980,2001287346
0.09470538,0.8538876,0.05098296,0.00042406752,1,35980,1234115691
0.000824898,0.85420924,0.14492768,3.8197715e-05,1,35980,2139693566
8.337379e-08,0.008634951,0.9913049,6.0041955e-05,2,36071,1214702109
7.1495524e-06,0.0064768814,0.98703694,0.006479032,2,36071,1378888411
1.9107163e-06,0.03726381,0.96233404,0.0004001639,2,36071,607232908
3.6688048e-06,0.01438326,0.98498046,0.0006326604,2,36071,2063808894
0.00014217569,0.651242,0.34856662,4.9161044e-05,1,36109,747243800
0.00012273212,0.5667988,0.43304238,3.607389e-05,1,36109,2129809255
0.00024638514,0.5925876,0.4069781,0.00018787367,1,36109,623935507
5.180571e-06,0.82470304,0.17529151,3.1790853e-07,1,36109,1348260374
2.4601582e-05,0.5564616,0.44350666,7.161633e-06,2,36164,147249410
0.0033541513,0.88055027,0.116037205,5.8383874e-05,2,36164,927654915
0.27365097,0.53994006,0.1854157,0.0009932528,2,36164,701080995
7.0076186e-07,0.06230172,0.93768126,1.6403126e-05,2,36164,1261724345
0.0060223974,0.43112028,0.5627004,0.00015687656,2,36164,2033217228
8.956876e-05,0.32962787,0.67008847,0.00019409557,2,36245,1076289596
3.2156924e-05,0.23281765,0.76708144,6.865432e-05,2,36245,1721466077
1.8461702e-06,0.095245846,0.90462583,0.00012645056,2,36245,126782782
0.00069271,0.28769353,0.70891035,0.0027033517,2,36245,1001140083
0.005906288,0.31252852,0.65496063,0.02660453,2,36245,1340627711
0.00044231187,0.20679691,0.79029906,0.0024616811,2,36245,1924603813
6.765477e-07,1.8781617e-06,0.0029173829,0.99708,3,36327,822062677
2.0717552e-09,6.6645702e-09,0.0031996244,0.9968003,3,36327,2048738877
3.6780628e-07,3.8764736e-07,0.0019271167,0.99807215,3,36327,945665956
4.819153e-09,5.8467005e-09,0.00097086316,0.99902916,3,36327,1209286377
0.10511047,0.8854838,0.009254343,0.0001513386,1,36472,184652829
0.5651478,0.43356708,0.0012343274,5.0825893e-05,1,36472,1753656279
0.1852449,0.808821,0.0058704754,6.3655076e-05,1,36472,1904659008
0.273695,0.7193027,0.0068563786,0.00014598023,1,36472,1226692800
0.02498066,0.9683966,0.0065721786,5.057645e-05,1,36472,1377242293
0.31235152,0.67116314,0.016199099,0.0002862029,1,36472,1960885464
2.6584978e-06,4.9362116e-05,0.92673653,0.07321144,2,36484,850492291
2.7158396e-07,2.645719e-05,0.9840995,0.015873836,2,36484,972896398
6.02651e-06,1.9071067e-05,0.95546323,0.044511616,2,36484,986545280
3.007587e-06,1.9774612e-05,0.673491,0.32648626,2,36484,234597212
5.2432115e-06,0.00018882962,0.9592034,0.040602542,2,36484,397195007
7.7079625e-07,3.934211e-05,0.9923316,0.007628148,2,36484,1494191802
4.5308366e-06,0.0011366395,0.98821926,0.010639583,2,36563,404531028
9.671679e-09,0.0018652887,0.99812824,6.4731553e-06,2,36563,545497638
6.706601e-07,0.019469012,0.98048294,4.738959e-05,2,36563,700961017
2.527827e-08,0.0008772325,0.998917,0.00020582747,2,36563,115214200
1.3105975e-07,0.00040797304,0.9993783,0.00021357634,2,36563,1236602495
0.8222431,0.17616281,0.0014229655,0.0001711464,0,36570,724756093
0.9428771,0.056952734,0.000111681155,5.8368285e-05,0,36570,979798108
0.46757355,0.530031,0.0023203916,7.49703e-05,0,36570,2139025292
0.7420552,0.25528547,0.002404043,0.00025530477,0,36570,877004548
0.7209591,0.27814507,0.0008312087,6.4622225e-05,0,36570,937674720
0.55393434,0.44393075,0.0020693734,6.546241e-05,0,36570,1126989566
0.6429277,0.35508338,0.0018602352,0.00012877653,0,36570,1870071397
0.52928597,0.46356606,0.007019487,0.00012845191,1,36582,600108485
0.624165,0.3745491,0.0012549512,3.094845e-05,1,36582,950545761
0.8294039,0.17024985,0.0003098571,3.638845e-05,1,36582,1583776966
0.9961862,0.003813091,3.6040743e-07,3.990275e-07,1,36582,856918070
0.9963977,0.003598252,1.4964074e-06,2.6147611e-06,1,36582,1297440580
0.99923146,0.0007682067,1.6319579e-07,2.285293e-07,1,36582,1311157992
9.052658e-06,0.00017479027,0.3814363,0.61837983,2,36626,793384671
1.1445154e-06,2.946108e-05,0.73310703,0.2668624,2,36626,1156350993
2.1986489e-06,0.00063545554,0.6946422,0.30472013,2,36626,1840424476
2.2230136e-06,9.483126e-06,0.111902654,0.8880856,2,36626,380119316
0.00018725701,0.040083773,0.9463335,0.013395406,2,36626,464386943
1.4597441e-07,2.804273e-06,0.12507284,0.87492424,2,36626,1197622980
3.132827e-06,0.00022780808,0.7444532,0.25531587,2,36677,1146921719
8.919219e-06,0.0002693796,0.6292046,0.37051713,2,36677,2090802386
1.0145729e-05,0.00026553357,0.71772164,0.28200263,2,36677,18827818
3.17811e-05,0.002190854,0.86654377,0.1312336,2,36677,889805120
9.625668e-07,0.00045918152,0.9967116,0.0028282865,2,36680,1689646706
1.5656571e-05,0.0020859612,0.9592132,0.038685203,2,36680,1762218219
3.47637e-07,3.5842022e-05,0.9949313,0.0050324756,2,36680,572988849
5.8651047e-05,0.00042187376,0.5044959,0.49502358,2,36680,709875186
8.039185e-05,0.03191659,0.9662493,0.0017537139,2,36748,207616196
1.5268224e-05,0.00023527755,0.71610063,0.28364888,2,36748,240108548
5.9363233e-06,0.0012799723,0.81570345,0.18301065,2,36748,98580607
1.654046e-05,0.0043120463,0.98413944,0.01153189,2,36748,445478475
1.9812705e-06,9.339583e-05,0.56029516,0.43960944,2,36748,506291319
0.00020092228,0.00938692,0.7052357,0.2851765,2,3681,1472944265
1.6468612e-05,0.08563611,0.9129789,0.0013685994,2,3681,1547082234
0.00041828217,0.22665519,0.76941615,0.0035104128,2,3681,1669915641
0.00013726781,0.003106877,0.2918726,0.7048833,2,3681,2004599190
0.20598966,0.5534581,0.22705615,0.013496086,2,3681,2045338450
4.3671378e-05,0.00626214,0.8322935,0.1614007,2,3681,1262782193
2.3465715e-05,0.06823209,0.9299477,0.0017967526,2,3681,1453541308
6.7058485e-05,0.011100036,0.79317486,0.19565801,2,3681,2098749280
0.5977846,0.39930597,0.0028076856,0.00010174593,1,36841,76463248
0.79237103,0.20727327,0.0003331887,2.2548526e-05,1,36841,1427467623
0.022733368,0.93591446,0.041295946,5.617915e-05,1,36841,330953434
0.5685065,0.42753625,0.003620073,0.0003371992,1,36841,890904071
0.07647027,0.9171533,0.0063511357,2.5256639e-05,0,36853,1043124373
0.5640883,0.4346812,0.0011743952,5.6030625e-05,0,36853,1483723340
0.010576964,0.98050594,0.008907872,9.242357e-06,0,36853,248732326
0.23491156,0.75724113,0.0077523175,9.5058494e-05,0,36853,1240037215
0.84718525,0.1525021,0.00027500233,3.7620368e-05,0,36922,339183927
0.8854171,0.11428804,0.0002455161,4.9412836e-05,0,36922,390842915
0.6424069,0.35222888,0.0048539345,0.00051034277,0,36922,1792713625
0.02628288,0.921448,0.05204126,0.00022791245,0,36922,2026693989
1.2605883e-05,0.15798245,0.84184545,0.00015942863,2,37036,276646754
4.180667e-05,0.09517973,0.9043592,0.00041925197,2,37036,766094970
0.00020408283,0.44187793,0.55747247,0.0004455579,2,37036,1886944563
0.0005176955,0.53966343,0.4596862,0.00013270079,2,37036,1932998406
4.032075e-06,3.5900153e-05,0.9644588,0.035501245,2,37069,430280283
3.6411393e-06,7.320416e-05,0.73155314,0.26836997,2,37069,1525929577
4.971057e-06,0.0016656191,0.99057823,0.007751124,2,37069,464168291
2.7886813e-07,0.010173663,0.9897669,5.9171944e-05,2,37069,1214908402
5.114772e-05,0.6755699,0.3243733,5.621355e-06,2,37092,32533395
0.00043777676,0.866373,0.13317175,1.7410079e-05,2,37092,246308801
2.2011847e-05,0.37151653,0.6284301,3.133841e-05,2,37092,1093886640
0.00015212869,0.697364,0.30242825,5.5638637e-05,2,37092,212743439
0.0097846,0.8677992,0.12223969,0.00017648484,2,37092,325321702
2.472966e-06,0.5925963,0.40739867,2.6034975e-06,2,37092,1856956705
6.558838e-06,0.00014857814,0.40326914,0.59657574,2,37105,1060197486
9.7417915e-06,0.0005837878,0.81972146,0.179685,2,37105,1490097502
3.468306e-06,1.7419867e-05,0.2327787,0.76720047,2,37105,1066209035
3.7902548e-05,0.002275927,0.9344035,0.06328272,2,37105,1352718656
0.0016281065,0.8407072,0.15761103,5.371998e-05,1,37112,1293652074
0.00968995,0.95346653,0.036822695,2.0785967e-05,1,37112,1852422966
0.026973844,0.8813774,0.09118272,0.00046608498,1,37112,1214273692
0.0023803154,0.8673673,0.13010128,0.00015103181,1,37112,1252681771
0.28450412,0.7068872,0.008456028,0.0001526764,1,37112,1877724391
0.00064539857,0.7483704,0.2508548,0.00012941512,1,37203,437618329
0.0007170256,0.7950944,0.20414984,3.8764658e-05,1,37203,845310539
0.00024515696,0.9655983,0.03415479,1.7549056e-06,1,37203,1988502869
9.774856e-06,0.7803433,0.21964379,3.0770857e-06,1,37203,284527479
7.628168e-05,0.8110879,0.18882555,1.02581525e-05,1,37203,826530700
0.001344564,0.8668397,0.13176611,4.9555976e-05,1,37281,895767012
0.0016610661,0.9065737,0.091740444,2.4793515e-05,1,37281,1004478312
0.0041937674,0.9004113,0.095249064,0.00014587183,1,37281,556187929
0.00012345483,0.74407405,0.25579047,1.2067973e-05,1,37281,1401653688
0.0023537884,0.32097188,0.6761078,0.00056644646,1,37295,1612598473
1.990496e-05,0.4451745,0.5547965,9.08458e-06,1,37295,2070474772
1.2327911e-05,0.108255975,0.891706,2.567966e-05,1,37295,722642403
6.8742947e-06,0.15050653,0.8494497,3.6863148e-05,1,37295,1442269220
1.5159312e-05,0.3818203,0.6181417,2.2848153e-05,1,37295,1473755891
0.9945503,0.005435194,3.6152387e-06,1.09860075e-05,0,37313,921577390
0.9944665,0.0055223242,2.9840605e-06,8.2648e-06,0,37313,1456693904
0.99691784,0.0030807487,5.9071556e-07,7.805987e-07,0,37313,1656449535
0.9923265,0.007665936,2.9873952e-06,4.664432e-06,0,37313,145164422
0.9918057,0.008184901,4.316658e-06,5.082368e-06,0,37313,947312525
0.016168278,0.92757195,0.05613482,0.00012498174,1,37330,168633000
2.2375818e-05,0.657183,0.34279245,2.2866318e-06,1,37330,339182402
0.00092299463,0.8727998,0.12626274,1.4514069e-05,1,37330,318271237
0.029882995,0.9453613,0.024679575,7.6115066e-05,1,37330,1044229477
2.1491398e-07,0.12693296,0.8730605,6.298714e-06,1,37350,800635248
1.6069764e-07,0.33369586,0.6663033,6.7027185e-07,1,37350,1587187293
3.007481e-06,0.31720442,0.6827628,2.973913e-05,1,37350,1707249367
9.157788e-06,0.56205577,0.43792236,1.272105e-05,1,37350,81401001
1.217984e-06,0.22484778,0.77514726,3.7648879e-06,1,37350,1712073083
0.0016332561,0.9280493,0.0702961,2.1358182e-05,1,37369,912465902
0.056295283,0.894543,0.048966907,0.00019480934,1,37369,1426322956
0.00067194813,0.8730497,0.12624761,3.0739597e-05,1,37369,899391431
0.00027033326,0.7994893,0.20018493,5.5337397e-05,1,37369,1738742478
1.5085316e-06,4.393147e-05,0.59352845,0.4064261,2,37399,704177359
4.580093e-06,7.377845e-05,0.18184522,0.81807643,2,37399,1134194335
7.5660336e-07,2.163695e-06,0.033644978,0.9663521,2,37399,1967318806
2.1598026e-07,8.955486e-06,0.46670684,0.53328395,2,37399,2002623103
0.12953044,0.8554828,0.014880928,0.00010576945,0,37463,53602766
0.534948,0.4600237,0.004929483,9.879968e-05,0,37463,1123945644
0.37788695,0.61561745,0.0063693468,0.00012626132,0,37463,1170853933
0.68163705,0.31624123,0.0020023643,0.00011935751,0,37463,844312119
0.30419207,0.6891091,0.006441132,0.000257734,0,37463,1721564980
0.47233215,0.5220316,0.0054056523,0.0002305423,0,37463,1913360645
0.06971821,0.92434984,0.0059039267,2.7991864e-05,0,37488,1581407368
0.50892866,0.48774436,0.0031481525,0.00017875948,0,37488,1697322168
0.949358,0.050609898,1.8603972e-05,1.3524807e-05,0,37488,1181377417
0.8433363,0.15650557,0.00014794902,1.0159231e-05,0,37488,1220981566
0.0036762771,0.92661434,0.06962544,8.3994106e-05,1,37722,483160353
0.0022164276,0.9284723,0.0692836,2.7628048e-05,1,37722,1830267461
0.00078837597,0.92676777,0.07243344,1.039067e-05,1,37722,2047653087
0.07043884,0.8948968,0.03453869,0.00012563255,1,37722,244433205
0.0930462,0.89755803,0.009329126,6.668386e-05,1,37722,1781922058
0.004207217,0.90376776,0.09198723,3.7785252e-05,1,37722,1871368851
0.36873785,0.6221065,0.008852344,0.00030333665,1,37747,1552967360
0.6049938,0.3913392,0.0034181592,0.00024885064,1,37747,1948027355
0.2525662,0.7418128,0.005546979,7.389418e-05,1,37747,860878437
0.47932112,0.506376,0.013697847,0.0006049997,1,37747,887180302
0.35348007,0.6437597,0.0026773245,8.284465e-05,1,37747,1424104959
0.5681612,0.42603457,0.005508577,0.00029562903,1,37747,1460193504
0.0020466761,0.6318243,0.36589077,0.0002382293,1,37774,154592468
0.008119754,0.8765392,0.115098834,0.00024220653,1,37774,953643657
0.014163412,0.8460212,0.13939895,0.00041641007,1,37774,47855107
0.017833,0.9025188,0.079471,0.0001771605,1,37774,125014727
0.003026938,0.80120605,0.19569544,7.155588e-05,1,37774,989910301
4.0026356e-05,0.0061657494,0.838274,0.15552022,2,37852,1009633258
5.860054e-05,0.08298736,0.90948427,0.0074696853,2,37852,1484250342
0.00048634724,0.022963911,0.64067835,0.3358714,2,37852,1127783615
6.5211307e-06,9.3700015e-05,0.089584514,0.9103153,2,37852,1556140454
2.3184413e-05,0.013453559,0.94021976,0.046303496,2,37862,466483307
5.1995514e-05,0.0032361478,0.7290672,0.2676446,2,37862,716251527
4.4573524e-05,0.10065117,0.89809626,0.001208055,2,37862,1044717132
0.0014095561,0.025454951,0.7142061,0.25892937,2,37862,1376075736
0.00031822856,0.072796926,0.91374004,0.013144756,2,37862,195432654
3.7787147e-05,0.00040215143,0.11195254,0.8876075,2,37862,1106261433
6.480342e-06,0.0023976641,0.90658534,0.09101045,2,37862,1345416304
0.00020132134,0.08949581,0.9023402,0.007962694,2,37862,1858219249
0.00017552704,0.02752205,0.8998502,0.07245223,2,37944,872619770
0.00062783965,0.06555042,0.88591903,0.04790269,2,37944,1779811470
2.0783929e-07,0.036932953,0.9629908,7.602201e-05,2,37944,1881722918
1.567014e-05,0.017352404,0.9538832,0.02874871,2,37944,1660597644
1.567694e-06,0.14630727,0.85364455,4.6602338e-05,2,37944,1731436442
0.044732444,0.9313525,0.023815265,9.97883e-05,1,38036,1506293075
0.23673983,0.7577134,0.0053925994,0.00015417246,1,38036,2066549384
0.01618107,0.95254374,0.03123765,3.7478654e-05,1,38036,426695563
0.06657745,0.8684393,0.06465841,0.00032486487,1,38036,1576207623
0.13810205,0.84003305,0.021668095,0.00019677705,1,38036,1687049577
0.0002312383,0.00015411491,0.2796473,0.71996737,2,3807,706851819
5.167689e-05,0.00080110336,0.43157667,0.56757057,2,3807,853678743
1.9453091e-05,0.1179761,0.8818096,0.00019485297,2,3807,1225044698
9.775153e-05,0.018812954,0.977424,0.0036652808,2,3807,1356924430
0.008399874,0.091489054,0.16773835,0.7323727,3,38080,875310250
1.8541732e-05,0.00085446786,0.437156,0.56197095,3,38080,1450170661
1.4984496e-06,3.73264e-05,0.12163334,0.87832797,3,38080,88110813
0.00023234797,0.0020530075,0.060571827,0.9371428,3,38080,999892087
0.00032334685,0.006810591,0.3009699,0.6918962,2,38123,80379797
9.838047e-05,0.0009066402,0.24919415,0.74980086,2,38123,1831698414
0.000522847,0.004699909,0.36081737,0.6339598,2,38123,228885438
4.7144127e-05,0.00051364105,0.28245366,0.7169855,2,38123,1237041576
0.84525806,0.15440886,0.00029716952,3.5983157e-05,1,38128,1038723688
0.9186734,0.08127192,4.313984e-05,1.1525871e-05,1,38128,1070019412
0.89923704,0.100639105,9.1910726e-05,3.2011183e-05,1,38128,833528732
0.9288084,0.071124025,5.230464e-05,1.5348338e-05,1,38128,1595642271
0.94019437,0.059725937,6.957442e-05,1.0034861e-05,1,38128,2106123952
0.98469377,0.015147052,7.103252e-05,8.821822e-05,0,38131,286971340
0.9853919,0.014581991,1.1377773e-05,1.4735563e-05,0,38131,1071688023
0.9549732,0.044939812,6.740814e-05,1.9516214e-05,0,38131,1531233698
0.9847498,0.015232254,6.952431e-06,1.1061279e-05,0,38131,617944552
0.937793,0.06206432,0.00012103925,2.1614806e-05,0,38131,1814546332
0.98917913,0.010763191,2.7689492e-05,2.9916246e-05,0,38131,2111094863
0.002032775,0.891751,0.106204614,1.1558348e-05,1,38168,245696559
0.008219495,0.8542275,0.13717715,0.0003758805,1,38168,511305493
0.0072310194,0.9110623,0.081374854,0.0003318085,1,38168,865022290
0.0066824844,0.8884457,0.104786485,8.535864e-05,1,38168,2002053985
4.8350375e-05,0.484012,0.51588863,5.1005627e-05,1,38168,239998903
0.00012113044,0.6734805,0.32637924,1.9084384e-05,1,38168,500230769
5.497042e-05,0.0023551325,0.17985274,0.81773716,2,38171,198144950
0.007987171,0.3748145,0.61451495,0.0026833918,2,38171,1465094139
0.00040339716,0.00029025876,0.020447267,0.97885907,2,38171,1564106999
0.00052048033,0.10274697,0.8630534,0.033679154,2,38171,2133998406
0.0005398798,0.002712322,0.18621768,0.8105302,2,38171,151128333
0.0019886224,0.13015008,0.83474076,0.033120595,2,38171,590011849
0.000101891535,0.0013744856,0.09960813,0.89891547,2,38171,1385365337
0.0036717267,0.29123083,0.7013681,0.0037293488,2,38171,2053190836
0.32439467,0.6694995,0.005843021,0.0002628101,1,38219,29164169
0.51802504,0.47889516,0.0029355546,0.000144288,1,38219,1625840932
0.67057633,0.32645926,0.0024488377,0.00051562005,1,38219,687036201
0.30133447,0.68684685,0.0113905575,0.0004281304,1,38219,1012424374
3.0583884e-05,0.41941366,0.58054185,1.3903853e-05,1,38221,398323208
8.842237e-07,0.0036423602,0.98819876,0.008157937,1,38221,1015859510
1.09905295e-05,0.11420227,0.8857071,7.961862e-05,1,38221,64541479
7.3722396e-07,0.012925989,0.9867972,0.00027607108,1,38221,1992276100
0.9453387,0.054556597,7.644452e-05,2.8220511e-05,0,38241,206612838
0.93628293,0.06364404,5.650222e-05,1.652483e-05,0,38241,2064129146
0.8076772,0.19184843,0.00044132024,3.3055894e-05,0,38241,46141163
0.85622346,0.14326283,0.00042770852,8.6066386e-05,0,38241,231953633
0.64944345,0.3450242,0.004878254,0.0006540609,0,38336,1205523083
0.9585427,0.041364156,5.713052e-05,3.595371e-05,0,38336,1698898855
0.9527217,0.047250945,1.7508857e-05,9.87875e-06,0,38336,1776344578
0.9795472,0.0204281,1.0966342e-05,1.3724959e-05,0,38336,810267443
0.9496481,0.050317064,2.357739e-05,1.1323748e-05,0,38336,1201107468
0.8218269,0.17547344,0.0025368484,0.00016283768,0,38341,19731268
0.96981275,0.03000457,0.00016612605,1.656237e-05,0,38341,2108229863
0.42352018,0.574817,0.00160958,5.3216252e-05,0,38341,2137036269
0.6624978,0.33643177,0.0010191271,5.1388583e-05,0,38341,750475155
0.93995,0.059822798,0.00020794636,1.929166e-05,0,38341,1000066573
0.98624796,0.013737377,1.0492202e-05,4.2289203e-06,0,38341,1863760956
4.7684992e-08,8.866841e-08,0.004248849,0.995751,2,38400,491443883
3.8361114e-07,2.2479478e-06,0.03961516,0.96038216,2,38400,1428056364
5.6651817e-07,1.3647036e-05,0.22931805,0.7706677,2,38400,1683370801
5.9196816e-07,7.1152426e-06,0.09572091,0.90427136,2,38400,181678988
3.2745209e-07,1.7641679e-06,0.016803013,0.9831949,2,38400,1354952944
1.747323e-06,2.6957776e-05,0.25294006,0.7470312,2,38428,775265428
0.00043889403,0.019455094,0.8766483,0.10345767,2,38428,1117261984
5.14556e-05,0.0022517524,0.8714331,0.12626377,2,38428,1381062160
7.558296e-06,0.00039972903,0.62213457,0.37745813,2,38428,916479792
0.00011312556,0.000472288,0.08025028,0.9191643,2,38428,1178526875
5.7915477e-05,0.025429377,0.9626238,0.011888886,2,38455,714062441
2.7594313e-06,0.0029558917,0.9949768,0.002064552,2,38455,2019187214
6.936391e-06,0.00053283165,0.97920024,0.020260042,2,38455,1453019555
4.2307605e-05,0.015957832,0.9669302,0.01706961,2,38455,1793088561
1.254777e-05,0.00026832637,0.82144576,0.17827341,2,38470,95823163
5.668974e-05,0.00028895625,0.53457606,0.46507823,2,38470,144172871
2.582386e-06,0.000883289,0.9661433,0.0329708,2,38470,1040972279
5.2759406e-06,0.00028126303,0.98511976,0.0145937465,2,38470,1804780178
0.0025612696,0.97811735,0.019311558,9.888209e-06,1,38483,28795754
0.0006803229,0.944013,0.055302203,4.4860967e-06,1,38483,411778782
8.704952e-07,0.69603306,0.3039659,1.4009075e-07,1,38483,510837705
5.673504e-05,0.7740339,0.22590575,3.6233753e-06,1,38483,1597085685
0.0064826375,0.46517143,0.5224306,0.0059153372,1,38504,692886894
0.035660084,0.92666644,0.036484063,0.0011894354,1,38504,1975291988
0.085164286,0.5626733,0.3255085,0.026653936,1,38504,1969595418
0.018042214,0.70330215,0.27412763,0.004528077,1,38504,2096832529
0.007666089,0.86403346,0.12824506,5.537275e-05,1,38535,1673837074
2.6119418e-05,0.5314568,0.4685092,7.83658e-06,1,38535,2058364271
0.0011374528,0.8525117,0.14631428,3.6618403e-05,1,38535,608922294
0.012524614,0.80182874,0.18547636,0.00017021805,1,38535,1790187828
1.4277517e-05,1.9854437e-05,0.19317721,0.8067887,3,38542,51750238
1.0622841e-06,2.8428472e-06,0.021233026,0.97876316,3,38542,126028320
2.4720788e-07,1.531163e-06,0.07131406,0.9286842,3,38542,2100100802
3.0900562e-08,8.445558e-08,0.014249645,0.9857502,3,38542,82146206
4.842814e-07,1.7596348e-06,0.02073668,0.9792611,3,38542,193510291
7.796934e-09,4.3963158e-09,0.0029964182,0.9970036,3,38542,1980648675
7.8344236e-08,0.004363333,0.9955511,8.5413114e-05,2,38544,1332766566
5.457998e-07,0.00028731406,0.9900366,0.009675442,2,38544,1850960674
5.599196e-06,0.00036029544,0.9608704,0.038763747,2,38544,676232287
1.751343e-05,0.0061041727,0.97272867,0.021149637,2,38544,804498141
8.850564e-06,4.902126e-05,0.31300315,0.68693894,2,38571,1477611477
1.1180125e-07,4.030657e-06,0.18674873,0.8132471,2,38571,1587127230
6.145968e-05,0.00058314105,0.16831803,0.8310374,2,38571,646631209
0.0008211119,0.0985076,0.8252661,0.07540518,2,38571,1281685733
1.958262e-05,0.0006549508,0.39433855,0.60498697,2,38571,1289924620
3.130318e-05,0.0076733814,0.7537743,0.2385211,2,38571,1711736849
5.1499573e-09,0.0002939563,0.9996917,1.4381322e-05,2,38576,259949455
3.8143777e-09,0.00051176175,0.9994802,8.026296e-06,2,38576,974339309
0.00012881393,0.010192413,0.968137,0.02154178,2,38576,44762825
4.6140245e-05,0.0023970928,0.8280538,0.16950305,2,38576,974245123
2.1915146e-05,9.166972e-05,0.24343689,0.75644946,2,38576,1649952075
1.5964182e-05,0.00014185377,0.3104515,0.6893907,2,38576,1661411580
0.021637771,0.9523335,0.025940532,8.819621e-05,1,38693,1259975319
0.6763035,0.3218557,0.0017377748,0.00010301524,1,38693,1452149928
0.21132933,0.7677368,0.020797683,0.00013621071,1,38693,1019959557
0.005486716,0.95961905,0.034854215,4.0089944e-05,1,38693,1558440187
4.167459e-06,0.00025688982,0.47824204,0.5214969,2,38713,315950182
0.00048731914,0.10958797,0.8703495,0.019575195,2,38713,345013602
0.00047739988,0.05528796,0.7910105,0.15322404,2,38713,712767040
0.00041091506,0.10269361,0.86417294,0.032722484,2,38713,254874610
0.00032357872,0.014439947,0.651918,0.33331853,2,38713,1699921596
0.0010533073,0.17984627,0.79263926,0.02646122,2,38713,1911058830
2.3748341e-06,0.41264874,0.58734316,5.740468e-06,1,38727,1338411990
1.4148309e-06,0.31116697,0.6888297,1.954078e-06,1,38727,1568613395
0.0879528,0.8782062,0.03360345,0.00023750853,1,38727,103819266
0.004170646,0.70111465,0.29439506,0.000319575,1,38727,1485066147
0.2979461,0.69573104,0.0061228853,0.00019997012,1,38727,1804419348
0.003986505,0.3945168,0.600439,0.0010576624,2,38743,219583730
0.0018098847,0.28067565,0.71507627,0.002438276,2,38743,455892994
7.9303856e-05,0.019071482,0.9368639,0.043985326,2,38743,887020449
0.0062923837,0.018907556,0.28837913,0.686421,2,38743,1512611579
0.00026452375,0.12343029,0.86967963,0.0066256346,2,38743,468853011
0.0013391227,0.23366204,0.7635598,0.0014389738,2,38743,997061147
0.00010900014,0.013729349,0.674847,0.31131464,2,38743,1059581647
0.0026629998,0.022012347,0.44984773,0.52547693,2,38743,1577101698
0.01531005,0.943952,0.04058684,0.0001511204,1,38785,1316676764
0.0040190364,0.97291124,0.023044504,2.5279993e-05,1,38785,1919890966
0.014225946,0.927386,0.058319286,6.875322e-05,1,38785,2084767663
0.00039194417,0.7605416,0.23899779,6.8610716e-05,1,38785,394129956
2.620872e-07,0.72569114,0.27430847,1.5953498e-07,1,38785,1382877790
2.5073676e-05,0.8262797,0.17369196,3.2115424e-06,1,38785,2086751027
1.4860136e-08,2.4747842e-05,0.98668087,0.013294328,3,38841,1466182506
2.8134588e-09,2.7690915e-06,0.997869,0.0021282064,3,38841,1766160052
2.5663045e-08,5.4318466e-06,0.9739091,0.026085475,3,38841,195213777
1.152416e-08,3.03338e-05,0.99930966,0.0006600622,3,38841,235747395
1.7549772e-07,3.825176e-06,0.6358857,0.36411032,3,38841,1523064281
0.0017728793,0.9383165,0.05988813,2.2475331e-05,1,38942,82493902
0.048010994,0.94372433,0.008183079,8.1592254e-05,1,38942,526193867
0.0031561821,0.9786806,0.01815574,7.427249e-06,1,38942,1267961885
0.12581599,0.8581408,0.015701253,0.0003420229,1,38942,1584268762
0.48444906,0.5057258,0.009441952,0.00038321014,1,38964,45877561
0.97180194,0.02811856,5.9161608e-05,2.0281506e-05,1,38964,455259990
0.7614559,0.23570134,0.0025719204,0.0002707778,1,38964,962776150
0.6905037,0.30614066,0.0031479772,0.00020763242,1,38964,780324414
0.8220283,0.17699559,0.000925793,5.0239654e-05,1,38964,1406437857
3.5571775e-05,0.62625647,0.37369156,1.639112e-05,2,39016,60664749
0.00023857661,0.65891,0.34076458,8.6797045e-05,2,39016,1434793186
1.1356842e-05,0.099213324,0.9006269,0.00014837146,2,39016,267423086
7.4547967e-07,0.03583649,0.9641476,1.5132994e-05,2,39016,875836937
0.0002051544,0.001623144,0.36168307,0.6364886,2,39049,1523178300
5.090326e-05,0.0063759224,0.9498289,0.043744244,2,39049,2082088542
3.2881024e-05,0.0036275384,0.955403,0.04093664,2,39049,1395322989
0.00014270796,0.004459939,0.91533303,0.08006432,2,39049,1476358359
0.00010406656,0.0018828419,0.8908096,0.107203454,2,39117,679522950
1.2560152e-05,0.0018206983,0.9940321,0.0041346885,2,39117,861564576
5.5644764e-06,0.00044706586,0.98107374,0.01847365,2,39117,460681499
1.7784218e-05,0.004152639,0.99314135,0.0026883283,2,39117,1620100559
0.005435957,0.6595571,0.3337215,0.0012854154,1,39166,174738669
0.00024988677,0.015364518,0.9453001,0.039085522,1,39166,863724929
5.7251805e-07,0.11788036,0.8821156,3.5292828e-06,1,39166,1819328871
1.2870078e-06,0.18669641,0.81329495,7.3631313e-06,1,39166,706127572
0.00016043599,0.07835884,0.9171145,0.0043662568,1,39166,891708778
0.0003611309,0.13253354,0.8657766,0.0013287215,1,39166,1561612499
2.3815455e-06,0.0069590244,0.99085885,0.0021797647,2,39180,1117936038
1.4757109e-07,0.0038856047,0.99595165,0.00016258036,2,39180,1873687024
4.3751177e-07,0.0077800504,0.9918122,0.00040725654,2,39180,141610259
6.0856513e-07,0.0010025466,0.9963308,0.0026661195,2,39180,767438563
0.00017766196,0.8289641,0.17083073,2.7429613e-05,1,39231,1186137766
0.002250212,0.89573056,0.10188387,0.0001353838,1,39231,1507122315
0.0013543718,0.9148007,0.083698794,0.00014607685,1,39231,1977358521
0.014196586,0.95615673,0.029263917,0.00038275492,1,39231,282910543
1.8190975e-05,0.82846004,0.17151642,5.299047e-06,1,39231,1476405273
0.6719707,0.31964004,0.007334355,0.0010548937,1,39244,108734987
0.6209129,0.37564418,0.0033267827,0.00011613572,1,39244,227581197
0.1609491,0.82353944,0.015358715,0.0001527527,1,39244,922980222
0.026190775,0.95043534,0.023356738,1.705241e-05,1,39244,472720606
0.30304176,0.6852157,0.011477025,0.00026553267,1,39244,926443376
0.0009855846,0.42845458,0.5704107,0.00014913699,1,39261,1357929465
8.2066725e-07,0.09820997,0.90178674,2.4153298e-06,1,39261,1729560364
0.028494433,0.77103686,0.19995998,0.0005087426,1,39261,428482857
2.489909e-05,0.042648245,0.95713043,0.00019648069,1,39261,614387183
6.841287e-09,4.05179e-09,0.00045664445,0.99954337,3,39319,549676762
1.8041217e-07,6.933392e-07,0.011814361,0.9881847,3,39319,753319934
5.734358e-09,4.3233714e-09,0.0013444037,0.99865556,3,39319,833287606
6.514892e-09,6.259386e-09,0.0030496842,0.9969503,3,39319,249792047
6.522969e-08,5.596679e-08,0.0010008666,0.99899906,3,39319,1903868636
6.1610666e-07,1.4638346e-06,0.0036924016,0.9963056,3,39319,2072472610
0.0005858312,0.83543175,0.16393284,4.9642156e-05,1,39380,463806475
0.0005668018,0.8064096,0.19298634,3.729036e-05,1,39380,1411134997
1.4786839e-06,0.40359837,0.5963972,2.9062849e-06,1,39380,1590701531
0.0015480412,0.7414608,0.25688255,0.00010867246,1,39380,1612910455
0.7365058,0.2613982,0.0019171481,0.00017887201,1,39409,969915220
0.68272287,0.3151999,0.0018805389,0.00019663812,1,39409,1894916318
0.47594708,0.5203718,0.0035598434,0.00012125978,1,39409,1574868669
0.6173173,0.3657348,0.015561049,0.0013867985,1,39409,1974831371
0.82783604,0.1709644,0.0010152352,0.00018429542,1,39409,1988445430
5.931254e-06,0.11967286,0.8802959,2.5283029e-05,2,3944,476756458
3.052023e-05,0.15357901,0.8462827,0.00010777171,2,3944,550054818
0.027046368,0.8107812,0.1599182,0.0022542423,2,3944,1257780952
0.00053419353,0.101785816,0.8959374,0.0017425129,2,3944,1434067495
7.434674e-05,0.0012933939,0.6397275,0.35890478,2,3944,138901156
0.00027389103,0.014324495,0.8933539,0.09204773,2,3944,347368264
7.030737e-05,0.000630175,0.58755106,0.41174847,2,3944,1824071858
2.0264899e-05,0.00013679036,0.6891607,0.31068224,2,3944,2054214525
2.9121936e-06,0.015018923,0.98455936,0.00041875022,2,39460,139261930
7.4448366e-07,0.003997045,0.9956092,0.0003929933,2,39460,1426526257
5.4872876e-06,0.0029216607,0.9876794,0.009393392,2,39460,1751135866
0.0006687004,0.04679272,0.88813215,0.06440647,2,39460,600956688
3.544157e-05,0.0032297308,0.8914176,0.10531716,2,39460,680981446
1.4436551e-05,0.02166791,0.97712654,0.0011910724,2,39460,902986704
0.00011369265,0.0041418397,0.8668274,0.12891707,2,39460,1292935706
2.6841096e-07,0.00048101117,0.9965767,0.002942027,2,3947,937503477
7.3512905e-07,0.00013071107,0.9544139,0.045454744,2,3947,1163606661
7.928974e-09,0.00025375426,0.9994567,0.0002895186,2,3947,1401062738
2.6161982e-07,0.00031732942,0.9911233,0.008559128,2,3947,1147393907
9.594353e-08,0.000742571,0.998896,0.00036133514,2,3947,1738339359
1.8121037e-07,0.0022310098,0.9975311,0.00023764212,2,3947,1848521456
2.4368003e-06,0.34540525,0.6545844,7.891875e-06,2,39581,893624338
0.0005279951,0.09338335,0.9056199,0.00046864644,2,39581,1907089952
1.2728101e-05,0.14731538,0.8526167,5.5207634e-05,2,39581,1970697542
3.974004e-05,0.00031814337,0.83528405,0.1643581,2,39581,404405563
3.3812932e-05,0.011696336,0.98719007,0.0010798213,2,39581,638688426
0.019935999,0.053579062,0.9145769,0.011908048,2,39581,1848478206
0.00012678721,0.0015658394,0.94182,0.05648739,2,39581,1932778778
0.016024029,0.56677186,0.41580176,0.0014023483,1,39598,140289957
0.22985661,0.6469094,0.120293185,0.0029408114,1,39598,453885740
0.054955475,0.8984094,0.04640188,0.0002331128,1,39598,943823811
0.0036601545,0.8287427,0.16750206,9.5121155e-05,1,39598,48112509
0.2442453,0.67181003,0.08323961,0.0007051057,1,39598,2025119830
6.1262006e-05,0.36983135,0.6299653,0.0001420044,1,39611,122457445
1.6556747e-05,0.2679197,0.7319518,0.000111982255,1,39611,177448093
4.361635e-06,0.4003422,0.5996343,1.9118437e-05,1,39611,20482902
2.339005e-06,0.1413058,0.8586325,5.927483e-05,1,39611,632410645
9.469165e-07,0.4627803,0.53721714,1.6445961e-06,1,39614,814185204
3.3838907e-05,0.65471756,0.34524494,3.6378274e-06,1,39614,987374432
0.00020287556,0.63525474,0.36452103,2.1318521e-05,1,39614,4126081
0.0060212007,0.250543,0.7425073,0.00092846114,1,39614,391917874
1.9774455e-07,0.017256869,0.9826795,6.346016e-05,1,39614,986599791
4.9053506e-05,0.07504877,0.92477816,0.00012405477,1,39614,1147084996
0.00020620709,0.009622211,0.8906507,0.09952086,1,39614,2072300854
0.0011230105,0.14020205,0.85573417,0.0029407013,2,3964,81627223
2.8929058e-05,0.4077862,0.5921491,3.5749337e-05,2,3964,497627926
5.12731e-06,0.10214702,0.89770806,0.00013979174,2,3964,1317339546
1.0737914e-05,0.0026613723,0.99514693,0.0021809305,2,3964,1148310583
3.9004648e-05,0.14822619,0.85141855,0.00031631166,2,3964,1384189753
9.114406e-06,0.00034887926,0.8736901,0.12595183,2,39658,636211048
1.0200455e-06,0.011703136,0.987943,0.0003528814,2,39658,1063239681
6.571223e-07,0.020705247,0.97913295,0.00016107417,2,39658,259328086
6.7808793e-07,0.010749829,0.9891833,6.615133e-05,2,39658,1756679296
3.3248054e-07,3.0098524e-06,0.12691261,0.873084,3,39672,961487909
5.542211e-07,4.5572406e-06,0.19097489,0.80902004,3,39672,1821886587
7.306671e-07,2.0465193e-06,0.010573582,0.9894237,3,39672,50582586
7.705023e-06,5.593527e-05,0.17737482,0.82256156,3,39672,1232987564
0.4176961,0.5798469,0.0023763778,8.069985e-05,1,39676,282497216
0.28931892,0.70835733,0.0023005956,2.3143037e-05,1,39676,442667728
0.21745741,0.7368984,0.043128155,0.0025159707,1,39676,1396874460
0.017489988,0.9671103,0.015335366,6.448416e-05,1,39676,714661170
0.58463436,0.41427222,0.0010377934,5.5603483e-05,1,39676,799000312
1.0106188e-07,0.0007055389,0.9991322,0.00016216896,2,39694,19860966
6.7338033e-06,0.0001433763,0.89266163,0.10718827,2,39694,2062611563
3.9180982e-08,0.006280776,0.99371064,8.547742e-06,2,39694,1363474087
4.8386823e-06,0.003431215,0.9891894,0.007374543,2,39694,1811260408
0.631962,0.36486727,0.0029967662,0.00017400073,0,39752,770008145
0.693639,0.30489105,0.0014105279,5.9515958e-05,0,39752,2098273041
0.835841,0.16330545,0.00075888744,9.474525e-05,0,39752,1968918228
0.7072185,0.28942174,0.0030264282,0.0003332697,0,39752,2057027000
9.924683e-06,0.3866818,0.6132983,9.94382e-06,2,39893,34561261
1.3366558e-07,0.117592424,0.88240594,1.4982811e-06,2,39893,1557527689
4.0802306e-07,0.22112198,0.77887547,2.1515675e-06,2,39893,1732539619
1.48453925e-08,0.12599435,0.87400514,4.4045663e-07,2,39893,1753781915
2.0894875e-05,3.2075783e-05,0.17030497,0.82964206,3,39896,527923549
3.3012466e-07,5.1165025e-06,0.19951056,0.800484,3,39896,2085217482
1.4058459e-05,1.9923673e-05,0.18074952,0.8192165,3,39896,131949194
6.6679996e-07,4.8963084e-06,0.19897245,0.80102205,3,39896,1483157285
0.028751519,0.91646975,0.054552082,0.00022667745,1,39915,1360846922
0.09368495,0.87766117,0.028489614,0.0001642474,1,39915,1425749099
0.001242493,0.7982702,0.20019512,0.00029210426,1,39915,1645166131
0.13438427,0.80193174,0.06272589,0.0009581194,1,39915,203129097
0.00043142095,0.94373506,0.055817094,1.6419874e-05,1,39915,619396800
0.037744317,0.85807717,0.10333716,0.0008413612,1,39915,1683747367
6.2738623e-06,0.87369066,0.1263023,7.5529806e-07,1,39957,1460358110
0.0016644011,0.56164706,0.43644917,0.0002393421,1,39957,2087907277
1.1619289e-05,0.5054015,0.49457672,1.0175829e-05,1,39957,375784077
9.2277776e-05,0.7975337,0.2023498,2.421945e-05,1,39957,1978326988
2.0808295e-06,0.38644528,0.6135507,1.915689e-06,2,39959,283700127
5.298236e-05,0.5941467,0.40579548,4.834625e-06,2,39959,1429710392
7.3967108e-06,0.23738661,0.76259685,9.157286e-06,2,39959,421277088
0.00019019617,0.48692313,0.51286,2.6672164e-05,2,39959,1912194684
0.0062184082,0.89543337,0.09689936,0.0014487922,1,40059,1154558626
0.0041249474,0.76031476,0.23536634,0.00019393812,1,40059,1313647211
0.002394886,0.44265765,0.5534648,0.0014827136,1,40059,734225760
0.0008964351,0.78048825,0.2185624,5.295572e-05,1,40059,1566221228
0.0005539294,0.011173452,0.25282037,0.73545223,3,40085,679676676
0.00015827028,0.0023556433,0.4795906,0.51789546,3,40085,1577555190
0.0002808774,0.0069499463,0.69942796,0.29334122,3,40085,751883309
1.6885562e-05,3.4355995e-05,0.014339867,0.9856089,3,40085,1787013215
3.4061568e-06,0.1055599,0.8943856,5.1114064e-05,2,40122,1274717189
4.9425043e-06,0.3203365,0.6796447,1.3834814e-05,2,40122,2050502379
2.6722108e-05,0.13983475,0.85997677,0.00016170176,2,40122,649884598
1.8805418e-05,0.19826174,0.80169487,2.4577346e-05,2,40122,666103383
4.3676255e-06,0.106337205,0.8935608,9.761424e-05,2,40122,1942597355
0.03767249,0.9071273,0.054695442,0.0005048016,1,40143,887509577
0.083486214,0.8251576,0.08930336,0.0020529025,1,40143,1570177376
0.18108715,0.7762018,0.042467788,0.00024322634,1,40143,1719634449
0.013509625,0.90703833,0.07928767,0.00016437753,1,40143,461408073
0.017627051,0.85836476,0.12364115,0.00036700387,1,40143,1031771138
0.056135897,0.9091776,0.03461808,6.841437e-05,1,40143,1071094910
0.074139096,0.8814619,0.044312768,8.613688e-05,1,40143,2103606693
5.0584576e-06,0.09770106,0.9021259,0.00016802204,2,40177,565997535
3.8194453e-06,0.097331055,0.9024072,0.00025787478,2,40177,930911146
3.1245167e-05,0.5841264,0.41582862,1.3684829e-05,2,40177,1052698241
1.5719431e-06,0.09016861,0.9097927,3.7124348e-05,2,40177,289965259
2.7887302e-07,0.13495655,0.86500704,3.6100835e-05,2,40177,313571718
0.00040242623,0.27896193,0.6793762,0.04125947,2,40177,1277514218
5.708856e-06,0.31966347,0.68029356,3.7316808e-05,2,40177,1648334029
0.041005213,0.76765686,0.19101821,0.00031978748,1,40219,91617310
2.7984936e-05,0.63863945,0.36132643,6.195926e-06,1,40219,1930559153
0.0016796213,0.71910924,0.27916187,4.918352e-05,1,40219,22303839
0.00033648728,0.5876819,0.41194043,4.122298e-05,1,40219,208723115
2.1650343e-05,0.327277,0.67262995,7.139965e-05,1,40221,356529012
1.518478e-05,0.41512644,0.5847941,6.428723e-05,1,40221,883503830
4.1912488e-05,0.091787934,0.90745616,0.00071406056,1,40221,1014021891
7.2592657e-06,0.030334445,0.9648609,0.00479735,1,40221,2028052426
7.25871e-05,0.00019604799,0.33797693,0.6617545,2,40391,599834933
0.00024304468,0.0005074896,0.6468938,0.35235566,2,40391,1600712570
2.5522764e-05,0.004314134,0.9403787,0.05528162,2,40391,1921510490
3.1392043e-05,0.0057373303,0.9870701,0.0071611684,2,40391,992588266
1.4909133e-05,0.026734538,0.9730084,0.00024210426,2,40391,1678668993
6.5063466e-07,0.014086163,0.9856387,0.00027445826,2,40391,1973524151
3.1887317e-05,0.1561067,0.84380627,5.5157754e-05,2,40410,816345396
4.0077404e-07,0.07688935,0.92309874,1.14632885e-05,2,40410,1153739022
1.2554175e-07,0.042378698,0.9576138,7.369206e-06,2,40410,1196089039
1.607697e-05,0.07723518,0.9226865,6.225461e-05,2,40410,1301430781
0.74582,0.25081536,0.003159148,0.00020547783,1,4052,1434888814
0.013561338,0.80840683,0.17777516,0.00025660847,1,4052,1573189265
0.011046776,0.90384,0.08506337,4.9819144e-05,1,4052,637590908
0.17348029,0.79113436,0.035013814,0.00037150775,1,4052,1426890997
0.0015732215,0.9239871,0.07441528,2.442559e-05,1,40563,330393164
0.000101159,0.942538,0.05735827,2.551153e-06,1,40563,763825676
0.028727992,0.9131178,0.057942368,0.00021187135,1,40563,1160518520
0.3616695,0.63442034,0.00381739,9.268559e-05,1,40563,1778355307
0.9702009,0.029790528,6.989563e-06,1.7183243e-06,1,40680,500523667
0.94646686,0.05350109,2.3747596e-05,8.3505765e-06,1,40680,814176292
0.98197067,0.017991133,1.963203e-05,1.8608536e-05,1,40680,463387047
0.23985326,0.75717574,0.0029411784,2.9742509e-05,1,40680,1121634218
3.6976715e-08,2.4213492e-07,0.0031432041,0.99685645,3,40744,838726676
1.6920428e-06,1.6796008e-06,0.016448308,0.98354834,3,40744,1255210135
4.486619e-07,1.412473e-06,0.06570227,0.93429583,3,40744,1541842360
1.0382239e-07,2.4382993e-07,0.003410425,0.9965892,3,40744,200971112
2.9552987e-07,2.1049627e-07,0.005073069,0.99492645,3,40744,1288456054
2.6825814e-05,0.00017602659,0.08441123,0.91538596,3,40744,1896910195
0.00013642441,0.012160785,0.8409724,0.1467304,2,40747,142114804
0.00020336708,0.029919606,0.8982536,0.07162341,2,40747,442184821
0.00024705895,0.0020865689,0.23865747,0.7590089,2,40747,653105152
0.00043175503,0.0065104994,0.44482315,0.54823464,2,40747,716571709
0.0011403736,0.009963586,0.413034,0.57586205,2,40747,1677788990
0.00085772085,0.03085429,0.73687977,0.23140827,2,40747,759078105
0.00070986134,0.0056536766,0.47069395,0.5229425,2,40747,1538981207
0.00022852387,0.03805279,0.83089095,0.13082774,2,40747,1630778108
2.5396383e-07,6.924688e-06,0.043709654,0.9562831,2,40747,1877915885
0.08203336,0.8817104,0.036098592,0.00015762678,1,4083,888382598
0.007639064,0.9433161,0.049024448,2.0511134e-05,1,4083,1626302930
0.00033248332,0.7435231,0.25609833,4.5973782e-05,1,4083,61389923
0.0017595342,0.731299,0.2668746,6.684945e-05,1,4083,546424063
0.35654885,0.62373537,0.019172069,0.00054369215,1,4083,1022886281
8.245829e-06,0.3804617,0.619498,3.2067735e-05,1,40888,19152831
0.0003817256,0.61800617,0.38152948,8.260826e-05,1,40888,1383399353
0.0050380505,0.29343033,0.69401157,0.007520026,1,40888,1809415485
0.0005713155,0.21808359,0.7723481,0.008997009,1,40888,178448540
0.0017145512,0.37284055,0.62035173,0.00509315,1,40888,1240589691
2.8710115e-06,0.07156276,0.92824095,0.00019337346,1,40888,1510056289
0.00080460694,0.91720855,0.08196564,2.1219503e-05,1,40937,732565630
0.04721583,0.91004103,0.042474546,0.00026860624,1,40937,1041194908
0.33128774,0.6428777,0.02522092,0.0006136169,1,40937,1528341926
0.16441706,0.7716332,0.061492365,0.0024574457,1,40937,2043543736
0.19749846,0.7710938,0.029464673,0.0019430872,1,40937,506285155
0.2290518,0.75188,0.018449966,0.00061817677,1,40937,1229872653
0.011927393,0.93385607,0.054132935,8.357606e-05,1,40937,1756180526
0.000117591844,0.5069587,0.49279276,0.00013090274,2,40941,244541214
0.00045040832,0.7171862,0.28232592,3.741107e-05,2,40941,762018265
0.0008314966,0.29047158,0.7073817,0.0013151965,2,40941,1805754009
3.4584296e-05,0.50951046,0.49043438,2.0590143e-05,2,40941,2144406675
0.31433484,0.67505014,0.010418483,0.00019647466,1,40989,296222488
0.45286828,0.53927857,0.007601403,0.00025173873,1,40989,486765183
0.07800859,0.9140526,0.007845204,9.363946e-05,1,40989,1293030441
0.14308959,0.84898376,0.0077508343,0.00017574732,1,40989,221054256
0.2805543,0.7047476,0.014440429,0.00025769277,1,40989,600843230
0.7206656,0.2780633,0.0011742505,9.695986e-05,1,40989,855451577
0.002742965,0.92011416,0.077128775,1.419158e-05,1,41013,208096528
7.2633695e-05,0.7425326,0.25739118,3.5169462e-06,1,41013,1305945389
0.0027497604,0.82727474,0.16993028,4.526818e-05,1,41013,2000803852
6.4926685e-06,0.22397296,0.775964,5.655334e-05,1,41013,256191035
5.0408595e-08,0.2253289,0.77467054,4.3878794e-07,1,41013,518976944
0.11709092,0.8766736,0.006173165,6.240912e-05,1,41058,1999953907
0.5455798,0.4495776,0.00468459,0.00015809065,1,41058,2111299841
0.0074259806,0.9017883,0.0906969,8.880071e-05,1,41058,1119502926
0.041953664,0.9296429,0.028312232,9.123717e-05,1,41058,1957546501
4.9398343e-05,0.00020381103,0.7276192,0.2721276,2,41071,718257734
4.972918e-06,4.0114053e-05,0.6560751,0.34387976,2,41071,1006270310
7.9641285e-07,1.9111905e-05,0.8287295,0.17125057,2,41071,1159393880
1.5233413e-06,2.3050201e-05,0.28015056,0.7198248,2,41071,1210412327
0.00023122873,0.1773764,0.82034683,0.002045634,1,4114,851893052
1.8863133e-05,0.059047475,0.9405492,0.0003844222,1,4114,1023534484
0.00010923555,0.11138977,0.88717306,0.0013279419,1,4114,1700121168
1.6234948e-05,0.08197857,0.91762775,0.000377485,1,4114,31893358
8.149839e-06,0.0053654257,0.99349123,0.0011351891,1,4114,164539058
3.1003121e-06,0.016809057,0.9827937,0.00039422046,1,4114,1968809456
0.63516086,0.36237377,0.0020564445,0.00040890402,1,41165,990317296
0.7151886,0.28193846,0.0026540325,0.0002188742,1,41165,1182893654
0.15418655,0.8380953,0.0076695164,4.8626298e-05,1,41165,259575128
0.3633558,0.6246386,0.01159724,0.00040832168,1,41165,411536618
0.8407439,0.15847448,0.0006782974,0.000103251536,1,41165,1034175923
0.16066608,0.8308608,0.008420363,5.275297e-05,1,41213,1128839922
0.7542478,0.2446231,0.0010353505,9.380375e-05,1,41213,2127683534
0.47926968,0.5127885,0.007829104,0.0001127965,1,41213,804381620
0.48904368,0.5063293,0.004489321,0.00013763508,1,41213,1385090064
7.0736045e-05,0.25763875,0.7420198,0.0002706304,2,41219,7840228
0.00060588814,0.40439093,0.59441036,0.00059274235,2,41219,27338484
0.00028252485,0.19709252,0.8020655,0.0005594598,2,41219,138200393
0.0037027134,0.37267032,0.62113184,0.002495196,2,41219,1141728505
0.0023087638,0.28142986,0.7134951,0.002766324,2,41219,43014094
7.62529e-05,0.22403358,0.7756445,0.00024566872,2,41219,824310278
0.0009924886,0.108909,0.76632714,0.1237714,2,41219,1256952916
0.002117105,0.25186336,0.7440451,0.001974458,2,41219,1323238424
0.4633381,0.52676755,0.009628243,0.0002660589,1,41220,166752805
0.15719688,0.8074897,0.035088103,0.00022532964,1,41220,722512417
0.014550484,0.90230286,0.08290889,0.00023773397,1,41220,980340154
0.0027589465,0.7677984,0.2293756,6.697399e-05,1,41220,523204439
0.0013562627,0.9277872,0.070845686,1.0888484e-05,1,41220,961200800
2.2782007e-05,0.00065919914,0.72104096,0.27827704,2,41238,1152046649
8.975613e-06,0.00013198312,0.57300276,0.42685628,2,41238,1501389969
3.0154374e-06,2.4350305e-05,0.19331323,0.80665946,2,41238,899283143
4.5985207e-06,2.2952514e-05,0.12842715,0.8715453,2,41238,1969581106
1.2621354e-06,0.08585394,0.9139649,0.00017978997,2,41250,1025914454
5.885383e-07,0.05271638,0.9472525,3.0489e-05,2,41250,1759374759
3.8585154e-06,0.40649986,0.5934859,1.0371767e-05,2,41250,1854187121
1.5255284e-06,0.018898265,0.98060936,0.0004909021,2,41250,513700972
1.4762136e-05,0.18441589,0.81508523,0.00048410866,2,41250,515472001
1.9176434e-05,0.0022951472,0.98071474,0.016970929,2,41369,1721828196
5.9312682e-05,0.00012760544,0.33406925,0.6657438,2,41369,1744269506
4.547819e-06,0.00076619256,0.9823323,0.016896948,2,41369,2123080291
0.00012891744,6.575259e-05,0.33903444,0.6607709,2,41369,158452816
2.68003e-05,0.00065093103,0.77911294,0.22020921,2,41369,699694527
8.0953605e-06,0.19869979,0.8007174,0.0005746891,1,41379,691739660
2.0114878e-05,0.52792466,0.47199142,6.378088e-05,1,41379,1822161446
0.0001396841,0.3475718,0.6511582,0.0011303547,1,41379,416657098
0.00011581862,0.52483994,0.47443697,0.0006072558,1,41379,1143204221
8.6484494e-07,0.02659552,0.9733986,5.0313374e-06,2,41447,342490177
1.8920474e-07,0.06853504,0.93146294,1.8140624e-06,2,41447,1481189562
4.7984304e-06,0.0021871424,0.9956268,0.002181313,2,41447,1619599680
3.1754957e-06,0.002685394,0.9971961,0.00011530062,2,41447,1713677982
0.9673972,0.032580286,1.7744547e-05,4.7638573e-06,0,41647,502713799
0.8716178,0.12802292,0.0002530185,0.000106277825,0,41647,979922578
0.9327804,0.067119606,6.1262785e-05,3.865911e-05,0,41647,1821746684
0.86025554,0.13938323,0.0002935974,6.76243e-05,0,41647,1884352655
0.950592,0.049327243,5.5234206e-05,2.561789e-05,0,41647,757024574
0.97767913,0.022265919,3.3445227e-05,2.156172e-05,0,41647,1373434747
0.92266303,0.07708063,0.00020378645,5.253897e-05,0,41647,1439536065
0.44198322,0.54330415,0.014368903,0.00034377485,1,41718,652595063
0.2197483,0.7678571,0.012199826,0.00019479236,1,41718,1130719434
0.7649801,0.23104744,0.0037913,0.00018116308,1,41718,1749191550
0.023873175,0.913417,0.06260401,0.00010588902,1,41718,290820894
0.0016640092,0.78571695,0.21256903,5.005378e-05,1,41718,429677741
0.02934193,0.9308413,0.039733738,8.298938e-05,1,41718,531459993
0.0016601811,0.84724003,0.1510603,3.9482766e-05,1,41718,1327918481
8.665782e-08,0.00073784747,0.998792,0.00047005716,2,41736,519879608
6.3989995e-05,0.0013652527,0.52367216,0.4748986,2,41736,1807914170
7.2247253e-06,0.003389594,0.9901288,0.006474421,2,41736,106416968
8.949475e-05,0.02382908,0.79467,0.18141139,2,41736,989221319
9.820137e-05,0.7586071,0.24128458,1.0098903e-05,2,41800,715190370
0.0036457612,0.8056242,0.19060293,0.00012701811,2,41800,1461231774
1.1959798e-05,0.6796112,0.32036912,7.71117e-06,2,41800,23366258
0.019557426,0.8008285,0.17906472,0.0005493999,2,41800,431915640
0.11856886,0.8775611,0.0038143152,5.5785426e-05,0,41926,511959030
0.3319605,0.66476136,0.0032126403,6.548297e-05,0,41926,1594794472
0.26735535,0.728074,0.004493675,7.702163e-05,0,41926,1675421758
0.7177062,0.2809686,0.0012489359,7.6283366e-05,0,41926,180214510
0.2850294,0.7040552,0.010763623,0.00015176268,0,41926,401756893
0.1417306,0.84296864,0.015158307,0.00014236299,0,41926,923675422
0.42195392,0.57377696,0.004126026,0.00014301852,0,41926,1156234755
0.17301692,0.8153149,0.011340553,0.00032767004,1,41970,625692718
0.8593103,0.13999666,0.0005820245,0.00011094624,1,41970,999912943
0.8046402,0.19487192,0.00041208355,7.5834076e-05,1,41970,1106598787
0.86846596,0.13046373,0.0008752498,0.00019512326,1,41970,1222548870
0.7845596,0.21378075,0.0015333985,0.00012627509,1,41970,753395191
0.7941105,0.2045687,0.0012501649,7.071017e-05,1,41970,758568443
0.9192827,0.08060549,9.525166e-05,1.6595293e-05,1,41970,974582570
0.030537102,0.6715143,0.29228505,0.005663573,2,42028,3754064
1.2119665e-05,0.19501546,0.80479294,0.00017947127,2,42028,687625238
9.199067e-06,0.07042747,0.9294363,0.00012698425,2,42028,1647485175
0.000108012995,0.4303317,0.56929386,0.00026639496,2,42028,218556986
1.2049036e-06,0.3028966,0.69708484,1.7405975e-05,2,42028,1766714212
0.014798687,0.867873,0.117085785,0.0002424747,2,42028,1889694726
2.953029e-05,0.49721268,0.50274366,1.4109337e-05,2,42028,1977575852
4.1509892e-07,5.940817e-06,0.09313169,0.90686196,3,42087,857403091
4.9293764e-08,3.8881709e-07,0.01316845,0.9868312,3,42087,1308491231
4.229977e-06,4.7318413e-06,0.0031655577,0.99682546,3,42087,1532980631
2.466614e-08,1.2247811e-07,0.0019404124,0.99805945,3,42087,858133015
2.8770185e-06,2.7264003e-05,0.023650264,0.9763197,3,42087,951770334
2.2270324e-05,0.6209875,0.378986,4.318007e-06,2,421,458810229
0.0035414915,0.8423642,0.15386672,0.00022756415,2,421,1277649924
8.3585985e-07,0.36896938,0.6310263,3.4345344e-06,2,421,812387356
6.475552e-05,0.36723363,0.63262284,7.873395e-05,2,421,1432382599
0.016070466,0.93474823,0.049017087,0.00016425662,1,42137,450061709
0.19237922,0.7736301,0.03344944,0.00054125255,1,42137,2071394953
0.0045849425,0.8381214,0.15713869,0.00015499316,1,42137,212223798
0.034575682,0.9260838,0.039188787,0.00015171696,1,42137,553343443
0.0072645787,0.9403642,0.052273277,9.802571e-05,1,42137,989853555
1.836753e-05,0.00023701273,0.1419583,0.8577863,2,4219,421100819
1.139332e-06,0.00079658936,0.99343807,0.0057641654,2,4219,954839975
1.5682917e-05,0.00012422494,0.3201113,0.6797488,2,4219,1974810172
2.5241727e-06,1.1817169e-05,0.13699917,0.86298645,2,4219,2010737982
0.00042111715,0.8296679,0.16989842,1.2529623e-05,1,42335,1618573712
0.00047930886,0.86797845,0.13153487,7.303964e-06,1,42335,1640216613
0.05350666,0.9226744,0.023728237,9.064847e-05,1,42335,1856541365
0.011227873,0.9179655,0.07072008,8.658195e-05,1,42335,2030380558
0.77183825,0.22662546,0.0012833128,0.00025308563,0,42356,53654537
0.94108516,0.058734007,0.00011420365,6.659851e-05,0,42356,568578884
0.92769605,0.07209713,0.00015476433,5.2075713e-05,0,42356,114290652
0.6816227,0.3156222,0.0025996908,0.00015535801,0,42356,993915135
0.00012027276,0.0101644965,0.9838149,0.0059003225,2,42461,921029538
1.0298604e-05,0.13386518,0.86608946,3.510133e-05,2,42461,1589679998
7.134478e-05,0.37158394,0.62831396,3.070275e-05,2,42461,774316095
0.00018009788,0.26076177,0.7388377,0.0002204111,2,42461,1042295337
3.512956e-06,0.07503961,0.9248247,0.00013212676,2,42512,418489027
0.00037025133,0.32536545,0.67403483,0.00022945652,2,42512,1291578092
5.721646e-06,0.2921796,0.7077946,2.0075531e-05,2,42512,332940032
0.005739393,0.8857241,0.10849507,4.138904e-05,2,42512,468828255
5.721646e-06,0.2921796,0.7077946,2.0075531e-05,2,42512,1741336861
0.00018910274,0.30529365,0.6943863,0.00013099301,2,42512,1772189450
5.9115164e-06,0.0010334213,0.9940481,0.004912565,2,42612,606304717
2.196088e-06,0.006756978,0.9917454,0.0014953815,2,42612,996470892
1.0245095e-05,0.00067107676,0.9692543,0.030064303,2,42612,342967134
2.794948e-05,0.016653735,0.9823929,0.00092531694,2,42612,1840955817
0.058653753,0.90775585,0.033403013,0.00018744598,1,42619,168548674
0.14894788,0.84103864,0.0099092005,0.00010426942,1,42619,1230246167
0.004599627,0.9467973,0.048566956,3.6083107e-05,1,42619,1672618676
0.123817086,0.8635749,0.012527376,8.064301e-05,1,42619,819102782
0.0021898868,0.9599929,0.037810106,7.1301865e-06,1,42619,907606281
1.5239015e-06,0.09319232,0.906803,3.1920342e-06,1,42662,1284107418
2.9312518e-05,0.1406744,0.8592552,4.1041407e-05,1,42662,1395711710
0.0008413663,0.46704012,0.5261728,0.0059457044,1,42662,1456691601
0.0001542874,0.12049821,0.8760216,0.0033259524,1,42662,651432096
0.0002651325,0.34406403,0.65385264,0.0018181368,1,42662,1118473680
0.44788218,0.5295211,0.02187692,0.00071979285,1,42685,486808235
0.88577145,0.11209009,0.0015179117,0.00062056485,1,42685,649489610
0.7638339,0.23203926,0.0035395052,0.0005873431,1,42685,1076811472
0.39399868,0.57254434,0.03206056,0.0013964362,1,42685,665617802
0.9570967,0.042465936,0.0002925268,0.00014479885,1,42685,788896910
0.31772447,0.65112597,0.025500992,0.00564857,1,42685,1651178337
6.3220075e-05,0.0001553486,0.070585385,0.9291961,3,42875,1415096315
2.9596291e-05,7.394019e-05,0.078462906,0.92143357,3,42875,2042619254
8.3533005e-06,7.805734e-05,0.183619,0.8162946,3,42875,42612127
2.019606e-05,0.00019573804,0.23878239,0.76100165,3,42875,1894601199
0.0002725995,0.5068059,0.49279717,0.00012432404,1,42982,764749031
0.0026330848,0.5602888,0.43654075,0.00053743203,1,42982,1227095536
0.000202901,0.5370601,0.4626265,0.000110547015,1,42982,1963622257
0.002041305,0.7832969,0.21434882,0.00031296452,1,42982,1348477164
0.012877563,0.9246865,0.0623718,6.4130494e-05,1,42982,2126182240
0.0046372786,0.98560786,0.009750983,3.879122e-06,1,43004,1829769663
0.04595269,0.8671095,0.08661908,0.00031879725,1,43004,2054900584
0.016382005,0.9056874,0.077846915,8.3695624e-05,1,43004,2086414198
0.41966578,0.57301015,0.0071729897,0.00015107995,1,43004,347269816
0.8520398,0.14740433,0.0004935676,6.2306484e-05,1,43004,1885910224
0.0048094876,0.41365385,0.5781422,0.0033943707,1,43011,121742632
0.0002820719,0.2533411,0.74583834,0.0005384017,1,43011,1570256693
0.00047236506,0.51293033,0.4859022,0.0006951081,1,43011,843011650
0.0029593087,0.370554,0.6255859,0.0009008003,1,43011,1880068861
0.015669025,0.6018319,0.38155025,0.00094874285,2,43100,86516424
9.4443574e-05,0.64237773,0.35750347,2.4262657e-05,2,43100,916683027
0.02193237,0.49679095,0.48024926,0.0010274568,2,43100,2128031365
2.0458735e-06,0.0960968,0.9038727,2.8342216e-05,2,43100,932043684
3.9865435e-07,0.27078775,0.72921056,1.3073918e-06,2,43100,1187020827
9.706032e-06,0.11053053,0.88937235,8.7364955e-05,2,43100,1904179629
2.0117672e-07,5.172248e-07,0.004488229,0.9955112,3,43170,427473806
4.3466482e-08,8.795959e-08,0.0035990765,0.9964007,3,43170,1269637923
1.0486309e-06,1.0894308e-06,0.0057175783,0.99428034,3,43170,1341953327
1.6363887e-07,5.013719e-07,0.007154934,0.9928444,3,43170,1521634939
1.1694874e-06,3.890581e-06,0.0069202995,0.99307466,3,43170,112998197
8.3262755e-08,3.08401e-07,0.004457315,0.9955422,3,43170,965102461
4.9297455e-07,1.3174856e-06,0.01808988,0.9819083,3,43170,1063254920
2.5302088e-05,0.00013486233,0.06264805,0.9371918,3,43170,1319944831
0.00052909984,0.84175485,0.1576325,8.363663e-05,1,43227,41289720
0.00061790174,0.7416965,0.25759324,9.238522e-05,1,43227,1076825803
0.00049965753,0.71822727,0.28099695,0.00027610097,1,43227,220022898
0.0016707752,0.77101004,0.2272206,9.8532546e-05,1,43227,1330737224
0.19293682,0.7818758,0.024771547,0.0004157599,1,43291,1091561267
0.05645578,0.92261404,0.020709166,0.00022106747,1,43291,1674963805
0.031890556,0.8744886,0.09284093,0.0007798871,1,43291,108485772
0.036859266,0.9483755,0.014738519,2.6732585e-05,1,43291,1335782012
0.99108547,0.008908892,1.6219352e-06,3.991488e-06,0,43322,2003892359
0.98210514,0.01785556,1.3849272e-05,2.5409943e-05,0,43322,2017601255
0.99286324,0.007133404,1.5404787e-06,1.8327268e-06,0,43322,648131565
0.9491784,0.050530378,0.00016542617,0.00012575866,0,43322,1913363312
0.28480914,0.70537645,0.009697857,0.00011657127,1,43390,357557232
0.079558745,0.33688274,0.47259167,0.110966794,1,43390,529664310
0.025097981,0.33685833,0.62262607,0.015417617,1,43390,1666898917
0.0023667607,0.27864888,0.71305984,0.0059245275,1,43390,1882643034
0.19286613,0.6060551,0.19344984,0.007628947,1,43390,114267922
0.025515579,0.470445,0.47845206,0.025587263,1,43390,1183628710
0.018888805,0.27247685,0.6545457,0.054088634,1,43390,1907417062
0.56287813,0.43241212,0.004618523,9.124927e-05,1,43390,1996491997
1.1783511e-07,1.7531114e-05,0.9621446,0.03783773,2,43396,278077291
2.5244815e-06,0.0014337403,0.9930728,0.005491009,2,43396,1203734338
1.3652959e-05,0.0077841314,0.98923886,0.0029633895,2,43396,1350017148
4.3950336e-06,5.547327e-05,0.36939546,0.63054466,2,43396,1555664502
3.7282e-05,0.02667945,0.9597405,0.013542734,1,43460,199122616
7.902922e-06,0.028891293,0.97010404,0.0009967971,1,43460,829345962
1.4318197e-06,0.018068705,0.9811798,0.0007501895,1,43460,1704170373
0.0002447219,0.052614473,0.92980266,0.017338146,1,43460,451715956
5.672117e-06,0.015950223,0.96106744,0.022976624,1,43460,1871313860
0.0018483581,0.017478835,0.39370763,0.58696514,1,43460,1910161559
3.976191e-06,0.00061496417,0.9427401,0.056641005,2,4356,684245725
8.389238e-06,0.0032038,0.988305,0.008482913,2,4356,784715438
2.3984363e-05,0.00033071803,0.15249695,0.8471483,2,4356,1272576420
2.9930336e-05,0.00030848713,0.098503895,0.9011577,2,4356,433565792
5.487948e-06,2.1961801e-05,0.031027853,0.9689447,2,4356,641379266
0.8588612,0.14057907,0.00049413013,6.559005e-05,1,43684,223437932
0.849968,0.14956744,0.0003785062,8.600675e-05,1,43684,1540153633
0.7745944,0.22473933,0.0005531272,0.000113152986,1,43684,192299323
0.9583118,0.0416509,2.4278557e-05,1.3033541e-05,1,43684,1680839004
0.44712126,0.53931564,0.013097338,0.00046578248,0,43762,321321852
0.8237073,0.17575505,0.00048821772,4.9465507e-05,0,43762,800715529
0.6881556,0.30764803,0.003951071,0.00024522297,0,43762,879510414
0.7651403,0.23351891,0.0012664578,7.4261276e-05,0,43762,855042439
0.57526445,0.4173074,0.007162126,0.0002660291,0,43762,1054341462
0.007526518,0.7156403,0.2763768,0.0004564134,1,43869,629974064
0.0010020335,0.9070292,0.09193529,3.340056e-05,1,43869,1186695803
6.4573356e-07,0.1665323,0.8334647,2.4181907e-06,1,43869,1135294869
0.0003711926,0.6320212,0.36755136,5.624808e-05,1,43869,1501062061
0.00052198657,0.113056034,0.8847488,0.0016731918,2,43950,465474300
1.9354222e-06,0.15144737,0.84853905,1.1690249e-05,2,43950,1933059563
2.4523583e-06,0.13843438,0.86151344,4.9736376e-05,2,43950,1086650506
9.12569e-05,0.023428053,0.96931845,0.007162228,2,43950,1496679510
5.791813e-05,0.20794433,0.791752,0.0002457288,2,43950,1881855834
1.9364657e-06,0.5278118,0.47218496,1.2300757e-06,2,44008,378151975
4.6552464e-06,0.4560742,0.5439176,3.505707e-06,2,44008,1367500661
2.4735591e-05,0.5713854,0.42857805,1.188291e-05,2,44008,522177529
0.011355902,0.9274231,0.06113374,8.7250126e-05,2,44008,771969505
1.0024233e-05,0.26752457,0.732444,2.1391537e-05,1,44070,748682794
0.00016306013,0.74529743,0.25449628,4.3228392e-05,1,44070,2134953740
9.137079e-05,0.34493223,0.6549254,5.1040573e-05,1,44070,1272266200
1.840816e-05,0.855795,0.14418374,2.8638801e-06,1,44070,1686849300
0.00018224512,0.7325512,0.26723886,2.7663265e-05,1,44086,417994290
0.00013766851,0.8621241,0.13773413,4.096631e-06,1,44086,419309775
0.00056593196,0.712842,0.28645694,0.00013521352,1,44086,1037964749
0.013176307,0.8973909,0.08934022,9.259874e-05,1,44086,1073859715
0.00020077503,0.8486778,0.1511148,6.5340414e-06,1,44086,2089607998
1.3710385e-06,0.049477946,0.9504528,6.78914e-05,2,44121,643750923
3.8967255e-07,0.06265509,0.9373076,3.697137e-05,2,44121,2115307913
1.0586411e-08,0.19478443,0.8052152,3.5154267e-07,2,44121,546226529
2.095823e-07,0.32212237,0.67787635,1.0282902e-06,2,44121,958689703
9.385376e-06,0.35070324,0.64927864,8.757398e-06,2,44121,1102648224
2.3278346e-05,2.1155982e-05,0.63831455,0.361641,2,44169,949129575
3.93235e-05,6.272776e-05,0.1842432,0.81565475,2,44169,1578297799
1.2046975e-05,1.5210861e-05,0.32631016,0.6736626,2,44169,565530742
1.8416082e-05,0.0001074987,0.12136062,0.87851346,2,44169,742547181
7.0200467e-06,0.00011170118,0.93818516,0.06169605,2,44169,893144299
0.666501,0.33222568,0.0012265763,4.669645e-05,1,44182,331946001
0.6308637,0.36810413,0.0009834813,4.8687474e-05,1,44182,1080267491
0.23107743,0.7534277,0.015332875,0.00016200558,1,44182,1579739657
0.6859939,0.3130671,0.0008827362,5.631386e-05,1,44182,2081384740
0.21073472,0.77087855,0.01810718,0.0002795074,1,44182,2127867384
0.83506906,0.16300257,0.0017511678,0.00017717078,1,44182,330863188
0.86901134,0.13068566,0.0002576748,4.538724e-05,1,44182,552348213
0.39070317,0.60049564,0.008653303,0.00014790508,1,44182,1840530134
0.0009608939,0.8614338,0.13755646,4.8868627e-05,1,44198,1205059777
6.0903167e-05,0.84049344,0.15944281,2.8039271e-06,1,44198,1363621249
1.9424051e-05,0.5905531,0.40941662,1.0842574e-05,1,44198,457756396
0.00041796622,0.7444033,0.25514475,3.397955e-05,1,44198,1717900474
0.453639,0.54179907,0.004333699,0.00022822099,1,442,814892814
0.39170784,0.59723514,0.010476086,0.0005809276,1,442,1154946809
0.04407355,0.93965524,0.016165119,0.0001060474,1,442,778322281
0.29433846,0.68981135,0.01493975,0.0009104797,1,442,1337197314
0.00013781482,0.20286548,0.7937607,0.0032359608,2,44250,72071498
0.0015398557,0.14729962,0.8329353,0.018225199,2,44250,199219030
0.000518726,0.4932991,0.50533175,0.0008504043,2,44250,648879738
0.00023479386,0.04724223,0.9370976,0.015425349,2,44250,1056936378
0.00012506692,0.18953483,0.8057681,0.004572075,2,44250,810179949
0.0034321083,0.36471686,0.6188598,0.012991158,2,44250,1272908482
0.000531867,0.015599848,0.5823259,0.40154234,2,44250,1403117425
0.0046579214,0.5132551,0.46796465,0.014122259,2,44250,1409350560
0.9845205,0.015340472,6.357972e-05,7.5398384e-05,0,44351,46550501
0.99431854,0.005680631,4.4330375e-07,3.7049765e-07,0,44351,358586616
0.98041475,0.01951912,4.713475e-05,1.8999426e-05,0,44351,539448152
0.980796,0.019181171,1.2010654e-05,1.0736978e-05,0,44351,575216402
0.9942386,0.005732633,9.719348e-06,1.907824e-05,0,44351,587258764
0.98613816,0.013845612,1.03438715e-05,5.8447004e-06,0,44351,1974129105
0.982777,0.01721035,7.252e-06,5.343293e-06,0,44351,58555269
0.9880702,0.011896388,1.7271577e-05,1.6178174e-05,0,44351,381072284
0.9003106,0.09833352,0.0011535938,0.00020219387,0,44351,834579126
0.9700328,0.029683044,0.00019150095,9.271029e-05,0,44351,1135818329
0.99778986,0.0022093442,1.39301e-07,6.2904184e-07,0,44351,1508460269
0.9516059,0.04763539,0.00042081546,0.0003377829,0,44351,2010877088
0.9049594,0.09495674,7.558125e-05,8.239603e-06,0,4441,185312870
0.41506952,0.57642525,0.007714084,0.0007912211,0,4441,842648797
0.64289016,0.3565368,0.00055277726,2.0312618e-05,0,4441,2044220738
0.68873394,0.30949566,0.0017051571,6.526475e-05,0,4441,44615053
0.70250267,0.29532596,0.0019442983,0.00022707858,0,4441,342062970
0.7949367,0.20445107,0.000564653,4.7540998e-05,0,4441,938266289
7.065077e-07,5.025675e-06,0.024632135,0.9753621,3,44445,98101342
1.1555226e-08,2.1310866e-07,0.012815522,0.9871842,3,44445,1055516735
1.9263632e-08,2.1843716e-08,0.0042421673,0.99575776,3,44445,1613217583
5.210451e-09,2.688277e-09,0.0009798836,0.9990201,3,44445,1004869295
1.4601767e-08,6.4357856e-08,0.014132991,0.98586684,3,44445,1447775435
2.1988426e-07,0.036995307,0.96294737,5.70849e-05,2,44509,574566410
2.1476037e-06,0.02654577,0.97332656,0.00012547438,2,44509,952008705
2.2543613e-06,0.00785761,0.99142784,0.00071222766,2,44509,2055973298
3.0397158e-07,0.0998483,0.90014184,9.520979e-06,2,44509,277290392
3.727716e-07,0.0028402864,0.9970837,7.563221e-05,2,44509,1986484694
0.48586968,0.4873318,0.025553312,0.0012452406,0,44620,211794072
0.3952378,0.598551,0.005931119,0.0002800623,0,44620,679041631
0.14308903,0.8331598,0.023458414,0.00029268113,0,44620,1249816493
0.38188738,0.59815615,0.019284507,0.0006719003,0,44620,1690091470
0.74413383,0.25187013,0.0036655015,0.0003305481,0,44620,287771242
0.84268373,0.15570512,0.0014740254,0.00013718917,0,44620,368476385
0.59295285,0.40289527,0.0038319998,0.00031993078,0,44620,1417488620
1.38742125e-05,0.8874168,0.11256766,1.6400278e-06,1,44626,335168542
0.018352365,0.8783377,0.10294135,0.00036860947,1,44626,2020585648
5.701311e-05,0.15510653,0.84469837,0.0001381473,1,44626,454009062
0.00020802491,0.2120194,0.78734636,0.0004262126,1,44626,1988104905
0.0047864164,0.7546762,0.24009946,0.00043789978,1,44628,477109328
0.0076174424,0.80077124,0.1910888,0.00052251556,1,44628,1261971780
0.0050359317,0.56073844,0.43338856,0.000837094,1,44628,1663596331
0.0012476104,0.24024107,0.75748557,0.0010258033,1,44628,688991850
0.0057229293,0.50776476,0.4853315,0.00118084,1,44628,1171765221
0.00013493569,0.285216,0.7144913,0.000157816,1,44628,1558326698
5.8881076e-05,0.0073268,0.981249,0.011365397,2,44630,683867566
0.00026324354,0.154818,0.8446048,0.00031392067,2,44630,1414874429
4.7164423e-05,0.06366849,0.9358965,0.0003878195,2,44630,96899273
4.080735e-05,0.032324158,0.967285,0.00035006073,2,44630,512604599
1.4619609e-06,0.055684123,0.9442876,2.6883461e-05,2,44630,721038084
0.12929729,0.8470915,0.023483615,0.00012760104,1,44633,191076630
0.7875818,0.21159112,0.00077493937,5.215705e-05,1,44633,859341355
0.081048876,0.9078594,0.011016473,7.518727e-05,1,44633,861985717
0.15907928,0.828209,0.012604992,0.00010671495,1,44633,761549134
0.8741935,0.12546135,0.0002954052,4.9639322e-05,1,44633,1690145883
0.34466457,0.65212005,0.0031369429,7.844687e-05,1,44633,1977510548
0.039889753,0.93464875,0.025392542,6.900947e-05,1,44672,401923268
0.63559824,0.35693702,0.007119402,0.00034523392,1,44672,1175661097
0.42171466,0.56794405,0.010083671,0.0002575858,1,44672,292914901
0.036606897,0.9503006,0.013064757,2.7720382e-05,1,44672,1825303177
0.00029738373,0.9454257,0.05426999,7.0203305e-06,1,44713,896681548
0.0148366075,0.86256,0.12230868,0.00029469922,1,44713,1374634535
0.0013620974,0.953891,0.044732463,1.4471565e-05,1,44713,1479865152
0.00055724126,0.9185701,0.08085645,1.6205438e-05,1,44713,79614836
6.126265e-05,0.74341774,0.2565065,1.4540669e-05,1,44713,546163593
0.0013390683,0.97082776,0.027823238,9.903471e-06,1,44713,1389588126
4.281114e-06,0.0061000553,0.9913594,0.0025362985,2,44718,308613206
1.6073418e-06,0.0042173974,0.9956856,9.536808e-05,2,44718,992435488
1.1940549e-05,0.007318415,0.9908041,0.0018655321,2,44718,1916211574
1.9925765e-05,0.002707163,0.9810033,0.016269732,2,44718,676532310
6.485036e-05,0.008956851,0.9275754,0.06340289,2,44718,933967594
9.690147e-05,0.0066913934,0.9649636,0.028248116,2,44718,1119059011
0.00020430223,0.84910876,0.15066892,1.7994076e-05,1,44914,632907550
4.9765413e-06,0.7568189,0.24317372,2.4009873e-06,1,44914,1573226709
0.0005860289,0.74211997,0.25714782,0.00014612824,1,44914,1451373199
8.526414e-06,0.737305,0.26267543,1.10767e-05,1,44914,1800010426
2.9857895e-06,0.68007284,0.31992215,1.9883994e-06,1,44914,2004995569
4.2097283e-05,0.2592118,0.7406117,0.00013436141,2,4495,344316613
0.00079721276,0.14519271,0.837352,0.016658105,2,4495,548873936
0.00061186805,0.16581951,0.82554233,0.008026319,2,4495,687028243
0.17212729,0.53239155,0.28899282,0.0064883027,2,4495,734382581
0.2680582,0.45478314,0.26657587,0.010582731,2,4495,1158650504
0.00014070279,0.29570657,0.7040976,5.514379e-05,2,4495,584116194
0.07014486,0.5557161,0.36968818,0.0044508465,2,4495,629061606
3.1827487e-05,0.34249365,0.6573868,8.7717584e-05,2,4495,987439651
0.20429336,0.5808938,0.20972961,0.0050832364,2,4495,1455094597
0.00031801694,0.054474313,0.7754509,0.16975681,2,44996,744721083
0.0025513584,0.082329415,0.8399823,0.075136885,2,44996,1080733527
0.0031032544,0.2530173,0.7317861,0.012093358,2,44996,1280962104
0.00011678027,0.2731519,0.7265367,0.00019465724,2,44996,1253768893
0.00014171377,0.034880724,0.9537961,0.011181466,2,44996,2019603006
3.1002871e-06,0.17408137,0.82587767,3.7931375e-05,2,4510,301724007
1.0871049e-05,0.17101453,0.8287396,0.00023507625,2,4510,1992446938
0.00039058411,0.12546004,0.87112594,0.003023445,2,4510,392596534
6.4630495e-07,0.18861414,0.8113737,1.1447632e-05,2,4510,708837098
0.94981605,0.049964353,0.00015737953,6.228938e-05,0,45127,328619960
0.753974,0.24527821,0.00067842257,6.929228e-05,0,45127,406505807
0.9786032,0.021387447,5.85763e-06,3.5557066e-06,0,45127,1292165216
0.94835216,0.05159093,4.8039703e-05,8.842172e-06,0,45127,1622722991
0.9085953,0.09123544,0.00012810668,4.1167004e-05,0,45127,1755510930
0.89094734,0.10888177,0.00012973868,4.103189e-05,0,45127,124284476
0.97813237,0.021858802,4.5877e-06,4.2198467e-06,0,45127,229819130
0.9566095,0.043358423,2.272636e-05,9.436624e-06,0,45127,649562584
0.54661125,0.45217076,0.0011638589,5.4165237e-05,0,45127,875837307
0.98966265,0.0103326775,2.4715632e-06,2.2711247e-06,0,45127,1271239514
5.0917665e-06,0.5128163,0.48717543,3.1814818e-06,2,4513,329783878
0.003646594,0.81612676,0.18015087,7.5759184e-05,2,4513,1793481026
1.1659257e-06,0.32994044,0.6700523,6.077344e-06,2,4513,1470082991
0.00087494985,0.70717317,0.29190588,4.6044108e-05,2,4513,1543202055
0.9370741,0.06289219,2.6106965e-05,7.5641296e-06,0,45274,248194422
0.99858934,0.0014096729,1.0959876e-07,7.98524e-07,0,45274,767052364
0.9577386,0.04222412,2.68552e-05,1.0489233e-05,0,45274,2041967808
0.9820281,0.017949631,1.0765075e-05,1.1419859e-05,0,45274,1068240302
0.9969138,0.003085342,2.3491346e-07,5.577803e-07,0,45274,1228541655
0.9944681,0.0055307006,7.256412e-07,5.1662033e-07,0,45274,1332935387
5.3897497e-06,0.69624054,0.30375147,2.6422008e-06,2,45645,1598929186
6.969798e-08,0.22458784,0.77541167,4.6124896e-07,2,45645,1625771617
8.688732e-09,0.38756242,0.6124375,1.915343e-08,2,45645,288208945
3.8160592e-06,0.29816362,0.70182216,1.035002e-05,2,45645,777521763
0.04491342,0.9348151,0.020224236,4.7273745e-05,1,4571,1040518018
0.27747333,0.69950217,0.022668902,0.0003555995,1,4571,1902064050
0.59973454,0.3909318,0.008795267,0.00053841376,1,4571,1464890918
0.124738485,0.8534393,0.021682093,0.00014016416,1,4571,1468358873
0.11165606,0.8474631,0.04051634,0.00036449952,1,45827,181226232
0.0013910547,0.57061154,0.42790273,9.4705436e-05,1,45827,862632154
6.8571296e-07,0.40039617,0.59960127,1.8277416e-06,1,45827,884972201
0.09211272,0.8889504,0.018808395,0.00012844687,1,45827,339192897
0.5140581,0.48299208,0.0027800333,0.00016976339,1,45827,1077505318
0.22607394,0.7588733,0.0147308735,0.00032194797,1,45827,1385369408
5.8154874e-06,1.9465619e-05,0.013846033,0.9861287,3,45854,957960408
4.5661097e-10,3.8835385e-10,1.3928458e-05,0.99998605,3,45854,1564332573
2.8940794e-05,0.0001817324,0.3342757,0.6655136,3,45854,1042435098
3.901491e-08,1.8981095e-07,0.059951805,0.9400479,3,45854,1633342503
0.00034867675,0.0013850331,0.89173496,0.1065313,2,45872,748328085
8.062589e-06,0.0028285892,0.992702,0.004461333,2,45872,970739523
2.2767254e-07,0.00023997911,0.9797163,0.020043492,2,45872,1649608192
1.6970043e-06,5.140263e-05,0.5111739,0.48877296,2,45872,740592640
4.5298403e-08,0.0050130202,0.9949679,1.9052999e-05,2,45872,1549418879
9.911305e-06,3.3456687e-05,0.52090853,0.479048,2,45872,1981485950
2.7248178e-05,0.00077040924,0.98512274,0.0140795745,2,4590,220530271
1.306883e-08,0.001124211,0.9988451,3.06187e-05,2,4590,1887218883
1.7387111e-06,0.0024816329,0.9967655,0.00075113366,2,4590,23302241
7.7992226e-08,5.600129e-05,0.999032,0.00091191975,2,4590,969496136
2.500816e-06,0.0006407079,0.96100104,0.03835574,2,4590,1742849228
1.6766066e-05,0.017455287,0.97989655,0.0026313437,2,45961,857445485
7.2700175e-05,0.005569923,0.96449053,0.029866898,2,45961,1745274991
3.245226e-05,0.0028723418,0.9709712,0.026123978,2,45961,592895081
1.3534062e-05,0.029505115,0.96876156,0.0017198339,2,45961,992213579
0.00254913,0.9353793,0.062041357,3.018478e-05,1,46034,276758163
4.1031773e-05,0.83846873,0.16148764,2.614547e-06,1,46034,498589643
7.542929e-05,0.90236765,0.09755343,3.5919363e-06,1,46034,2108755790
3.7316262e-05,0.75810176,0.2418515,9.398837e-06,1,46034,85156076
1.758813e-05,0.61437464,0.38560522,2.5522372e-06,1,46034,911642383
2.9347726e-05,0.5456754,0.4542709,2.4392126e-05,1,46034,1526043893
0.42023978,0.52634144,0.051527105,0.0018916882,1,46037,1429642320
0.06570615,0.9023858,0.031629015,0.00027900765,1,46037,1957381832
0.020444967,0.9374193,0.042073965,6.184061e-05,1,46037,2086209123
0.052139077,0.822084,0.12540719,0.00036966676,1,46037,324334825
0.004654752,0.88006353,0.115230314,5.1388797e-05,1,46037,1906856933
3.7306418e-08,0.00021501996,0.9995869,0.0001980647,2,4610,1297033170
8.922375e-07,0.0014754881,0.9954797,0.00304384,2,4610,1820501035
6.2081017e-07,1.0028146e-05,0.60211235,0.39787692,2,4610,1300782469
5.7776354e-08,5.6831905e-05,0.99201244,0.007930746,2,4610,1617434807
0.0007013325,0.13481553,0.85609937,0.008383748,2,4612,196101009
0.0010115181,0.2680211,0.72841567,0.0025516783,2,4612,1976743297
0.00014260525,0.47446746,0.52532333,6.664182e-05,2,4612,811273627
0.0012137241,0.112671286,0.85950977,0.026605163,2,4612,1265449274
8.1125006e-07,0.33989385,0.6601037,1.7368025e-06,1,46131,58385849
3.2778462e-06,0.43009365,0.56989884,4.205375e-06,1,46131,1155403279
8.955939e-08,0.049531106,0.9504641,4.646715e-06,1,46131,686877772
2.9686195e-08,0.0084234765,0.9915376,3.9015056e-05,1,46131,1177734048
0.78736204,0.21222353,0.00030320833,0.00011125801,1,46144,102776745
0.77973926,0.21926571,0.000584291,0.00041075578,1,46144,112792357
0.79444206,0.20473498,0.0005239868,0.0002989587,1,46144,742667423
0.85801846,0.14186282,9.03927e-05,2.8249846e-05,1,46144,2000075758
1.4366378e-07,6.8148006e-07,0.0026139566,0.9973852,2,46199,31750642
5.0959014e-05,0.1045585,0.88695365,0.008436909,2,46199,1008624406
0.00021944557,0.0005487063,0.051136352,0.94809544,2,46199,1089598723
0.00070877804,0.0007840708,0.03541942,0.96308774,2,46199,1922639302
0.00010992167,0.04409717,0.886344,0.06944889,2,46199,1939511129
0.0021355278,0.0073800343,0.0453385,0.94514596,2,46199,768279864
0.0003319649,0.022838736,0.8618242,0.11500512,2,46199,1407605386
0.0003590674,0.0008940277,0.06007117,0.9386757,2,46199,1500319573
6.8841714e-06,0.00022359441,0.032587893,0.9671816,2,46199,1537569211
0.00010302132,0.019879624,0.6628874,0.31712988,2,46199,2059794915
3.0155425e-07,0.05266345,0.94732344,1.2761635e-05,2,46205,138259483
0.0017017118,0.19186991,0.80494833,0.0014800768,2,46205,408252868
5.975774e-05,0.20711358,0.7927812,4.5469966e-05,2,46205,195346104
0.045666818,0.7605758,0.19363187,0.0001255473,2,46205,1940038509
0.8068814,0.19077292,0.0020237472,0.00032187064,1,46378,621383230
0.45361108,0.440776,0.09492677,0.010686156,1,46378,775701720
0.89034253,0.10740661,0.0014888583,0.0007619629,1,46378,1464512490
0.48713207,0.45691782,0.05413924,0.0018108932,1,46378,1471734395
0.6767229,0.3175534,0.0052497108,0.00047400733,1,46378,344404358
0.6571783,0.3162117,0.024271045,0.00233896,1,46378,589051949
0.67545307,0.31626925,0.0076260343,0.0006516898,1,46378,716522031
0.7832584,0.20333095,0.011337317,0.0020734053,1,46378,1868440827
9.0196903e-07,0.0013506287,0.99828327,0.0003651895,2,46495,497288760
3.8918415e-06,0.017184695,0.98233354,0.00047788347,2,46495,1433564676
2.6527637e-06,0.006287786,0.99088556,0.0028240771,2,46495,2117155118
4.4901963e-08,0.0004083745,0.9994554,0.00013624842,2,46495,1586014311
5.6303886e-08,0.01595601,0.9840184,2.55656e-05,2,46495,1751742838
5.272291e-07,0.033323623,0.9666076,6.828352e-05,2,46495,2126140267
5.461973e-07,2.2252084e-07,0.00017582152,0.9998234,3,46517,1982913019
1.6391383e-05,5.0556806e-05,0.025371121,0.9745619,3,46517,2117430328
2.1149961e-05,8.09138e-05,0.07284182,0.9270561,3,46517,92975394
8.039739e-07,1.5180069e-06,0.006756385,0.9932413,3,46517,2015389131
3.5821183e-06,0.04986278,0.95009357,4.007792e-05,2,46581,64536519
4.399025e-05,0.035526842,0.9622505,0.0021787183,2,46581,1217810182
2.0262435e-06,0.008512064,0.9905731,0.0009128263,2,46581,155437172
6.6916455e-06,0.008237867,0.9896401,0.002115289,2,46581,1789114019
0.00080683955,0.4183248,0.5806614,0.00020696339,1,4659,898286003
0.0027470468,0.27522707,0.6895427,0.032483134,1,4659,1244500533
0.00080683955,0.4183248,0.5806614,0.00020696339,1,4659,1693306484
0.00035122564,0.108227335,0.8744851,0.016936442,1,4659,1894742089
0.0010518086,0.43459404,0.56367946,0.0006746299,1,4659,1899676803
0.000781065,0.24008389,0.75255185,0.0065832096,1,4659,2072317700
0.009919229,0.36674988,0.61899036,0.004340562,1,4659,715218932
0.019974254,0.4302225,0.5390803,0.01072288,1,4659,745295770
0.0073534343,0.20338826,0.76383996,0.025418328,1,4659,1474777147
0.04236977,0.42779464,0.5261793,0.0036563443,1,4659,1589743222
0.018295832,0.5159816,0.46449897,0.0012235679,1,4659,1755258626
0.0329924,0.9025961,0.06417621,0.00023531784,1,46590,220246128
0.2578881,0.7309497,0.010928219,0.00023402701,1,46590,901405962
0.10250106,0.88109076,0.016322931,8.516807e-05,1,46590,1012142224
0.021029998,0.9150882,0.0637609,0.000120847275,1,46590,1690031901
7.7605324e-07,6.463938e-06,0.09838726,0.9016055,2,46633,1318489565
1.2857596e-06,9.9855115e-06,0.63834834,0.36164045,2,46633,2115688981
2.3224545e-06,3.0372019e-05,0.64964664,0.3503207,2,46633,625923537
9.066249e-06,0.00017111553,0.6890182,0.31080168,2,46633,797628969
1.287602e-06,2.2013552e-05,0.28515503,0.7148217,2,46633,976689977
0.2537556,0.7144195,0.031293478,0.00053144817,1,46642,1284237962
0.5250142,0.46499375,0.009511527,0.00048054365,1,46642,1367195015
0.0007888712,0.78991425,0.20925869,3.8253605e-05,1,46642,1781669759
0.0005133586,0.8415461,0.1579189,2.1649119e-05,1,46642,674917059
0.0014775575,0.8186697,0.17982183,3.0952167e-05,1,46642,1700246383
8.797777e-05,0.0014531509,0.31952757,0.6789313,2,46654,792145108
0.0004494568,0.12677982,0.8676819,0.0050888928,2,46654,1306126023
0.0017417476,0.09641152,0.83405995,0.06778675,2,46654,416043419
2.687659e-05,0.02054219,0.96181244,0.017618474,2,46654,513376042
1.1847555e-08,4.500704e-05,0.9994929,0.00046211362,2,46693,408114198
1.4925278e-06,6.090808e-05,0.855957,0.14398058,2,46693,1607949560
1.3477744e-07,8.477077e-05,0.99791366,0.0020014949,2,46693,1263514328
6.086543e-08,6.581635e-05,0.998575,0.0013590438,2,46693,1355147169
9.2112896e-07,2.1643293e-05,0.46539178,0.5345856,2,46707,765827894
1.4876894e-05,0.00024036688,0.3399638,0.6597809,2,46707,897377175
1.940787e-07,1.9848534e-05,0.90007913,0.099900834,2,46707,921695598
1.8669166e-06,6.611555e-05,0.35022858,0.64970344,2,46707,1880676611
5.31209e-07,0.00026600482,0.96701217,0.032721303,2,46707,2087349000
1.7920142e-05,0.0019455156,0.9893674,0.008669091,2,46715,318517059
1.333789e-08,0.000109403656,0.9996444,0.0002462355,2,46715,520113129
9.01035e-07,0.002006805,0.9976927,0.00029952836,2,46715,1135673284
6.1837034e-07,0.0033208474,0.99629277,0.00038581144,2,46715,1386454717
1.2882613e-07,0.0007511575,0.99901927,0.00022940601,2,46715,2053437137
1.4160676e-05,0.73398423,0.26599833,3.294364e-06,1,46798,500620576
3.4303637e-05,0.5042905,0.49565572,1.9507172e-05,1,46798,1935713984
5.2097453e-06,0.71319187,0.28680232,5.5702725e-07,1,46798,1975228555
7.186815e-05,0.7040018,0.29589662,2.9672767e-05,1,46798,2020168889
1.5073228e-05,0.015912436,0.97997594,0.0040964847,2,46859,1183891057
2.8909864e-07,0.00013413659,0.99652016,0.0033454644,2,46859,1419208541
2.6274907e-05,0.0016966881,0.8579971,0.1402799,2,46859,1939683955
1.323705e-06,0.005946905,0.99362904,0.00042271437,2,46859,1036605095
2.7872757e-06,0.010441247,0.98907894,0.0004769636,2,46859,1240382996
4.3247833e-06,0.0014662528,0.9957207,0.0028087571,2,46859,1996646436
0.0006493128,0.5990754,0.4002321,4.323265e-05,1,46869,132553609
0.006641683,0.275846,0.7032539,0.01425845,1,46869,1032469706
0.009868967,0.4696745,0.39392066,0.12653586,1,46869,1351850050
0.0008566089,0.73472184,0.2643901,3.1435575e-05,1,46869,1393385188
0.0007063524,0.5489434,0.4502909,5.9419486e-05,1,46869,280296053
0.048825406,0.26629993,0.4669753,0.21789932,1,46869,1588109418
0.00066749926,0.6480908,0.35117826,6.3479834e-05,1,46869,1675286246
0.004958295,0.46441278,0.5285472,0.0020817288,1,46869,2045576725
0.17765605,0.77088565,0.05100203,0.00045630487,1,46891,152699952
0.121443585,0.8319027,0.046300545,0.00035312743,1,46891,224161413
0.2259361,0.7464306,0.027284222,0.00034906992,1,46891,646991203
0.00019284125,0.6570788,0.34270817,2.0228246e-05,1,46891,1453260042
0.010103086,0.90812385,0.08166613,0.000106918465,1,46891,86376448
0.063143365,0.8935581,0.04317851,0.00012002186,1,46891,1399284670
0.09205354,0.89329594,0.014541389,0.000109102795,1,46891,1533464084
0.021612337,0.6074136,0.37049234,0.00048173952,1,46891,1582377272
0.0094422,0.9097422,0.08073932,7.638589e-05,2,46896,186618064
0.023153523,0.9150236,0.061696187,0.00012661197,2,46896,2142365084
0.0005989076,0.7417277,0.25762326,5.0129824e-05,2,46896,363905671
0.15690032,0.7759608,0.06665825,0.0004806705,2,46896,1482121559
0.034791246,0.8781059,0.08678419,0.00031865682,1,46999,312938452
0.35433307,0.6350793,0.010136359,0.0004513002,1,46999,571528877
0.16238101,0.81895417,0.018299278,0.00036551448,1,46999,1210144459
0.8181356,0.17190684,0.008811465,0.0011460441,1,46999,1338188554
0.58454627,0.36573103,0.04746876,0.0022539163,1,46999,873232511
0.40299445,0.5412251,0.050246738,0.005533765,1,46999,1133768186
0.084711164,0.89174676,0.023363357,0.0001788524,1,46999,1462078343
0.051946655,0.91454697,0.033305995,0.00020039747,1,46999,1617443109
4.8573486e-07,0.07432006,0.9256681,1.1374379e-05,2,47161,742649095
1.002687e-05,0.44236836,0.5576105,1.1024552e-05,2,47161,2007432535
1.4241664e-05,0.03802055,0.9603691,0.0015961844,2,47161,1911320228
3.2226444e-06,0.23301278,0.766952,3.1993884e-05,2,47161,2000931970
1.7136292e-05,0.22655411,0.7733585,7.023106e-05,1,47193,228831541
3.5510235e-05,0.69768775,0.30227172,5.080534e-06,1,47193,2078787387
1.1302373e-05,0.4127081,0.5872742,6.4352075e-06,1,47193,2106183004
3.932177e-05,0.6158535,0.3841008,6.446445e-06,1,47193,796326296
0.000100444995,0.54171497,0.45814365,4.0930663e-05,1,47193,1555569551
0.00027797458,0.55108464,0.44857505,6.232838e-05,1,47193,1809839582
0.0008795203,0.60269964,0.39632484,9.598359e-05,1,47193,2047203893
0.86794513,0.13167916,0.00031368778,6.205426e-05,0,47281,707012561
0.2626917,0.7180295,0.019057313,0.0002215541,0,47281,1032098407
0.62373435,0.37297708,0.003026884,0.00026163628,0,47281,1718970572
0.6402161,0.35870817,0.0009657385,0.00010996066,0,47281,1858265358
0.5354792,0.4625659,0.0017740016,0.00018086689,0,47336,194237109
0.5910519,0.40539405,0.0031968316,0.00035717568,0,47336,2015531689
0.767205,0.23212202,0.0005205091,0.00015249691,0,47336,1990483963
0.8902163,0.10954873,0.0001912452,4.3678272e-05,0,47336,2140318404
1.9696795e-07,0.17104454,0.82895464,5.892704e-07,1,47357,973091251
1.0830996e-06,0.40236723,0.5976296,2.0881912e-06,1,47357,1316171094
8.426701e-07,0.4916096,0.50838935,2.547743e-07,1,47357,1116253218
5.2576386e-05,0.36244994,0.6374789,1.8498251e-05,1,47357,1617369528
1.2708321e-06,0.5388904,0.46110713,1.0731167e-06,1,47357,1754515516
0.0010168547,0.7947633,0.20419958,2.0221256e-05,2,47427,179620803
0.004159867,0.8813615,0.11440726,7.145198e-05,2,47427,311993666
0.0057661813,0.85857946,0.13557994,7.443534e-05,2,47427,871918689
0.0029642272,0.35705775,0.6390558,0.00092223147,2,47427,243205963
0.00043094376,0.496902,0.50257593,9.112145e-05,2,47427,335355149
4.0126684e-05,0.5276531,0.4723048,2.0440448e-06,2,47622,277328709
2.4270912e-06,0.5600676,0.43992943,5.1618326e-07,2,47622,981554845
1.3116639e-05,0.033783857,0.96380293,0.002400165,2,47622,1072354802
4.4710955e-06,0.13103369,0.86890423,5.7704132e-05,2,47622,1295378269
6.129689e-05,0.49395972,0.5059698,9.175004e-06,2,47622,1527437283
1.0696026e-05,0.25511584,0.74480736,6.6141256e-05,2,47622,2003042502
8.375537e-06,0.0073281815,0.99117917,0.0014843,2,47656,1233544430
1.36328415e-08,0.00011139958,0.99965525,0.0002333654,2,47656,1567331492
6.586688e-07,0.061770447,0.9380045,0.00022443947,2,47656,2084979719
7.4090724e-07,0.00011682427,0.97416353,0.025718978,2,47656,60913321
1.869401e-07,0.00053228665,0.9971999,0.0022675304,2,47656,66049836
5.164824e-05,0.07662972,0.91979223,0.0035264734,2,47656,1188029809
8.4002835e-08,5.807229e-05,0.99548066,0.004461105,2,47656,2109352661
0.0040853773,0.8160156,0.1795294,0.0003696641,1,47676,1032365992
9.50806e-06,0.23296775,0.7669541,6.8618894e-05,1,47676,1639596975
0.00023915597,0.52296907,0.47654524,0.00024659373,1,47676,502910215
0.00018184762,0.27637023,0.72288823,0.00055978086,1,47676,2024701543
8.788329e-07,0.01293628,0.98651296,0.0005499017,2,47678,654136762
7.646051e-08,0.0010516795,0.998725,0.00022318904,2,47678,1186812914
4.7164943e-07,0.005428567,0.9940858,0.00048513408,2,47678,1604272700
1.0245198e-07,0.00587723,0.99407476,4.791986e-05,2,47678,1848088344
2.600046e-07,0.0050666593,0.9946667,0.00026645657,2,47678,315179886
1.663128e-07,0.005482849,0.9944712,4.583237e-05,2,47678,723701567
6.9615675e-07,0.004294319,0.9952501,0.00045489366,2,47678,810717147
4.5115215e-05,0.011768925,0.88606024,0.10212576,2,47678,1676964662
1.1751113e-05,0.00536886,0.9424172,0.052202128,2,4772,473736916
1.6146299e-08,0.00011308694,0.9993432,0.00054373825,2,4772,1447513219
9.097627e-06,0.0013807762,0.92262113,0.07598899,2,4772,263157263
3.3707325e-05,0.0020837274,0.8000381,0.19784452,2,4772,305262831
8.846374e-05,0.727769,0.2721284,1.4073157e-05,1,47725,458677402
2.5939205e-05,0.6087399,0.39122763,6.4961664e-06,1,47725,1549086518
1.7140052e-05,0.38666064,0.6132923,2.9923698e-05,1,47725,477593121
1.790411e-05,0.040681977,0.95900416,0.00029585982,1,47725,1482312526
1.15974335e-05,0.67794204,0.32204333,3.1085378e-06,2,47790,1535843824
0.00018516312,0.69775915,0.3020002,5.545043e-05,2,47790,1831620141
0.0019102149,0.82809865,0.16993932,5.183235e-05,2,47790,118521349
7.845044e-05,0.65974075,0.3401485,3.2344982e-05,2,47790,1112058852
0.00018413531,0.53532475,0.46444356,4.752675e-05,1,47794,62126923
0.0025625117,0.696843,0.30052587,6.861467e-05,1,47794,1890208864
0.00042936296,0.25442895,0.7436589,0.0014827971,1,47794,515330003
0.00014821236,0.28792012,0.71124953,0.00068214565,1,47794,1291644410
6.44348e-05,0.18725102,0.81216794,0.00051657896,1,47794,2142591939
1.7076814e-05,0.4037973,0.5960781,0.00010761325,1,47884,1144847844
6.6383814e-06,0.2261199,0.77381843,5.500449e-05,1,47884,1901091541
1.7260924e-06,0.51405287,0.4859437,1.7341143e-06,1,47884,18346689
8.517001e-07,0.11639564,0.88359416,9.386593e-06,1,47884,186126169
0.27047545,0.6935,0.03532606,0.0006984997,1,47886,81084636
0.0022287865,0.83101517,0.16667998,7.603413e-05,1,47886,1222611990
0.0017288611,0.838985,0.1592394,4.6734014e-05,1,47886,2047501247
0.019519743,0.924401,0.055797033,0.00028226734,1,47886,888078527
0.00048813535,0.80724406,0.19225302,1.4787282e-05,1,47886,1545739642
1.1570399e-07,0.3480274,0.6519723,2.0678108e-07,2,47994,832566361
0.004266061,0.7016016,0.29393122,0.00020102477,2,47994,884847784
1.1475775e-05,0.67551744,0.32446843,2.6370503e-06,2,47994,687318493
0.020799395,0.8789279,0.100129984,0.00014275688,2,47994,1048747086
4.2764473e-06,0.002131424,0.9879159,0.009948484,2,48209,1653187084
5.8286638e-05,0.014266114,0.9742632,0.01141233,2,48209,1979917104
8.3926025e-06,0.004155601,0.9931874,0.002648612,2,48209,1184596174
0.00016002425,0.055630423,0.9416264,0.002583029,2,48209,1789773361
2.9702163e-05,0.011848115,0.98180735,0.0063147806,2,48209,1897483964
0.00014699552,0.0006629658,0.08814215,0.91104794,2,48214,210887322
0.00044998326,0.0063527757,0.1376601,0.8555372,2,48214,1531969713
8.39713e-05,0.007486504,0.9458343,0.04659519,2,48214,2064732798
0.00016617602,0.014297358,0.85788125,0.12765527,2,48214,373241958
0.0028779604,0.07478985,0.80918026,0.113152,2,48214,508220360
0.00013820721,0.035216935,0.919218,0.04542692,2,48214,1868785476
0.99185234,0.008144889,1.8054006e-06,9.833276e-07,0,48238,999201277
0.9831624,0.0168204,1.06608895e-05,6.56819e-06,0,48238,1694393251
0.99541,0.0045889337,3.6822405e-07,6.9299875e-07,0,48238,1712498930
0.9929918,0.0070071877,4.851571e-07,4.9069575e-07,0,48238,222869939
0.80021155,0.19968212,9.694275e-05,9.4184015e-06,0,48238,1537154261
0.019641785,0.9158111,0.0642237,0.00032339577,0,4827,117374091
0.0042407084,0.7959781,0.19945109,0.00033008264,0,4827,1254942452
0.26486486,0.7025017,0.032218814,0.00041463034,0,4827,2046823046
0.0012317584,0.7072645,0.29136783,0.00013592893,0,4827,683615017
0.0054265223,0.9415428,0.052951455,7.924155e-05,0,4827,715251570
8.7961875e-05,0.00040123274,0.22082092,0.7786899,2,48314,266844320
0.006046405,0.021789934,0.45313582,0.5190278,2,48314,558984132
4.1954485e-05,0.00066340284,0.5804387,0.41885602,2,48314,1038128422
2.0780588e-05,0.000119019256,0.151829,0.8480312,2,48314,1886894169
0.0019047156,0.87079376,0.12725441,4.7099158e-05,2,48352,751869031
5.396137e-06,0.27444285,0.7255348,1.6995067e-05,2,48352,1364161892
0.004972859,0.8574129,0.13753136,8.2925566e-05,2,48352,1703975009
0.0063946745,0.84144765,0.15201794,0.00013972976,2,48352,1773949240
0.045198496,0.8688231,0.08573222,0.000246207,2,48352,1884296769
0.032218803,0.9322953,0.035393722,9.2168324e-05,1,48396,520249910
0.0020715822,0.97612053,0.021796513,1.1357234e-05,1,48396,896213834
0.0010380959,0.917634,0.081311665,1.6256254e-05,1,48396,1123284567
0.0014063787,0.68766564,0.31080982,0.00011821258,1,48396,1424754270
0.0051273922,0.54471195,0.44945145,0.00070919504,1,48396,1495785366
7.984482e-08,5.3988003e-08,0.001422875,0.998577,3,4859,416486551
7.927966e-06,4.662129e-05,0.079172775,0.9207727,3,4859,582462898
7.096029e-05,0.00017899624,0.054615032,0.945135,3,4859,635390130
1.0069932e-05,7.4706945e-06,0.0037719146,0.9962106,3,4859,1643298745
0.015040562,0.9170542,0.06778663,0.00011862107,1,48596,317527744
0.042846184,0.8681882,0.08870076,0.00026488586,1,48596,844917725
0.0012402744,0.8976485,0.10108143,2.9796958e-05,1,48596,163975340
0.0021902553,0.8087883,0.18895926,6.2149826e-05,1,48596,197548465
0.00079176575,0.8682757,0.13090597,2.6538073e-05,1,48596,1683210912
1.0268716e-06,0.3492566,0.65074104,1.2676134e-06,2,48624,972332603
1.634505e-06,0.13257055,0.86742294,4.880922e-06,2,48624,1763877265
1.959432e-05,0.40946487,0.59050107,1.449281e-05,2,48624,75924591
0.0002118105,0.90321386,0.096564494,9.8033715e-06,2,48624,395470901
0.15956493,0.8102024,0.030082991,0.00014974613,1,4865,1580087550
0.009811493,0.95165926,0.03849801,3.124168e-05,1,4865,1668840015
0.043742053,0.93107545,0.025120977,6.1450126e-05,1,4865,331420620
0.29140428,0.6983614,0.010125562,0.000108745175,1,4865,1808060892
4.2014207e-07,0.0021601482,0.9975783,0.00026105696,2,48655,42291075
1.4632591e-06,0.025599822,0.9734691,0.0009295707,2,48655,579511981
3.5400906e-06,0.00011210955,0.3444441,0.6554402,2,48655,474234140
8.273016e-06,0.0037081698,0.9882783,0.008005256,2,48655,1029707464
0.4499386,0.5387871,0.010962206,0.00031206387,1,48678,711827034
0.090102285,0.85289174,0.05675091,0.00025505343,1,48678,1805704331
0.578738,0.41842496,0.0026419216,0.00019507109,1,48678,696030934
0.48530683,0.5024296,0.011655658,0.0006079105,1,48678,1606046372
3.113784e-06,0.0017593626,0.9721143,0.026123164,2,4876,1319337578
8.1616076e-07,0.0040765703,0.9938652,0.0020573568,2,4876,1424731129
1.656013e-05,0.00014954907,0.29536372,0.70447016,2,4876,1939356551
8.190831e-06,0.00033687166,0.9096899,0.08996501,2,4876,2138330844
2.3735101e-06,9.2519425e-05,0.83000517,0.16989996,2,4876,8977029
2.7777205e-06,4.1828545e-05,0.9888291,0.011126211,2,4876,792520108
0.0515415,0.8965149,0.051358767,0.00058491447,1,49020,1309042956
0.028078439,0.8824847,0.08921249,0.00022441335,1,49020,1352114614
0.000984728,0.9085468,0.09044949,1.8975717e-05,1,49020,1404451163
0.035842586,0.92854077,0.035460994,0.00015557813,1,49020,863721443
0.86298203,0.13599059,0.00089076866,0.00013659077,1,49020,1299851146
0.00034410128,0.5068051,0.4914264,0.001424335,1,49035,132469315
9.6209715e-06,0.3006249,0.69931453,5.0944713e-05,1,49035,1651089496
3.2968965e-05,0.4229591,0.57695985,4.8119065e-05,1,49035,191610276
9.857374e-07,0.46995273,0.5300415,4.719286e-06,1,49035,825419986
3.4916688e-05,0.114095725,0.884449,0.001420352,1,49035,1747440026
5.8729343e-06,9.8197146e-05,0.46948206,0.53041387,2,49038,105719874
8.981001e-05,0.01988794,0.9593884,0.020633958,2,49038,1072328550
1.268096e-06,0.13223755,0.8677173,4.384521e-05,2,49038,374003184
8.226415e-07,0.017874714,0.9820664,5.8080055e-05,2,49038,1506941619
0.0003346595,0.49850118,0.5010521,0.00011207871,2,49087,748462681
0.00030306118,0.60430926,0.39527023,0.00011745659,2,49087,1291900606
0.00036024343,0.65990305,0.3396914,4.534681e-05,2,49087,1833339766
1.932562e-05,0.29041538,0.70953333,3.200985e-05,2,49087,110920192
3.8379017e-06,0.13851012,0.8614572,2.8780833e-05,2,49087,141000891
1.1082307e-05,0.00487879,0.9935865,0.0015235681,2,49087,1902640084
9.9353056e-05,0.0061171916,0.9409933,0.052790076,2,49229,1413433721
4.644224e-06,7.607584e-05,0.80603075,0.19388853,2,49229,1754477417
3.918023e-05,0.011653577,0.984329,0.0039782715,2,49229,1895587313
2.8485289e-05,0.0005003114,0.6599839,0.33948737,2,49229,2045981778
3.5922614e-05,0.9057115,0.09424998,2.6488979e-06,1,49238,288533335
6.2245267e-06,0.38833037,0.6116555,7.948977e-06,1,49238,1043092471
0.0003983463,0.5975149,0.40200314,8.356065e-05,1,49238,1246100166
0.00030421614,0.65159106,0.34804738,5.7313326e-05,1,49238,1086585224
1.4819384e-06,0.5206933,0.47930244,2.7042686e-06,1,49238,1150334561
1.910115e-05,0.7004557,0.2995045,2.0685613e-05,1,49238,1645482989
0.0035243148,0.95721954,0.039224923,3.1203348e-05,1,49239,964476493
0.021369949,0.8096035,0.16865762,0.00036887825,1,49239,1512902664
0.101415105,0.80633193,0.09118655,0.0010663326,1,49239,38907908
0.003949928,0.74940056,0.24638933,0.0002601073,1,49239,1016462923
0.00014562377,0.8622347,0.1376068,1.2882732e-05,1,49239,1279955424
0.0103904065,0.80218285,0.18699926,0.000427499,1,49239,1767858198
0.09213082,0.8547947,0.052793864,0.00028058953,1,49315,577437181
0.08455174,0.9039395,0.011424462,8.441639e-05,1,49315,811252244
0.03583839,0.94225067,0.021799212,0.00011177855,1,49315,359330570
0.52303195,0.4657264,0.010774878,0.00046674762,1,49315,637833530
0.15493271,0.82717013,0.017524147,0.00037307484,1,49315,1181499478
0.6281301,0.36770326,0.003881358,0.0002853193,1,49315,1996932209
0.86238354,0.13745748,0.00013298857,2.5946096e-05,0,49373,167542879
0.9781782,0.021307815,0.00020402347,0.00030994814,0,49373,1731301527
0.98728997,0.012700918,5.525008e-06,3.5760456e-06,0,49373,1800413239
0.8622916,0.13728291,0.00035389638,7.162364e-05,0,49373,2000715408
0.9760206,0.023973722,3.4522404e-06,2.2296226e-06,0,49373,131107232
0.9475896,0.052288994,9.206784e-05,2.9352319e-05,0,49373,1686039778
0.90641844,0.09311531,0.00040406096,6.229383e-05,0,49373,1795136096
0.24159491,0.7495935,0.008669552,0.00014200101,1,49448,493562754
0.5247918,0.4648095,0.00996663,0.0004320981,1,49448,800098415
0.65485454,0.34251243,0.002574705,5.830565e-05,1,49448,1716506903
0.008817314,0.90873516,0.08234312,0.0001044333,1,49448,307582055
0.00013623656,0.7924315,0.20742013,1.2229036e-05,1,49448,416482273
6.649027e-05,0.67122674,0.3286796,2.7185783e-05,1,49448,434068700
0.0081603285,0.9171286,0.07461523,9.578008e-05,1,49451,108769354
0.52656597,0.4652164,0.007937692,0.0002798549,1,49451,769204621
0.019465387,0.9286245,0.051803812,0.000106284904,1,49451,885926789
0.1905793,0.79032874,0.018946625,0.00014537381,1,49451,520993830
0.110900596,0.84243786,0.046102665,0.0005588584,1,49451,540413655
0.0035467474,0.87723434,0.119157046,6.1797e-05,1,49451,667858738
9.984278e-05,0.6069653,0.3928785,5.6374436e-05,2,49494,911523142
4.4171443e-06,0.030751862,0.9689974,0.00024630898,2,49494,1087866039
2.9795504e-07,0.07285795,0.9271308,1.0975222e-05,2,49494,2007558068
1.8485183e-05,0.40186644,0.5980696,4.5457047e-05,2,49494,27329393
2.072565e-06,0.08110921,0.9188336,5.5152228e-05,2,49494,149437769
1.1966083e-07,0.15947248,0.84052616,1.2566284e-06,1,49520,53051201
1.1144256e-06,0.141605,0.858368,2.587281e-05,1,49520,1918243536
2.1650787e-05,0.27618542,0.7237476,4.5286644e-05,1,49520,767878280
1.6625908e-06,0.10126991,0.89869523,3.314553e-05,1,49520,1226438258
7.925938e-05,0.90361637,0.09630341,9.863584e-07,1,49531,714200024
0.00060451345,0.76480407,0.23455483,3.6577007e-05,1,49531,1260671654
2.4924805e-06,0.15664344,0.8433421,1.191307e-05,1,49531,398673756
0.00520049,0.91832113,0.07637947,9.896659e-05,1,49531,1627731414
8.9242015e-08,0.119769685,0.880228,2.2242355e-06,1,49544,480013410
4.688693e-09,0.01580274,0.98419607,1.1591364e-06,1,49544,1487871325
7.4590304e-07,0.041204706,0.9587355,5.8938473e-05,1,49544,1767809081
4.1904735e-07,0.084703885,0.91528547,1.0131376e-05,1,49544,771117532
2.1412337e-05,0.05820963,0.9410708,0.0006981915,1,49544,1055124540
4.958398e-09,0.020172365,0.97982603,1.6441201e-06,1,49544,1157939294
1.1541234e-06,0.0060267732,0.99341017,0.0005618977,1,49544,1559236552
3.582531e-05,0.71014196,0.28981444,7.798881e-06,1,49600,280522990
0.0027733324,0.7272531,0.2698301,0.0001434596,1,49600,555453917
0.005466512,0.8031031,0.19113559,0.00029482236,1,49600,1109041950
0.047591366,0.93083006,0.021503452,7.510264e-05,1,49600,817154069
0.022887439,0.87272245,0.10413543,0.00025465398,1,49600,1502219344
0.00830081,0.9379335,0.053644814,0.000120849065,1,49600,1969245487
6.785751e-05,0.32432482,0.675427,0.00018022623,2,49622,600796174
0.00040968246,0.96665156,0.032934632,4.1576727e-06,2,49622,1940056065
3.2637075e-05,0.18156162,0.817985,0.000420718,2,49622,357732876
6.096015e-06,0.76943475,0.23055795,1.2064144e-06,2,49622,1406901490
1.7950788e-05,0.58547556,0.414491,1.5566522e-05,2,49622,1967282195
4.8245997e-06,3.087071e-05,0.8776795,0.12228486,2,49767,153034100
2.3060857e-06,3.0886466e-05,0.9434591,0.05650765,2,49767,613422005
1.2161031e-05,9.8753386e-05,0.5675632,0.43232587,2,49767,162317216
3.6164784e-06,6.488375e-05,0.5077237,0.49220783,2,49767,1368852838
0.0038895023,0.9011441,0.09494871,1.7747623e-05,1,49777,381847277
0.28731835,0.66282874,0.04942586,0.00042711323,1,49777,1363483120
0.07503021,0.76991826,0.1544189,0.00063267356,1,49777,24423771
0.06510087,0.92606664,0.0088163195,1.6093774e-05,1,49777,64381320
5.7528876e-05,0.6384869,0.36144623,9.2916425e-06,1,49823,364053761
1.9594117e-05,0.8476644,0.15231529,7.416007e-07,1,49823,1601037653
5.8238347e-05,0.8158996,0.18404053,1.6527977e-06,1,49823,1699387011
0.00012927836,0.6498945,0.34996662,9.704305e-06,1,49823,2001588769
1.615026e-05,0.33114123,0.66881365,2.8943658e-05,1,49823,1534716792
7.469491e-06,0.4452951,0.554691,6.373829e-06,1,49823,2027174243
1.9406561e-06,0.86265135,0.1373466,9.941035e-08,1,49823,2083547147
0.5155372,0.48193514,0.002452175,7.547477e-05,1,49927,582859757
0.90291697,0.09691782,0.00013988986,2.5302737e-05,1,49927,1464062737
0.7714027,0.22782226,0.0007179704,5.7052643e-05,1,49927,1344758129
0.9067139,0.093146026,0.00012375663,1.6262655e-05,1,49927,1489949772
1.0042354e-05,0.08281495,0.9161164,0.0010585841,1,49970,951397334
3.2697305e-06,0.24011679,0.7598718,8.1951475e-06,1,49970,1866219756
0.00013082227,0.49319836,0.50633883,0.00033197913,1,49970,143345804
1.785173e-06,0.07427203,0.92554146,0.00018479122,1,49970,1309010950
6.085337e-06,0.445654,0.55433345,6.456012e-06,1,49970,1342712431
0.0008513298,0.7051896,0.2938004,0.00015874484,2,5007,410194683
0.0006158046,0.21003973,0.78825736,0.001087136,2,5007,572109969
0.0022301597,0.458255,0.5379652,0.0015497502,2,5007,199491114
3.0148642e-05,0.50410146,0.49582723,4.121338e-05,2,5007,232360569
0.00014105794,0.14617231,0.85314715,0.0005394807,2,50122,1001346938
7.650808e-05,0.011429726,0.93305755,0.055436265,2,50122,1243988074
2.3726186e-06,0.0081420485,0.9903252,0.0015304514,2,50122,1290333551
0.00012821298,0.007577697,0.9539883,0.038305886,2,50122,1456268043
7.444263e-08,0.00567316,0.9942654,6.13492e-05,2,50122,2069756139
8.702943e-05,0.9098533,0.09005653,3.0987487e-06,1,50196,1629262336
0.6410401,0.35577348,0.0030279146,0.00015847308,1,50196,1841521592
0.20509388,0.7780458,0.016701972,0.00015831375,1,50196,1043016858
0.017405361,0.9650129,0.017551998,2.9793093e-05,1,50196,1104880884
0.050779216,0.6735073,0.2747056,0.0010079416,1,50203,643148078
0.00030144094,0.06747493,0.88073885,0.051484723,1,50203,1424223949
0.00017996883,0.3919911,0.60723245,0.00059644546,1,50203,1440962950
0.029067768,0.9240515,0.046808783,7.1973984e-05,1,50203,1533446931
0.0029114608,0.7215803,0.27540183,0.00010630613,1,50203,1079316539
0.00043535855,0.7158975,0.2836531,1.4021745e-05,1,50203,1429171658
0.00089552184,0.51270974,0.48612174,0.00027301977,1,50203,1731597086
0.13074851,0.8614924,0.007571833,0.00018728978,2,50226,315223421
0.014195442,0.96526885,0.020444896,9.080945e-05,2,50226,1653228545
0.0004689669,0.9301663,0.06932911,3.5578363e-05,2,50226,1221175000
0.0011999793,0.9054604,0.09331483,2.479516e-05,2,50226,1496027627
0.00019872077,0.0038565777,0.36749554,0.62844914,2,50277,1722481849
2.5421044e-05,0.002168095,0.92129403,0.07651254,2,50277,1914562391
1.594921e-05,0.0031923132,0.88519526,0.11159643,2,50277,487885274
5.1574116e-06,2.5683072e-05,0.08609583,0.9138734,2,50277,1812386878
0.00013937554,0.7053247,0.29452375,1.2217585e-05,2,50324,135607796
8.600338e-06,0.8072236,0.19276683,9.898763e-07,2,50324,1523223203
0.0002535449,0.66361874,0.33609256,3.5161564e-05,2,50324,34933994
7.571117e-05,0.73737884,0.26253945,6.1085593e-06,2,50324,1190776815
0.0014323711,0.00598899,0.2248989,0.7676797,2,50336,129080910
0.00010538919,0.4841054,0.5156785,0.000110660854,2,50336,1769001041
0.0011176709,0.48775104,0.5094349,0.001696456,2,50336,2010922251
0.000720598,0.17983016,0.807644,0.011805195,2,50336,119391257
0.0022547317,0.09074856,0.8106888,0.096307874,2,50336,753309024
3.279416e-05,0.09544358,0.90266424,0.0018593346,2,50336,1212425486
0.001537686,0.92298305,0.075461105,1.8174682e-05,1,50365,386466156
0.007912033,0.9649173,0.027130252,4.041395e-05,1,50365,551414149
0.02072576,0.9599628,0.019276498,3.487354e-05,1,50365,1188446114
0.009125851,0.9765037,0.014342412,2.810204e-05,1,50365,1607892226
0.08821936,0.88999975,0.021384519,0.0003963864,1,50365,92464373
0.0015171348,0.9573479,0.041123964,1.0966666e-05,1,50365,120457184
0.067865886,0.919034,0.013034301,6.569217e-05,1,50365,1533980621
0.006114022,0.98436964,0.009480453,3.595518e-05,1,50365,1600961917
0.9897085,0.010285359,2.8981844e-06,3.2108903e-06,0,5039,1004837620
0.986961,0.013035081,1.7641962e-06,2.0975758e-06,0,5039,1067917700
0.9954411,0.0045517944,1.9862157e-06,5.065869e-06,0,5039,1319114894
0.99341244,0.006584051,9.3294864e-07,2.526224e-06,0,5039,1791033919
0.99051344,0.009480162,2.9974533e-06,3.414396e-06,0,5039,424484851
0.9876928,0.012299822,3.8860785e-06,3.5239086e-06,0,5039,1121926672
0.99454534,0.0054486603,2.4389037e-06,3.570299e-06,0,5039,1219210632
0.98554057,0.014193542,0.00017420169,9.159007e-05,0,5039,1454766283
0.9959345,0.00406354,5.412153e-07,1.4050083e-06,0,5039,2088636243
0.15687759,0.83044916,0.012557203,0.00011603029,1,50441,1172397689
0.18394095,0.81328887,0.002747474,2.2674985e-05,1,50441,1915946067
0.03883057,0.92532265,0.03576271,8.4098494e-05,1,50441,1005245973
0.018327385,0.96813756,0.013518816,1.622701e-05,1,50441,1619308848
4.780908e-05,0.8248681,0.17508122,2.8204656e-06,1,50464,589521696
0.0004444624,0.7616448,0.23787346,3.731748e-05,1,50464,1839842119
6.834262e-05,0.64205444,0.35785806,1.913265e-05,1,50464,328237079
0.0020199828,0.76213694,0.23570451,0.00013850724,1,50464,606936776
0.0006539306,0.8505264,0.14881168,7.965984e-06,1,505,322793737
0.00013458774,0.52815914,0.47165197,5.4315027e-05,1,505,553389745
0.01436354,0.8924983,0.0931085,2.9574343e-05,1,505,977323070
6.7273606e-05,0.69146943,0.3084583,4.955969e-06,1,505,1653075296
1.1075585e-05,0.6807712,0.31921285,4.962324e-06,1,50525,712281988
0.00010835818,0.64678586,0.35308948,1.63101e-05,1,50525,1223435698
0.00018849644,0.5587656,0.44100884,3.704164e-05,1,50525,1030795178
4.2337288e-07,0.4030521,0.5969468,6.9943457e-07,1,50525,1998419036
0.9833136,0.016683728,1.7183899e-06,9.1562634e-07,0,50788,608715672
0.99025905,0.009737625,2.8582829e-06,5.1069185e-07,0,50788,1653576481
0.96694326,0.03304009,1.3449928e-05,3.1066306e-06,0,50788,289935797
0.9963648,0.00363253,1.527212e-06,1.1353876e-06,0,50788,1430953541
0.15739645,0.83555424,0.0069776126,7.170564e-05,0,50992,65317929
0.756981,0.2420246,0.00089933374,9.507861e-05,0,50992,692670382
0.9481758,0.051767334,4.140227e-05,1.5516496e-05,0,50992,198752395
0.8067738,0.19270195,0.0004768104,4.7420275e-05,0,50992,1456458607
4.622215e-06,0.15854764,0.8414012,4.6479614e-05,2,51003,1031763900
3.740917e-05,0.033190176,0.96343774,0.003334647,2,51003,1755235860
9.0120935e-05,0.009201528,0.9042726,0.08643567,2,51003,193251039
0.0001379033,0.022514047,0.96803623,0.009311778,2,51003,248659246
0.00011273503,0.018587966,0.9612936,0.020005694,2,51003,1582356675
0.08909573,0.7722564,0.13761921,0.001028703,1,51015,991586959
0.22781658,0.75652134,0.015315423,0.0003466328,1,51015,1167996586
0.33073545,0.65449435,0.014636382,0.00013388302,1,51015,1245607851
0.15550347,0.8227316,0.021622304,0.00014262783,1,51015,895535976
0.2341726,0.76039505,0.0053569265,7.538403e-05,1,51015,1153883567
0.8865041,0.113394536,9.242787e-05,8.8815705e-06,0,5106,1031470114
0.5907366,0.4081476,0.0010405564,7.523452e-05,0,5106,1821058661
0.05169091,0.93761635,0.010629297,6.343085e-05,0,5106,184975903
0.08942163,0.88791436,0.022501985,0.00016208462,0,5106,1456690571
0.23027065,0.73405254,0.035357542,0.00031924184,1,51062,600749
0.045199957,0.9028022,0.051882863,0.0001149851,1,51062,1116697962
0.2512332,0.720133,0.02846422,0.0001696306,1,51062,1316967841
0.02336249,0.8476588,0.128771,0.00020765334,1,51062,249115612
0.03476684,0.86260045,0.10252116,0.00011160961,1,51062,1320923892
0.024960916,0.8670098,0.10790487,0.0001242901,1,51062,2121106712
0.033657454,0.92324495,0.042967778,0.00012983682,2,51064,360831180
1.1371109e-05,0.45615593,0.54382336,9.36584e-06,2,51064,1323821362
0.0004376277,0.4354041,0.5640577,0.00010055175,2,51064,98911936
0.00040333628,0.5704278,0.42913315,3.5756555e-05,2,51064,1363002626
0.00016491523,0.4560644,0.543701,6.9708934e-05,2,51064,2005533360
0.00084365875,0.6679879,0.33114237,2.6037369e-05,2,51091,476922095
9.4877876e-05,0.24660102,0.7532528,5.124808e-05,2,51091,1616512746
4.0724935e-05,0.035488687,0.9639285,0.0005421562,2,51091,396011329
1.2811746e-06,0.028932344,0.9710517,1.4717e-05,2,51091,1357908885
8.282354e-05,0.08948102,0.91040164,3.460553e-05,2,51091,1825223741
0.8669943,0.13202228,0.00085098756,0.00013241368,0,51199,160022046
0.9656312,0.03424466,6.8102934e-05,5.598491e-05,0,51199,462013469
0.95923775,0.040716592,3.8773043e-05,6.8863396e-06,0,51199,420018454
0.95125306,0.048662134,6.648509e-05,1.8352597e-05,0,51199,2041203740
1.4240262e-05,9.0204274e-05,0.0841604,0.9157352,3,51249,728853152
6.738279e-07,3.2881449e-06,0.040786058,0.95921,3,51249,1277126591
9.142958e-07,7.87507e-06,0.046312574,0.95367867,3,51249,284144844
1.4896683e-05,0.00010439591,0.09905744,0.9008233,3,51249,816901275
4.8816458e-09,0.0005671978,0.99942374,9.049329e-06,2,51290,22208211
1.3489304e-05,0.062774494,0.9369813,0.00023070992,2,51290,45290837
4.2842585e-06,0.05488384,0.94503736,7.452043e-05,2,51290,1381544393
1.1068641e-05,0.002201012,0.9866737,0.011114236,2,51290,879714140
2.1488914e-08,0.00049833057,0.99948573,1.5893838e-05,2,51290,1518032154
0.039464727,0.8723776,0.087970905,0.00018687033,1,51424,741242221
6.1641276e-06,0.37339637,0.62658256,1.4853713e-05,1,51424,1172557860
1.5189349e-05,0.4009094,0.59905475,2.0589147e-05,1,51424,490909969
0.02059004,0.8370676,0.1422321,0.00011012934,1,51424,1696189851
1.1373711e-06,5.3029426e-06,0.05911064,0.940883,3,51498,416079519
4.5072827e-08,2.3872806e-07,0.14431721,0.85568255,3,51498,1239539367
9.821933e-06,0.0012624641,0.7264366,0.27229115,3,51498,235064489
6.2211114e-07,0.0010380996,0.9856451,0.013316207,3,51498,274766802
1.9647801e-07,1.7834046e-07,0.02615748,0.97384214,3,51498,1481006643
0.29734007,0.68437684,0.017830329,0.00045279146,1,51582,262991367
0.26757285,0.70674074,0.025082048,0.00060437794,1,51582,330632117
0.16854519,0.81166774,0.019392114,0.00039498735,1,51582,492521589
0.018371273,0.9249298,0.056584563,0.00011439495,1,51582,1042298188
0.34110805,0.6533626,0.0054006428,0.00012874325,1,51582,102513107
0.5404421,0.45729822,0.002174073,8.562071e-05,1,51582,1390392947
8.735e-05,0.88109773,0.11881277,2.1922958e-06,1,51888,66230901
0.07625525,0.9130934,0.010623419,2.794669e-05,1,51888,551605508
0.022153446,0.9532123,0.024612453,2.172789e-05,1,51888,2005004938
0.24403949,0.7487727,0.0071215625,6.63582e-05,1,51888,933017897
0.50822353,0.48813322,0.00345209,0.00019116567,1,51888,1724306410
1.7388671e-06,0.0006431502,0.98650384,0.012851265,2,51921,542282040
9.197624e-05,0.0002924993,0.31240797,0.68720764,2,51921,1578152398
7.0717424e-06,3.110377e-05,0.4796387,0.5203232,2,51921,780860894
1.2191735e-07,6.754525e-06,0.9761761,0.023817008,2,51921,1868397328
0.001003739,0.89562887,0.10335543,1.2007506e-05,2,52054,632354556
0.0001397638,0.7897552,0.21009448,1.0585304e-05,2,52054,1265831668
0.00018863182,0.7634728,0.23633191,6.6087264e-06,2,52054,812626202
0.00010000423,0.7063871,0.2935019,1.0989586e-05,2,52054,1611455685
0.0017902021,0.93234146,0.065852694,1.569831e-05,2,52110,166921148
0.00089673296,0.9752171,0.023874301,1.1886365e-05,2,52110,1827949177
0.010159763,0.98160374,0.0082178395,1.8597273e-05,2,52110,1044205645
0.036990263,0.95382994,0.009146146,3.3611122e-05,2,52110,1772175426
0.009851768,0.90423405,0.0857872,0.00012698321,1,52204,1356906117
0.08032232,0.6260274,0.28646356,0.0071866927,1,52204,1595965072
0.0058041257,0.40875542,0.5809628,0.0044776546,1,52204,1286798279
0.0044160993,0.7794916,0.21566284,0.0004295327,1,52204,1558142909
2.048548e-07,8.3966836e-07,0.03642612,0.96357286,3,52327,49479916
2.7282724e-06,4.470278e-06,0.0367693,0.96322346,3,52327,2019571336
4.2053525e-06,7.185486e-05,0.37028727,0.6296367,3,52327,336597994
2.9683866e-07,1.6808142e-06,0.0486082,0.95138973,3,52327,1266936818
0.91678774,0.08291407,0.00012836634,0.0001697334,1,52395,1275580181
0.92714566,0.07280786,3.3242322e-05,1.3225645e-05,1,52395,2050576617
0.943599,0.05633831,3.3019984e-05,2.9617899e-05,1,52395,686456002
0.76249355,0.2365623,0.0005465599,0.00039757468,1,52395,1460465821
0.0013291824,0.044940285,0.67877483,0.27495566,1,52569,160497604
0.00036381395,0.20131548,0.7963357,0.001985015,1,52569,1090253267
0.00049244903,0.34522673,0.65371054,0.000570292,1,52569,1565693389
0.00028145782,0.20092538,0.7968827,0.0019104255,1,52569,1795439668
8.489071e-06,0.0057374914,0.9939208,0.00033323347,2,526,1570301663
1.0557438e-07,0.21641192,0.78358614,1.775516e-06,2,526,1990021306
1.4923031e-05,0.16383441,0.83606315,8.747989e-05,2,526,618047602
2.2587636e-07,0.09592481,0.9040366,3.8386348e-05,2,526,978068785
0.00083394,0.30698222,0.69194466,0.00023917641,2,52602,631431506
3.3429846e-08,0.07936668,0.92063266,6.0482193e-07,2,52602,2073630559
1.2118661e-05,0.33131433,0.6686631,1.0447875e-05,2,52602,11625129
3.5231427e-05,0.19216476,0.80773705,6.295487e-05,2,52602,1436800091
3.6145053e-07,0.2698998,0.7300988,1.1023783e-06,2,52602,2138201888
0.0009670467,0.7846792,0.21430756,4.624739e-05,2,5275,1060786293
0.00041827967,0.91915494,0.08042138,5.340061e-06,2,5275,1575759769
0.0013903978,0.89972466,0.098859675,2.5322848e-05,2,5275,163712089
4.533538e-05,0.72717214,0.27277473,7.818917e-06,2,5275,1392485816
4.648404e-06,0.4598012,0.54017735,1.6804068e-05,2,5275,1557043883
4.612442e-06,0.66329193,0.33669937,4.035309e-06,2,5275,1689473813
0.89980227,0.09953517,0.0004976366,0.00016503148,1,52805,180456227
0.96800864,0.03194912,2.2533752e-05,1.976447e-05,1,52805,991826226
0.96124154,0.038687028,3.4822624e-05,3.662587e-05,1,52805,1424265937
0.94364333,0.055885028,0.00031317296,0.00015850896,1,52805,450794974
0.97063184,0.029307125,4.1228366e-05,1.9836483e-05,1,52805,610398635
0.9630524,0.036824506,4.8748734e-05,7.430318e-05,1,52805,1475531444
1.013085e-06,0.579552,0.42044652,5.696245e-07,2,52965,504091603
5.9905115e-06,0.20101358,0.79896814,1.2311653e-05,2,52965,1526826874
0.0006661658,0.8483196,0.15098713,2.707898e-05,2,52965,1282102075
0.0015095073,0.649498,0.34890348,8.90504e-05,2,52965,1442282120
2.1835294e-05,0.65408105,0.34589437,2.7049643e-06,1,53037,35238999
0.0006926255,0.5456574,0.45338157,0.000268479,1,53037,1264741887
0.0001007874,0.77640116,0.22347456,2.3491826e-05,1,53037,1835861506
0.0038943994,0.84573513,0.15026782,0.000102664926,1,53037,125508889
0.00020179785,0.87014884,0.12964329,6.09375e-06,1,53037,749856585
3.8520706e-05,0.2961476,0.7036856,0.00012832585,2,53076,496152989
3.1084703e-05,0.34572425,0.6542262,1.8445078e-05,2,53076,1760643962
0.00012981798,0.34009826,0.6594157,0.0003562371,2,53076,2067837446
9.599199e-06,0.03732413,0.9622284,0.00043788212,2,53076,1506436408
1.4959992e-05,0.20031925,0.79963845,2.7303431e-05,2,53076,2139509365
0.18175705,0.79946345,0.018604122,0.0001753339,1,53098,541722404
0.5354242,0.46157736,0.002844621,0.00015393215,1,53098,1489090796
0.14088257,0.7838938,0.073849864,0.0013737987,1,53098,365314161
0.031459756,0.9581545,0.010351764,3.398331e-05,1,53098,1378859942
0.031459756,0.9581545,0.010351764,3.398331e-05,1,53098,1578358172
4.4526696e-06,0.067533545,0.93236345,9.859635e-05,2,53115,147232633
4.5080606e-06,0.059853416,0.93977076,0.00037139276,2,53115,892587620
2.9220976e-06,0.059790514,0.9398701,0.00033645908,2,53115,1903183388
5.2956435e-05,0.003360455,0.83846855,0.15811804,2,53115,252882987
7.0219485e-06,0.0038360502,0.96590626,0.03025062,2,53115,1471445488
9.820039e-07,0.009310612,0.9898741,0.000814386,2,53132,768557566
2.5426416e-06,0.001687859,0.9951025,0.003207129,2,53132,1306525928
3.6347578e-07,0.0009863111,0.9981627,0.00085062004,2,53132,58984109
2.6460117e-07,0.001160249,0.9981823,0.00065718946,2,53132,715640364
1.4357694e-05,0.14528139,0.85457367,0.00013062444,2,53407,766154436
6.866599e-08,0.31062752,0.6893709,1.512784e-06,2,53407,1177968581
0.00050120475,0.78313446,0.2163168,4.7508558e-05,2,53407,796035584
5.9134857e-07,0.24026226,0.7597319,5.223017e-06,2,53407,1828755227
3.1902417e-07,2.6647779e-06,0.055328876,0.94466805,2,53422,646504957
1.5768939e-07,1.8209863e-06,0.10014272,0.8998553,2,53422,1596725877
4.9728765e-06,0.000112919945,0.35050413,0.649378,2,53422,1031491623
7.2158365e-08,6.4441446e-07,0.041951913,0.95804733,2,53422,1655321019
1.6350235e-06,1.5072881e-05,0.17679901,0.82318425,2,53422,1756701915
5.2467612e-06,0.00027655638,0.24892464,0.7507935,3,53470,367022075
0.0001362071,0.00013271581,0.01351975,0.9862113,3,53470,1563682938
7.223229e-07,1.5111638e-06,0.012442048,0.9875557,3,53470,829650969
1.1304983e-05,8.8732515e-05,0.087810144,0.9120898,3,53470,1663571485
1.5885153e-05,0.00013624747,0.08088828,0.9189595,3,53470,1837610159
3.96263e-05,0.23058689,0.7693006,7.295186e-05,2,53504,94276721
7.2165562e-06,0.4377598,0.5622247,8.284292e-06,2,53504,1384766927
0.0001357181,0.087073274,0.9125005,0.00029047282,2,53504,360022859
2.7605192e-05,0.056562006,0.94305784,0.00035253965,2,53504,386371370
4.6488e-06,0.10954034,0.89036435,9.063368e-05,2,53504,1253044845
5.2935065e-06,0.16401137,0.83585566,0.00012771264,2,53715,157131570
5.5575783e-06,0.0043801754,0.9827529,0.0128613375,2,53715,1762965244
1.606539e-05,0.010420997,0.98194396,0.00761896,2,53715,835461992
3.8478888e-07,0.133966,0.86603034,3.2637445e-06,2,53715,1030045768
4.794369e-07,3.9665097e-06,0.14629646,0.8536991,2,5374,23230570
3.7376394e-05,0.012107437,0.9768445,0.011010681,2,5374,1432368419
2.1285832e-05,0.00018751578,0.85843784,0.14135334,2,5374,207960631
3.732355e-08,0.0002689815,0.99821645,0.0015145204,2,5374,1490173839
4.7433392e-07,0.39928588,0.6007127,9.540885e-07,1,53852,220998651
4.343326e-06,0.33965042,0.66033804,7.2183516e-06,1,53852,800544231
2.7817987e-05,0.18622725,0.8135701,0.00017485097,1,53852,1921735263
0.00016716514,0.5073997,0.49238697,4.6183577e-05,1,53852,29403298
2.3230448e-06,0.49166086,0.5083347,2.1190147e-06,1,53852,539098281
0.0043333657,0.95202357,0.04349124,0.00015183113,1,53890,775599145
0.008433889,0.8760232,0.1152406,0.00030227684,1,53890,1274360944
0.041403264,0.89990187,0.058501914,0.0001930054,1,53890,1468946431
0.0022565797,0.86236835,0.13511537,0.000259661,1,53890,111266080
0.012139144,0.896035,0.09156464,0.00026118298,1,53890,1023583630
0.00028083703,0.81587404,0.18380015,4.507145e-05,1,53890,1249367543
1.5146515e-05,0.6791552,0.32082593,3.8031642e-06,1,53914,323390209
1.6585027e-05,0.70039254,0.29956564,2.5251331e-05,1,53914,1485999469
2.5278738e-05,0.3530336,0.6469166,2.4490479e-05,1,53914,1861106378
0.00010317273,0.63685876,0.36289176,0.00014633418,1,53914,239791638
9.2515955e-05,0.53124565,0.46820423,0.00045759627,1,53914,1322150089
0.00053394417,0.3426701,0.65644926,0.00034670183,1,53914,1366126104
0.00016193796,0.0014927612,0.29988852,0.6984568,3,53920,1053758504
4.193487e-05,0.00713995,0.9432567,0.04956143,3,53920,1821887404
4.316794e-06,0.0004475189,0.5068537,0.49269447,3,53920,1914244344
4.108955e-06,0.0001605788,0.3897426,0.6100927,3,53920,1149113033
1.2356244e-05,0.0023746672,0.75019115,0.24742183,3,53920,1887875341
0.00028945776,0.005799154,0.5266273,0.46728405,3,53920,2064344831
0.009368611,0.9347112,0.05589254,2.7606882e-05,2,54009,217777843
0.026427414,0.9607064,0.012830049,3.609372e-05,2,54009,545810030
0.00015642129,0.76701033,0.23281704,1.618772e-05,2,54009,17131061
0.012042432,0.9484983,0.039427448,3.191812e-05,2,54009,688632165
3.7334462e-06,0.6005284,0.3994673,6.006738e-07,1,54052,123132135
0.0031727883,0.96603507,0.030772123,2.0044074e-05,1,54052,881547173
0.00011451702,0.86208594,0.13779457,5.058976e-06,1,54052,418249095
3.54448e-05,0.726819,0.27313113,1.44608e-05,1,54052,953148041
3.4205646e-06,0.69816566,0.30182767,3.2698015e-06,1,54052,1413428512
0.0026533124,0.067290746,0.61709636,0.31295958,2,54082,521214599
5.9729122e-05,0.00035875756,0.4001606,0.59942085,2,54082,1870904223
7.9512887e-07,0.64593184,0.35406703,3.456174e-07,2,54082,941988480
0.00014665708,0.62797755,0.37182584,4.9940543e-05,2,54082,1124010986
0.21442208,0.776842,0.0083954,0.00034047104,1,5415,1663736972
0.009327927,0.9562598,0.034316305,9.592729e-05,1,5415,1802761162
0.022742592,0.9541341,0.02299492,0.00012834735,1,5415,81571228
0.014362701,0.95695424,0.02843071,0.0002523562,1,5415,1329859881
0.03680616,0.93858784,0.024195464,0.00041054047,1,5415,1575339164
0.0017346294,0.23190378,0.76506984,0.0012918183,2,54165,334806544
1.3087566e-05,0.21446534,0.7855148,6.841426e-06,2,54165,1435328125
0.006359454,0.2293958,0.76217556,0.0020692013,2,54165,46355472
0.00040649026,0.063338384,0.9353205,0.0009345821,2,54165,1447877777
8.437334e-05,0.04297333,0.95684147,0.00010086251,2,54165,1490351078
9.127015e-06,8.1855826e-05,0.47180048,0.52810854,2,54397,710680984
3.6303588e-06,2.9056127e-05,0.26063114,0.73933613,2,54397,1875993007
6.790514e-06,4.2084383e-05,0.15745182,0.8424993,2,54397,893417744
2.746275e-06,1.6537693e-05,0.05382759,0.94615304,2,54397,1186334284
3.1286033e-06,1.1279348e-05,0.054717556,0.94526803,2,54397,2137610634
0.84558654,0.15387112,0.000494541,4.786726e-05,0,5449,857145558
0.59138274,0.4074524,0.001088984,7.590723e-05,0,5449,945423304
0.6260008,0.37233102,0.0015502113,0.000117972166,0,5449,223708738
0.7584542,0.23964502,0.0018216826,7.908977e-05,0,5449,1802788492
6.2889135e-06,0.09534338,0.9045959,5.445345e-05,1,54511,1077611828
0.00011894152,0.5146145,0.48510143,0.00016510309,1,54511,1940417598
0.0011493998,0.6816028,0.31696936,0.0002784677,1,54511,486677805
0.029950084,0.8530498,0.11656786,0.00043214855,1,54511,1600649846
0.043873478,0.94736296,0.008736389,2.7258562e-05,1,54575,1347764706
0.25509787,0.7346985,0.009898024,0.00030556344,1,54575,1701002627
0.59422344,0.40453613,0.0011854301,5.4979897e-05,1,54575,332282652
0.5436535,0.45318413,0.0030199585,0.00014248156,1,54575,784747941
0.00011737585,0.7344816,0.26538536,1.5642472e-05,1,54748,815151014
0.0048511345,0.92927295,0.06580222,7.3738884e-05,1,54748,1013382358
0.00029510242,0.9174005,0.08229732,7.1581126e-06,1,54748,1595848442
0.00091925607,0.9192469,0.079826124,7.670006e-06,1,54748,921250296
5.099082e-06,0.57153904,0.42845222,3.6238619e-06,1,54748,2035568810
1.0452433e-07,0.092527084,0.9074684,4.4403905e-06,2,54816,458427195
2.460557e-06,0.00571217,0.9933722,0.00091316353,2,54816,964512343
6.8563384e-07,0.031403568,0.9684705,0.00012516623,2,54816,435197796
2.2650935e-05,0.011322327,0.9821054,0.006549717,2,54816,1434814136
1.2684117e-05,0.009435025,0.9785169,0.012035383,2,54816,1770069930
0.8952971,0.10414584,0.00040373078,0.00015327151,1,54868,1391652103
0.88760656,0.11107305,0.000983621,0.00033681857,1,54868,1960725744
0.86934245,0.1301495,0.00043847787,6.96085e-05,1,54868,678940037
0.9056587,0.09386268,0.00022472264,0.00025395586,1,54868,1852083466
0.0059003187,0.8283224,0.16542971,0.00034753152,1,54872,493851865
0.011994903,0.63293254,0.3542631,0.0008094191,1,54872,967113952
0.0032876707,0.7332879,0.263234,0.00019048828,1,54872,1629913290
0.004338597,0.107473716,0.88625073,0.0019368804,1,54872,32897642
0.00093430263,0.10846117,0.8896006,0.0010039208,1,54872,646871782
2.1174053e-06,0.025347821,0.9746072,4.2843938e-05,1,54872,703997156
0.00166418,0.4314144,0.5660803,0.00084113044,2,54898,310752319
0.002763152,0.7655765,0.2315775,8.283572e-05,2,54898,1174283248
0.00028309747,0.38410613,0.6154267,0.00018403988,2,54898,980308729
0.0005643517,0.628628,0.3707156,9.205946e-05,2,54898,1916135217
0.0007024063,0.46874103,0.5303814,0.00017518508,2,54898,2030907103
0.0002134343,0.76990986,0.22984801,2.8721943e-05,1,54930,378870160
9.841253e-07,0.616627,0.38337144,5.566611e-07,1,54930,1291684717
2.1475456e-05,0.725056,0.27491876,3.7491147e-06,1,54930,1314799188
9.215729e-08,0.7104301,0.28956977,4.9891476e-08,1,54930,1501829050
1.9731548e-05,0.21330255,0.78663945,3.8364695e-05,2,54931,931809721
9.8984665e-06,0.032852225,0.9666409,0.00049699476,2,54931,1359041408
0.00019250292,0.26424584,0.73536056,0.00020111624,2,54931,250868745
0.00010705671,0.19763061,0.8019799,0.0002823669,2,54931,1272716552
1.6636732e-05,0.082359366,0.91743386,0.00019008998,2,54931,1911769747
0.008043496,0.8650114,0.12677896,0.00016614434,1,55002,922533776
0.06266439,0.9188209,0.018292807,0.00022188215,1,55002,1146811927
0.009971491,0.89925957,0.090521745,0.00024719015,1,55002,1689107965
0.0049323514,0.84494525,0.14987104,0.00025138873,1,55002,100561005
0.00037907282,0.6202907,0.3792951,3.5095487e-05,1,55002,702907989
0.00464389,0.72227395,0.27296165,0.000120518715,1,55002,957828394
0.041594777,0.81843877,0.13887161,0.0010947685,1,55002,1122354139
0.0010774669,0.79875916,0.20013101,3.240021e-05,2,55013,434222438
0.019279715,0.76381224,0.21642804,0.00047993506,2,55013,635714633
0.0100973295,0.7436296,0.24615484,0.0001182517,2,55013,971534367
0.013322109,0.82766646,0.15874805,0.00026348047,2,55013,1138603227
0.024848122,0.79679906,0.17811683,0.00023598537,2,55013,1947938552
0.0060575996,0.7432102,0.25049272,0.00023950152,2,55013,131314582
0.019707121,0.7658564,0.21407974,0.0003567714,2,55013,449803705
0.0015922582,0.59338236,0.4048741,0.00015132275,2,55013,1958519903
0.071414195,0.6863887,0.24154696,0.0006502121,2,55013,2141064123
0.8781994,0.12162875,0.00014379979,2.807295e-05,0,55120,7199158
0.4776048,0.51955557,0.002763614,7.60497e-05,0,55120,622643338
0.18321669,0.80056405,0.015949981,0.0002691865,0,55120,1239837043
0.7753267,0.22322713,0.001298057,0.00014812495,0,55120,1780204050
1.6671022e-05,8.3955216e-05,0.096631244,0.90326804,2,55132,1602220387
1.2603598e-05,0.0012640674,0.4747149,0.5240084,2,55132,2040654498
1.0802823e-05,0.0020074567,0.8363981,0.16158368,2,55132,1367458184
1.5187871e-05,0.00025008098,0.17928876,0.82044595,2,55132,1876119531
0.63302225,0.36598176,0.0009204478,7.55894e-05,0,55184,1113648252
0.70323044,0.2960233,0.00067178556,7.446814e-05,0,55184,1364701958
0.2635505,0.70718175,0.028993838,0.0002739794,0,55184,266279018
0.067870334,0.8706924,0.060198866,0.0012384967,0,55184,1210481967
0.004070219,0.7955109,0.20038441,3.449465e-05,1,55191,62398555
0.08428628,0.85145146,0.06386611,0.0003961492,1,55191,220538113
0.058195915,0.8878384,0.05386445,0.00010129438,1,55191,1256101171
0.006479661,0.75149834,0.24190144,0.00012051173,1,55191,192191560
0.0218549,0.8661227,0.11190217,0.00012015613,1,55191,747739903
0.009723162,0.8059748,0.18420646,9.559409e-05,1,55191,1559734963
0.09680395,0.8474562,0.055676404,6.339349e-05,1,55191,1961677263
0.90442353,0.0949341,0.00028114585,0.00036119245,1,55263,955186928
0.83860916,0.15955083,0.001655763,0.0001842337,1,55263,1044600079
0.22507654,0.7574236,0.017093517,0.00040629067,1,55263,260007321
0.8506854,0.14891247,0.00036382597,3.823392e-05,1,55263,2061049150
0.0012760994,0.9540264,0.044689875,7.6269894e-06,1,55325,1040384880
0.009608786,0.9391129,0.051189195,8.906099e-05,1,55325,1215477935
0.2894258,0.70495546,0.005549464,6.935159e-05,1,55325,1148009299
0.0022664673,0.9743611,0.023366753,5.67158e-06,1,55325,1970419577
1.02093345e-05,3.015292e-05,0.14475985,0.85519975,2,55361,676450611
3.4252647e-05,0.00020873517,0.06396429,0.93579274,2,55361,1280856614
2.9329071e-06,1.2343286e-06,0.011673668,0.9883222,2,55361,1119780705
7.771054e-06,0.0004272656,0.45552403,0.5440409,2,55361,1159495900
0.051311966,0.92881066,0.019707398,0.00016996062,1,55538,10619420
0.011658032,0.95511395,0.033205118,2.2859334e-05,1,55538,630872211
0.07865812,0.8829066,0.03797833,0.00045693532,1,55538,769598622
0.1973235,0.7743244,0.027842395,0.0005097403,1,55538,1185713542
2.0621514e-05,0.14156309,0.85773325,0.0006829754,1,55602,2645567
1.3573914e-05,0.13504916,0.8639201,0.0010171611,1,55602,1129654680
6.876998e-06,0.16739884,0.83249915,9.5084986e-05,1,55602,2069515428
5.623773e-06,0.14437814,0.85558265,3.3657536e-05,1,55602,844521692
4.2276268e-05,0.013628077,0.9557026,0.030626992,1,55602,1348449037
0.00017616226,0.011849442,0.5901665,0.39780784,1,55602,2102974829
1.4598718e-06,0.07628493,0.92368215,3.147676e-05,2,55822,127848813
1.0015065e-05,0.026584536,0.97336644,3.9119575e-05,2,55822,1514566268
2.512047e-05,0.014072821,0.9847761,0.0011259872,2,55822,430666
7.6605534e-07,0.1372326,0.8627603,6.375767e-06,2,55822,1905286797
0.94404435,0.05591191,3.59691e-05,7.773865e-06,1,55837,282471894
0.953566,0.046237886,0.00012782228,6.827702e-05,1,55837,1334778106
0.7604594,0.23837431,0.0010478297,0.000118418146,1,55837,311881529
0.26080024,0.73562574,0.0035264802,4.7493522e-05,1,55837,1172933426
2.6213651e-05,0.21246408,0.78713554,0.0003741793,2,55898,1053530035
3.4827197e-05,0.045003235,0.9540919,0.0008699964,2,55898,1121898241
3.697194e-05,0.032601215,0.9637357,0.0036260418,2,55898,1219026770
3.244056e-06,0.06629578,0.93358195,0.00011903684,2,55898,938227703
0.0002214905,0.018210085,0.9239811,0.057587292,2,55898,1401085164
8.429966e-06,0.008563888,0.9877814,0.0036462427,2,55898,1545815360
0.0004699706,0.005442201,0.6095753,0.38451254,2,56034,568993446
3.38084e-06,0.0002237452,0.8349951,0.16477773,2,56034,1099777037
1.112623e-06,5.2710666e-06,0.2221685,0.7778251,2,56034,2081086772
1.9609828e-05,0.00023477896,0.75399977,0.24574585,2,56034,93382884
2.7911342e-06,2.9730286e-06,0.074381396,0.92561287,2,56034,222617019
2.7900874e-08,0.00077738054,0.99885976,0.00036290276,2,56034,255922607
1.766072e-05,0.22604826,0.7739116,2.2502787e-05,2,56077,468804346
3.6952024e-06,0.37576416,0.62422776,4.338966e-06,2,56077,1593800072
0.004536073,0.6025872,0.3925375,0.0003391792,2,56077,632322161
0.00050357485,0.42388567,0.57550734,0.00010341768,2,56077,1999664656
3.2221828e-06,0.25224715,0.7477436,5.9919194e-06,2,56077,2135843395
0.1308968,0.8488962,0.02008121,0.00012578457,1,56094,173417261
0.15794525,0.81469846,0.02710508,0.0002511138,1,56094,1147013362
0.0064172097,0.88965005,0.103877366,5.536725e-05,1,56094,1026453349
0.042556267,0.8605999,0.09612646,0.0007174467,1,56094,2124377509
0.9900305,0.009968026,7.1728056e-07,7.218206e-07,1,56100,105423190
0.957267,0.042675313,4.4648466e-05,1.3075423e-05,1,56100,2123185983
0.53297126,0.46610278,0.0008743849,5.1600713e-05,1,56100,2124025779
0.8032299,0.195143,0.0015105245,0.00011658605,1,56100,1190628
0.8394293,0.15997563,0.0005436434,5.1364885e-05,1,56100,144004687
0.9318461,0.067893,0.00020505901,5.589452e-05,0,56103,66311621
0.82618636,0.17327376,0.0004932581,4.665954e-05,0,56103,82838680
0.92005634,0.07978851,0.0001289002,2.631976e-05,0,56103,1193185597
0.92241186,0.07754435,3.6714595e-05,7.040474e-06,0,56103,1346654397
0.944161,0.05576438,6.114862e-05,1.3515461e-05,0,56103,1886833513
1.498388e-05,0.002300308,0.77095366,0.22673109,2,56107,179219986
1.2644914e-06,0.0012905806,0.9925876,0.0061204755,2,56107,2018146296
2.7199443e-05,0.0012359935,0.6495689,0.34916785,2,56107,1193923143
5.951549e-05,0.00066930766,0.1939528,0.8053183,2,56107,1535406528
8.973268e-06,0.00011735756,0.7295888,0.27028483,2,56153,811848718
1.1583145e-05,0.00042785564,0.95790625,0.041654427,2,56153,1527097949
3.6328296e-05,0.00020321163,0.54538983,0.45437062,2,56153,2016898118
1.0781423e-06,7.026246e-05,0.91937506,0.08055362,2,56153,288056200
3.500583e-05,0.00021659932,0.58748215,0.4122662,2,56153,1461556626
0.95213884,0.047745757,6.0623635e-05,5.4819477e-05,0,56235,1304192010
0.96589947,0.03181933,0.00013020275,0.0021509798,0,56235,2052284610
0.9944847,0.0055115474,1.8728423e-06,1.8768529e-06,0,56235,463030585
0.98948705,0.010509744,1.8848065e-06,1.3036027e-06,0,56235,596748437
0.9223311,0.077618346,4.720259e-05,3.3373901e-06,0,56235,1013041885
0.0013022238,0.78222084,0.2161891,0.00028785967,1,56262,1017924254
0.025030967,0.71352506,0.25877255,0.002671471,1,56262,1083134030
0.003698229,0.755749,0.23998249,0.0005702497,1,56262,1976688597
0.00018267702,0.9592295,0.040584594,3.2564365e-06,1,56262,703793417
0.025082821,0.8599377,0.114692196,0.00028721997,1,56262,1391622519
0.0759629,0.55114794,0.32083467,0.052054543,1,56311,1216718171
0.033989128,0.79115134,0.17337874,0.0014808002,1,56311,2113593457
0.05811257,0.8663103,0.07352319,0.0020539302,1,56311,873228459
0.009511915,0.6686028,0.32016644,0.0017187982,1,56311,1863704935
1.9437524e-05,0.00060530705,0.5981335,0.40124172,2,56425,811154538
9.802002e-05,0.0010445543,0.49721646,0.501641,2,56425,2038027667
0.00018072281,0.0031111795,0.62192476,0.37478328,2,56425,339123188
1.7759128e-06,0.0066451463,0.9924183,0.0009347545,2,56425,474117672
0.042563803,0.58322084,0.36381644,0.010398884,1,56434,72895575
0.035838917,0.9490529,0.015014565,9.3642644e-05,1,56434,1931683590
0.02782908,0.96098435,0.011160664,2.5923584e-05,1,56434,212470959
0.08845217,0.72642505,0.17933999,0.005782867,1,56434,1756551356
4.53968e-06,0.014462237,0.985062,0.00047120804,2,56526,912729699
2.095666e-05,0.00029677548,0.91873044,0.08095182,2,56526,1451806254
0.00012579304,0.0020378772,0.93716574,0.060670577,2,56526,436969798
1.0174039e-06,0.020703332,0.9792355,6.0178332e-05,2,56526,1875452591
0.0002773459,0.76635385,0.23332627,4.2596206e-05,1,56561,530372146
0.012970443,0.83872795,0.14738348,0.00091817294,1,56561,708516535
0.39969474,0.5945724,0.0055665807,0.00016625016,1,56561,868503262
0.0011466659,0.68659365,0.31209403,0.00016565892,1,56561,1808831850
0.08644406,0.8940154,0.019438999,0.00010153559,1,56561,274632554
0.4669947,0.5197852,0.0126734,0.0005467222,1,56561,2055698198
0.068539955,0.91942364,0.011989715,4.6690642e-05,1,56561,2143964778
3.284283e-07,0.017314676,0.9826675,1.7450568e-05,2,56564,443242450
4.1743948e-05,0.48366857,0.5162212,6.845645e-05,2,56564,679184119
8.0420216e-07,0.030800397,0.9691914,7.4333607e-06,2,56564,508000330
6.545611e-05,0.09100769,0.90813744,0.0007894132,2,56564,1651764225
2.5602299e-08,0.015837846,0.9841467,1.5437558e-05,2,56610,479371559
9.317355e-09,6.080725e-05,0.99961793,0.00032124028,2,56610,602488131
3.7775834e-07,0.00010284551,0.90793663,0.09196019,2,56610,577558513
4.4187536e-06,6.173188e-05,0.47903726,0.5208966,2,56610,1904590423
0.00048020203,0.0008970538,0.43321997,0.5654028,2,56657,808390735
3.3079293e-06,5.8722977e-05,0.75023794,0.24970004,2,56657,1888054392
2.9358414e-05,0.0007038689,0.55225813,0.44700864,2,56657,441680807
4.387827e-05,0.00055398047,0.55963504,0.43976703,2,56657,639676471
0.32955092,0.66839314,0.0020292366,2.6720696e-05,1,56761,300225852
0.8874947,0.11231493,0.00013962024,5.07442e-05,1,56761,1628548011
0.037211057,0.9451258,0.01759659,6.6500696e-05,1,56761,1764985470
0.68362886,0.30974662,0.006068954,0.00055557507,1,56761,113041921
0.4343842,0.55692095,0.007824493,0.00087046245,1,56761,494771006
0.30196774,0.68542725,0.012427437,0.00017763578,1,56761,893134865
3.5618592e-05,0.77951306,0.2204441,7.2534217e-06,2,56813,64750598
4.22251e-06,0.3944087,0.60558355,3.567095e-06,2,56813,1366895593
8.354311e-07,0.22357,0.77642435,4.795302e-06,2,56813,1923655631
2.195658e-05,0.3253516,0.6746124,1.4028779e-05,2,56813,1566969949
0.00010094324,0.60024774,0.39962342,2.7940956e-05,2,56813,1994289970
0.003543823,0.26066476,0.7336172,0.0021742338,2,56882,480059402
7.1102295e-05,0.22542946,0.77443594,6.347007e-05,2,56882,1339006966
0.0025407663,0.26455736,0.7313894,0.0015124816,2,56882,567529801
0.0013821522,0.2153435,0.781596,0.0016783241,2,56882,721823054
0.00031704872,0.0028525328,0.11353401,0.88329643,3,56945,156888761
0.00011354251,0.00051362324,0.06421385,0.93515897,3,56945,1689695018
0.00024468813,0.0019289469,0.18341976,0.8144065,3,56945,884730392
7.0983274e-06,2.3807946e-05,0.030734492,0.9692346,3,56945,1049668757
8.660294e-07,0.54619014,0.45380816,8.5649833e-07,1,57185,636015871
0.00021540678,0.75406206,0.24570464,1.7902481e-05,1,57185,1212566829
0.00045550632,0.79854447,0.20097247,2.7590007e-05,1,57185,173569762
1.7738255e-05,0.9610616,0.03892019,4.8045445e-07,1,57185,1129124634
0.020008791,0.94817096,0.031790543,2.976646e-05,1,57205,211342788
0.035706166,0.84578156,0.11806308,0.00044915627,1,57205,1347533979
0.12086825,0.8581033,0.020922065,0.00010642533,1,57205,1530722187
0.00039481968,0.747359,0.25205588,0.00019032077,1,57205,24452632
0.1911138,0.80014527,0.008682766,5.818677e-05,1,57205,629036476
2.6021466e-05,0.003636094,0.966601,0.029736819,2,57207,560548919
1.8217635e-05,0.0038280569,0.9945293,0.0016243414,2,57207,1629188534
3.4202938e-05,0.06408275,0.93551713,0.00036593454,2,57207,162776042
7.521706e-05,0.010820787,0.97874284,0.010361108,2,57207,1427879951
0.0002292006,0.2643826,0.7352639,0.00012428782,2,57216,489609050
7.3056827e-09,0.12161048,0.87838936,1.6956788e-07,2,57216,852231030
1.1851424e-05,0.02097294,0.97840583,0.0006093235,2,57216,1322452138
2.2826974e-07,0.011743891,0.9882159,4.0023784e-05,2,57216,1498972223
0.34387124,0.6490509,0.0068927365,0.00018506162,1,57359,34123431
0.27513027,0.7120946,0.012168956,0.0006061705,1,57359,657720034
0.123331085,0.8689163,0.0076126107,0.00014009433,1,57359,100479844
0.38327366,0.6060115,0.009846059,0.00086876325,1,57359,178004095
0.00016533764,0.64281225,0.35699347,2.898299e-05,1,57364,53395711
0.0034742714,0.809426,0.18688954,0.00021017248,1,57364,1834246883
0.003429594,0.8043664,0.19213727,6.675303e-05,1,57364,1139492314
3.902366e-05,0.81599563,0.18396401,1.3547092e-06,1,57364,2144707732
0.15000984,0.8452263,0.004745626,1.8245231e-05,0,57415,246544920
0.32547805,0.66356874,0.0108020445,0.00015119549,0,57415,595041587
0.14477326,0.8501855,0.0049674017,7.380343e-05,0,57415,1128967170
0.6094537,0.38972822,0.0007783127,3.9727474e-05,0,57415,1219866189
0.76327866,0.23597118,0.0006845088,6.569489e-05,0,57415,1501391055
0.73382515,0.26518193,0.0009693704,2.3577084e-05,0,57415,2142344571
7.023986e-06,0.8950119,0.104980625,3.8391357e-07,2,57440,341832010
6.3631353e-07,0.20352252,0.7964745,2.2983427e-06,2,57440,1707490564
2.0067362e-06,0.015052671,0.9842679,0.00067751005,2,57440,1470203682
7.5377095e-08,0.17567694,0.8243226,4.2220037e-07,2,57440,1561105953
1.9903313e-05,0.063816726,0.93592083,0.00024250946,2,57440,1885318050
0.9672774,0.032614745,4.678099e-05,6.0986567e-05,1,57468,118621619
0.92742735,0.07076563,0.0013073252,0.00049973174,1,57468,770890034
0.9760177,0.023960344,1.3851669e-05,8.062735e-06,1,57468,803243812
0.97448367,0.025470382,1.8973267e-05,2.7046164e-05,1,57468,977545628
0.9782721,0.02163186,7.4037125e-05,2.1986982e-05,1,57468,1764968386
0.9878165,0.01214578,2.5848083e-05,1.1739849e-05,1,57468,1779526272
0.838451,0.16093972,0.00047615592,0.00013306888,1,57468,107213666
0.96010464,0.039762642,6.8648566e-05,6.404342e-05,1,57468,698508408
0.8564527,0.14335287,0.00016067279,3.3793127e-05,1,57468,822003629
0.97328883,0.026594218,8.01646e-05,3.680069e-05,1,57468,1263889058
0.95078945,0.047860812,0.00075226865,0.0005974955,1,57468,1720372073
0.9496383,0.05005316,0.00024099958,6.748775e-05,1,57468,1762365646
0.00012127425,0.387509,0.6085237,0.0038460265,2,57575,228152266
0.00026529783,0.025697792,0.7392141,0.2348227,2,57575,232679155
0.000116579904,0.010306927,0.7113269,0.2782496,2,57575,1876296585
0.018686777,0.83037317,0.15065357,0.0002864578,2,57575,70404382
0.0003234795,0.41931635,0.57919,0.0011701738,2,57575,1213811122
0.010386112,0.7262703,0.26302543,0.00031810277,2,57575,1957151540
7.0216544e-07,1.4737514e-05,0.5028537,0.49713084,2,57658,1548004196
7.4137233e-07,3.8081882e-06,0.19937316,0.8006223,2,57658,1620041933
7.244463e-07,1.5019455e-06,0.06142544,0.9385724,2,57658,2071877289
1.09950044e-07,0.0003698315,0.99942744,0.00020259347,2,57658,1388129956
3.638366e-05,0.0049923584,0.9941292,0.0008420509,2,57658,1795341598
3.4169532e-06,0.004193282,0.9950411,0.0007622426,2,57658,2111659699
0.00045096644,0.0035295233,0.937899,0.058120552,2,5766,229909611
2.9424764e-06,0.00067237054,0.9883152,0.01100945,2,5766,1319131899
7.424186e-05,0.0020883235,0.90765125,0.090186216,2,5766,648982229
5.4209686e-05,0.0074901674,0.97886044,0.013595122,2,5766,753833223
0.20327753,0.73921096,0.05633438,0.0011771414,1,57759,295904884
0.0015497793,0.9123165,0.086063914,6.9850736e-05,1,57759,351101442
0.67953104,0.31447044,0.005477678,0.00052085076,1,57759,627141049
2.7593811e-05,0.79313415,0.20683295,5.2516602e-06,1,57759,768537854
0.0010149976,0.73682433,0.26184702,0.00031368667,1,57759,1550473763
6.4380556e-06,0.0006960946,0.95084864,0.048448827,2,57760,1668378967
1.1585597e-05,0.018392142,0.978625,0.0029713549,2,57760,1927224103
8.1791165e-07,0.00018659994,0.9778421,0.021970468,2,57760,308217886
1.2261647e-07,0.0019615877,0.99790895,0.0001293399,2,57760,1426647729
2.8556622e-07,0.24785054,0.7521474,1.8083575e-06,1,57790,695639265
9.246813e-05,0.491518,0.50837094,1.8591363e-05,1,57790,1725582510
0.0038774782,0.80770284,0.18834816,7.158628e-05,1,57790,943405970
0.0002462685,0.8367063,0.16303034,1.7034874e-05,1,57790,1893007795
2.3222645e-05,0.05115774,0.94864255,0.00017654215,1,57879,193491211
0.00034261274,0.050488353,0.9403352,0.008833943,1,57879,1024464412
1.6921962e-05,0.18708894,0.8128734,2.067939e-05,1,57879,32455981
0.00015823731,0.3201342,0.6796856,2.2017097e-05,1,57879,782731196
0.001407636,0.70960414,0.28884366,0.00014460027,0,57907,689581028
0.0054284525,0.9346585,0.05978057,0.00013247144,0,57907,1028910355
0.00016842173,0.9262954,0.07353233,3.9034167e-06,0,57907,1775054960
0.29484564,0.6791576,0.025530538,0.00046614982,0,57907,755836228
0.047121305,0.9040749,0.04859813,0.00020565985,0,57907,798830164
0.114997126,0.8004026,0.084049225,0.0005510046,0,57907,1333454732
1.4421246e-06,0.00022912244,0.994046,0.0057235016,2,57967,1172976862
1.61459e-05,0.0071424395,0.9692217,0.023619667,2,57967,1481810388
4.907755e-06,0.015959976,0.98357415,0.00046097103,2,57967,1215905584
3.7879698e-05,0.010743789,0.9876758,0.0015424812,2,57967,1718687740
7.340554e-09,6.3327104e-09,0.0061689885,0.9938309,3,58036,911725940
8.746865e-09,1.3627282e-08,0.0012478479,0.9987521,3,58036,1407008805
6.4941924e-10,9.784743e-10,0.0007216938,0.99927837,3,58036,45682193
5.8938427e-09,9.502094e-09,0.0038431755,0.9961569,3,58036,88109245
8.516739e-06,0.61792046,0.38205948,1.1591505e-05,1,5806,556153930
0.0030284028,0.8973285,0.09959684,4.6276e-05,1,5806,1190808168
8.911378e-05,0.5958094,0.40408128,2.0194924e-05,1,5806,457012074
0.00024368906,0.6482023,0.35127848,0.000275588,1,5806,808978514
3.5513278e-08,0.0001112122,0.9987602,0.0011285356,2,58069,135382017
4.2960476e-08,2.0912988e-05,0.9995926,0.000386474,2,58069,224579677
5.279664e-07,0.004111827,0.99582976,5.7901005e-05,2,58069,1607173426
1.7776439e-07,0.00033011558,0.9992448,0.00042503286,2,58069,22497500
1.2798093e-07,0.00014582253,0.995057,0.004797101,2,58069,919654426
4.8477865e-08,0.00066490227,0.99911803,0.00021705803,2,58069,1048934956
7.473542e-05,0.01737036,0.96221536,0.020339508,2,58069,1311611128
0.107451275,0.8862741,0.0061812596,9.343509e-05,1,58070,136672975
0.12335997,0.86182714,0.014722471,9.0406254e-05,1,58070,392475752
0.5045642,0.49263784,0.0026966992,0.000101239835,1,58070,469417598
0.29020867,0.70165277,0.007998813,0.00013973392,1,58070,1581199854
0.36335367,0.63211125,0.0044176015,0.000117498064,1,58070,202910808
0.010504236,0.9519419,0.03751361,4.023835e-05,1,58070,836882667
0.1114658,0.88112736,0.0073112627,9.561755e-05,1,58070,876759434
4.383453e-07,0.00023189507,0.99475324,0.005014418,2,58299,1061326267
1.35109785e-05,0.0031465867,0.9953649,0.0014749977,2,58299,1520317431
1.3610583e-07,0.0003081349,0.9994723,0.00021945371,2,58299,612866590
1.0379168e-06,0.0009100993,0.99496835,0.0041205003,2,58299,2101035433
0.41018856,0.5818552,0.007847298,0.00010901858,0,58379,16408459
0.20510331,0.7916866,0.003146261,6.387325e-05,0,58379,663313624
0.36791542,0.6241147,0.007827173,0.00014278865,0,58379,372865449
0.6004127,0.39009437,0.009056805,0.00043615492,0,58379,570002781
3.5254457e-06,0.1026227,0.89712554,0.00024828748,2,58463,889455859
5.1830557e-07,0.0021830194,0.99715185,0.0006645793,2,58463,1589507632
9.735982e-06,0.051595204,0.94678843,0.0016066623,2,58463,462278428
1.725121e-06,0.01451313,0.98471963,0.0007655073,2,58463,565242504
0.0009422903,0.8295086,0.16946259,8.649939e-05,1,58528,1324869348
0.028910285,0.8552738,0.114822276,0.0009936739,1,58528,2039082233
0.00016477636,0.6977656,0.3020324,3.7194506e-05,1,58528,492015759
0.0029118808,0.5939132,0.40241095,0.00076398585,1,58528,1262294856
6.5814186e-07,2.879093e-06,0.18366888,0.8163276,3,58572,1289373388
9.2032985e-07,4.4978137e-06,0.11237831,0.8876162,3,58572,1895499651
9.095181e-08,3.3588512e-07,0.038745094,0.9612544,3,58572,2012880606
6.939497e-07,2.8599165e-06,0.15463646,0.84536004,3,58572,836201368
1.184737e-06,1.5452044e-06,0.08182345,0.91817385,3,58572,881160066
2.6756306e-05,2.522287e-05,0.117205665,0.8827423,3,58572,1082829470
0.00033924854,0.57279223,0.4267094,0.0001591144,1,58622,1405634546
0.0077375593,0.7669566,0.22516765,0.00013812605,1,58622,1670546091
0.002516464,0.93418795,0.063264675,3.097186e-05,1,58622,1595269526
0.0013577942,0.5429085,0.4553171,0.00041659654,1,58622,1787694376
1.2836344e-08,9.145953e-05,0.99915063,0.0007578915,2,58630,816422008
9.515377e-07,0.002167225,0.9933523,0.0044795615,2,58630,1235005224
2.9477738e-08,0.00019014318,0.9996106,0.00019933257,2,58630,978469026
1.70758e-05,0.017551428,0.9765096,0.005921861,2,58630,1328552958
0.9809498,0.019039353,6.4873893e-06,4.4113426e-06,0,58651,590583120
0.9755705,0.02375869,0.0002953194,0.00037552346,0,58651,1477003521
0.97807205,0.021898724,1.362962e-05,1.563963e-05,0,58651,1601970279
0.96228933,0.037544537,0.00011218919,5.391697e-05,0,58651,1672877467
0.98815966,0.011773022,2.1945943e-05,4.5432345e-05,0,58651,393393343
0.9249231,0.074646965,0.00033469833,9.518273e-05,0,58651,935695089
0.92530733,0.07444275,0.00019162995,5.832096e-05,0,58651,965038845
0.7541127,0.24300615,0.002625775,0.00025535762,0,58651,1089648079
0.00046474428,0.5888066,0.41059515,0.00013350017,1,58656,1137230491
0.00018063374,0.88655984,0.11325672,2.8305537e-06,1,58656,2083345164
0.007019574,0.9017189,0.09122393,3.757984e-05,1,58656,170292501
0.0016901619,0.90754706,0.09074172,2.1137705e-05,1,58656,578789102
0.008168129,0.84761703,0.14414763,6.7152614e-05,1,58663,130673394
0.018692086,0.8376289,0.14309044,0.00058854796,1,58663,668248817
0.02587698,0.77393234,0.1994971,0.0006935589,1,58663,1261226376
0.018538853,0.8224733,0.15846482,0.0005230708,1,58663,1684409502
0.011572287,0.94008493,0.04823017,0.00011261046,1,58663,1812273324
0.00317674,0.9697029,0.027083943,3.642147e-05,1,58663,2044424750
0.02226853,0.8420996,0.13388073,0.0017511013,1,58663,2125103651
7.0907918e-06,9.470384e-06,0.06777101,0.9322125,2,58671,469622699
2.660375e-06,4.910187e-05,0.44564417,0.55430406,2,58671,870279398
4.2572768e-07,1.9791673e-06,0.14096795,0.8590297,2,58671,1816320719
8.271782e-07,1.6271377e-06,0.04578583,0.9542117,2,58671,1188050348
6.933473e-07,1.08668e-06,0.024604943,0.97539335,2,58671,1421324097
0.0004274444,0.6125514,0.38694414,7.701645e-05,1,58714,321602172
0.006057968,0.81485105,0.17896587,0.000125154,1,58714,1300738911
0.0016751587,0.5814996,0.41655815,0.00026707407,1,58714,62396299
0.0016479173,0.6397684,0.3584169,0.00016681105,1,58714,126232382
2.0578389e-05,0.5151248,0.48484,1.46323555e-05,2,5881,1504335064
3.1567458e-06,0.3974739,0.6025095,1.3413911e-05,2,5881,1760824961
5.819395e-07,0.29437888,0.70561713,3.3974884e-06,2,5881,790346789
0.00010739621,0.5578597,0.44200295,2.9899456e-05,2,5881,1263505410
0.024415234,0.13619669,0.80054957,0.038838506,1,58831,110797698
0.0062285466,0.09340258,0.88603556,0.0143333385,1,58831,1462918280
0.0058165225,0.013974838,0.51542324,0.46478537,1,58831,540115950
0.00018191134,0.0055714813,0.6895048,0.30474174,1,58831,2086048392
1.3747588e-07,0.38596132,0.61403775,7.1800804e-07,1,58867,440806971
7.196244e-05,0.48570523,0.5141982,2.4652114e-05,1,58867,604569037
0.00017042008,0.5972976,0.4025015,3.0451283e-05,1,58867,594222865
3.8449884e-06,0.6667338,0.33325964,2.7376045e-06,1,58867,1327236823
1.1928274e-05,0.16661228,0.83323115,0.00014460087,2,58898,7124125
0.0018891647,0.29957134,0.68781793,0.010721557,2,58898,418517444
0.00043102357,0.36216393,0.63703805,0.00036699144,2,58898,995941920
3.7083595e-05,0.32765245,0.6720111,0.00029937635,2,58898,919874772
9.14261e-06,0.26260945,0.73729134,9.008068e-05,2,58898,2140470681
0.0036833913,0.8818373,0.11438411,9.519506e-05,1,58948,1123812965
0.0003971689,0.5140216,0.48548865,9.262531e-05,1,58948,1482352498
0.30124277,0.6294987,0.066470526,0.0027879514,1,58948,1678295893
0.017509317,0.94981474,0.032536373,0.00013959294,1,58948,266518374
0.1545899,0.80928624,0.035676006,0.0004477944,1,58948,1760603194
0.0002671991,0.8448456,0.15487649,1.0669031e-05,1,58986,254045410
0.00017027107,0.76115096,0.23865733,2.1520924e-05,1,58986,1180019512
0.00092710095,0.8539202,0.14514644,6.2105437e-06,1,58986,1173623924
1.4961923e-05,0.72219306,0.27778918,2.799888e-06,1,58986,1182193668
8.704837e-08,1.5418009e-07,0.009918274,0.9900815,3,59086,936953607
1.3130935e-05,6.3707674e-05,0.25065073,0.74927247,3,59086,1105343365
1.130238e-06,3.9467082e-05,0.21580565,0.78415376,3,59086,1644557559
1.6704188e-06,3.4452143e-05,0.60227716,0.3976867,3,59086,1679684757
1.6888758e-07,0.00052068173,0.9987884,0.00069080334,2,59090,123783998
2.3017678e-07,5.530882e-05,0.9875919,0.012352519,2,59090,1177278683
3.2303217e-06,2.2411288e-05,0.2011323,0.7988421,2,59090,980838636
3.2598226e-07,3.4955057e-05,0.9884057,0.011559016,2,59090,1250242916
5.7163936e-07,8.27144e-05,0.92471933,0.07519736,2,59090,1910784952
0.0048068203,0.6572943,0.3373312,0.0005677213,2,5912,1176817741
2.5832647e-05,0.61164397,0.3883199,1.0289511e-05,2,5912,1222604653
3.6193596e-05,0.30038953,0.69953537,3.888068e-05,2,5912,520325003
0.000121046294,0.42422023,0.57535964,0.00029900848,2,5912,602068864
1.0657877e-05,0.00031014092,0.6180015,0.38167763,2,59121,1276764872
1.6918579e-05,5.0670882e-05,0.14991626,0.8500162,2,59121,1845584659
1.4183295e-06,1.8385197e-05,0.24413118,0.755849,2,59121,2032039474
3.441071e-06,6.856468e-05,0.1498455,0.85008246,2,59121,702664455
1.807781e-06,3.2750002e-05,0.2960815,0.70388395,2,59121,959159730
2.2559632e-06,1.1887099e-05,0.1924205,0.8075654,2,59121,1659351262
0.99539906,0.004596745,2.0903901e-06,2.043398e-06,1,59137,951549972
0.9864958,0.013495724,4.6355217e-06,3.8967128e-06,1,59137,1214669051
0.9953929,0.0046000388,2.7539743e-06,4.3258965e-06,1,59137,1295970462
0.9862931,0.013703865,1.7281329e-06,1.2452699e-06,1,59137,1364535366
0.99204975,0.007936128,6.633919e-06,7.4597397e-06,1,59137,1717538225
0.9980323,0.0019665551,6.1691907e-07,5.920745e-07,1,59137,1987942614
0.989748,0.010226326,9.939414e-06,1.5765172e-05,1,59137,113305192
0.9888166,0.011168083,8.528208e-06,6.8433537e-06,1,59137,226627993
0.99867994,0.0013190096,2.159364e-07,7.742226e-07,1,59137,1117967576
0.97371477,0.026237553,2.8377548e-05,1.9398183e-05,1,59137,1451503433
0.9869713,0.012992951,2.243756e-05,1.3258338e-05,1,59137,1620656952
1.0269114e-06,0.00019463061,0.9404078,0.05939656,2,59164,777796987
2.0975945e-06,0.00038225402,0.9937588,0.005856859,2,59164,787639510
3.111508e-06,0.0013625758,0.9917787,0.0068556736,2,59164,1998131220
4.9155868e-05,0.00021570391,0.6911085,0.3086266,2,59164,82589166
4.798308e-05,0.000635528,0.97207326,0.027243286,2,59164,1300721599
0.22577153,0.7641816,0.0099024,0.000144449,1,59248,1107579235
0.13769874,0.84418136,0.017936418,0.00018341785,1,59248,1516414004
0.046869785,0.9342992,0.018810973,2.0099833e-05,1,59248,1152824963
0.2824202,0.703843,0.01348469,0.0002520348,1,59248,1848177720
7.4280536e-08,0.12950878,0.87049013,9.997792e-07,2,59262,2167850
5.6956933e-06,0.17718396,0.82272243,8.794149e-05,2,59262,647124683
0.00015045097,0.19196866,0.8068128,0.0010681237,2,59262,1645681572
3.883268e-05,0.113613784,0.88622016,0.00012717405,2,59262,266195835
5.6974864e-06,0.02572447,0.97238827,0.001881578,2,59262,1682723910
0.2291305,0.75906175,0.011611484,0.00019629167,1,59289,298423487
0.07590607,0.91613096,0.00781344,0.0001494739,1,59289,1874530513
0.0093543045,0.9779994,0.01261637,3.0007895e-05,1,59289,1543619117
0.031215321,0.9216724,0.046991426,0.0001208454,1,59289,1708496639
7.4078645e-07,1.6378675e-06,0.044749983,0.9552477,2,59314,493774583
1.35986e-06,9.990321e-06,0.12269407,0.87729454,2,59314,544662651
3.7420847e-07,2.5663342e-06,0.05804921,0.9419479,2,59314,880716961
5.279728e-07,3.1716565e-05,0.8956309,0.10433685,2,59314,937192565
7.766382e-06,0.000118111944,0.107559554,0.8923146,2,59314,1674656173
1.3786224e-06,1.3853969e-06,0.073503755,0.92649347,3,59384,1002424421
2.3119654e-07,7.32999e-07,0.16978386,0.8302152,3,59384,1864379381
1.3924034e-06,3.7053996e-06,0.12253946,0.87745553,3,59384,1341723935
1.3017807e-07,1.284616e-07,0.006874006,0.9931257,3,59384,1681094091
0.5462122,0.4516502,0.002014677,0.00012292,1,59437,1173103876
0.13309118,0.86338884,0.003457307,6.266209e-05,1,59437,1999181254
0.41359517,0.5743551,0.011565014,0.00048474682,1,59437,349802224
0.02176965,0.9332836,0.04486432,8.239105e-05,1,59437,569649216
0.026242403,0.95616764,0.017512077,7.781872e-05,1,59437,1189047605
0.0145011665,0.74128497,0.24019752,0.0040163375,1,59442,78386078
0.023919085,0.57868946,0.38585418,0.011537253,1,59442,2007900972
0.015457227,0.7309758,0.25154614,0.002020828,1,59442,71611278
0.009555419,0.7937897,0.19436534,0.0022895765,1,59442,1051148468
6.7891515e-06,0.23584163,0.7641075,4.3977867e-05,2,59460,1007335394
4.318246e-08,0.19448435,0.80551505,5.4341666e-07,2,59460,2105686699
2.7293004e-06,0.09838431,0.9015046,0.000108405366,2,59460,1428618904
5.2351826e-08,0.09487774,0.9051209,1.3782436e-06,2,59460,1772075763
0.0020247793,0.9043037,0.09364847,2.3096905e-05,0,59527,345649155
0.64537734,0.3527544,0.0018149116,5.33188e-05,0,59527,757415834
0.75640094,0.24222672,0.0012439197,0.00012844535,0,59527,1087088804
0.2941468,0.7022737,0.0035010881,7.837388e-05,0,59527,486402307
0.5493131,0.4464483,0.004134983,0.00010352167,0,59527,548189891
0.89401835,0.105655536,0.00025501067,7.1062466e-05,0,59527,1470450751
0.31396624,0.673026,0.011784666,0.0012230028,0,59583,1151111763
0.5998766,0.3989601,0.0010943051,6.8933914e-05,0,59583,1176982893
0.73935133,0.26025316,0.0003245442,7.099864e-05,0,59583,1648500210
0.5567895,0.43906537,0.0038182933,0.00032678022,0,59583,1963594574
0.09033184,0.85229456,0.05608743,0.0012861484,0,59583,327933500
0.72045416,0.2779469,0.0013174603,0.00028145904,0,59583,394168289
0.84981835,0.14996341,0.00017308323,4.51503e-05,0,59583,858759701
0.8017856,0.19330284,0.0031370388,0.0017745749,0,59583,2063501774
5.7769553e-06,0.005901037,0.9939798,0.00011339562,2,59594,1251348398
3.3100182e-06,0.013711845,0.9861702,0.00011469333,2,59594,1871456527
9.733008e-06,0.003758415,0.99351704,0.0027148812,2,59594,724212091
1.1300175e-05,0.0027061086,0.99450606,0.002776503,2,59594,1585006710
3.9410355e-05,0.47215936,0.52776533,3.5937886e-05,1,59723,983095826
0.00021544195,0.74529845,0.25444472,4.1396695e-05,1,59723,1184400438
0.00017933403,0.57926935,0.42051628,3.509106e-05,1,59723,438059694
1.5297395e-05,0.4399084,0.5600638,1.2572475e-05,1,59723,904978594
6.0844673e-06,0.5552478,0.4447408,5.354347e-06,1,59723,2026794803
0.3299878,0.6664733,0.0034702437,6.860586e-05,1,59750,102668578
0.0014934274,0.88476956,0.11370027,3.6800742e-05,1,59750,610813120
0.00095404015,0.86573833,0.13327928,2.8338738e-05,1,59750,683406897
0.0063895155,0.71024036,0.28322637,0.00014380521,1,59750,1528053671
0.00018995012,0.07858523,0.91931885,0.0019059876,1,59806,764394917
6.2740524e-05,0.28434262,0.71548283,0.000111804846,1,59806,1669033454
0.00019045807,0.23989125,0.7595512,0.0003671533,1,59806,705873233
0.000622456,0.64488626,0.35442495,6.634688e-05,1,59806,1938538147
6.1346305e-05,0.27064228,0.7290087,0.00028768493,1,59806,2119940867
2.259833e-06,9.226144e-05,0.7824216,0.21748385,2,59839,271998434
1.7129545e-05,0.0013339027,0.9066759,0.091973126,2,59839,1025184278
8.1971e-06,3.968339e-05,0.27403066,0.7259214,2,59839,245555285
2.1563335e-06,0.00033042268,0.94216645,0.05750103,2,59839,797177730
3.4406385e-05,0.008608831,0.9676013,0.023755446,2,59839,1513616678
0.012145846,0.77370423,0.20771644,0.006433506,1,59891,1286884136
0.0069157784,0.6454784,0.34562498,0.0019807785,1,59891,2100736615
0.84690094,0.11229578,0.0134497145,0.027353603,1,59891,607931098
0.23804179,0.7154503,0.042367868,0.0041400725,1,59891,2051803280
0.045436043,0.9318764,0.022442285,0.00024527073,1,59904,80945939
0.7203283,0.27805236,0.0014602318,0.00015917432,1,59904,1785400342
0.30510187,0.6877544,0.006421409,0.00072226627,1,59904,1953734202
0.46638185,0.5284455,0.004594221,0.0005784825,1,59904,1120588309
0.13247676,0.85237944,0.014847965,0.00029575964,1,59904,1822911871
0.5793303,0.41469687,0.005595278,0.0003774897,1,59904,1955829690
0.037976228,0.91900986,0.04254175,0.00047219984,1,59904,2127833840
1.3732082e-06,0.012274685,0.98738575,0.00033822522,2,59969,1419406043
9.0430166e-07,0.0029663115,0.9945622,0.0024705299,2,59969,1856297345
2.9841683e-06,0.026021129,0.9733603,0.00061549625,2,59969,769751177
1.1552126e-05,0.03372292,0.96288246,0.0033830279,2,59969,803324636
1.0312579e-05,0.08663463,0.91313404,0.00022105651,2,59969,1363571199
2.847264e-06,0.00041766826,0.9000911,0.099488296,2,60001,1236280814
1.1102765e-06,0.0005775028,0.99795157,0.0014698912,2,60001,1890233822
7.1088384e-06,0.0007734003,0.9354152,0.06380424,2,60001,282738620
5.082715e-06,7.4175805e-05,0.24575838,0.7541623,2,60001,746990846
1.2905283e-05,0.003720273,0.94391644,0.05235036,2,60001,1120835018
0.86386734,0.13473941,0.0011776206,0.00021561605,1,60047,525983855
0.7528452,0.24308786,0.003702036,0.0003649187,1,60047,967233668
0.8372096,0.1619632,0.00066036894,0.00016680922,1,60047,1426848441
0.8043875,0.19340105,0.0020243376,0.00018712664,1,60047,1833891301
6.1661367e-06,0.011892741,0.98712224,0.0009789527,2,60067,804654997
8.456463e-06,0.0074299476,0.9906527,0.0019089084,2,60067,1108593154
1.0803047e-06,0.00083151815,0.9915308,0.007636627,2,60067,1938253607
1.962776e-05,0.000655445,0.7190158,0.28030917,2,60067,1941022369
0.0022857161,0.9810415,0.01666469,8.1251055e-06,1,60089,754886263
0.0026086876,0.9016446,0.095716126,3.0589355e-05,1,60089,1558355370
0.02910429,0.949094,0.021747395,5.4345754e-05,1,60089,539806137
0.00625552,0.9917498,0.001987706,6.9269067e-06,1,60089,1343082023
5.4898483e-05,0.34748352,0.65226835,0.000193227,2,6028,774516862
1.8041095e-05,0.4897197,0.51022804,3.4180684e-05,2,6028,1668626929
7.403524e-05,0.1559395,0.84338135,0.00060516776,2,6028,149892126
7.731562e-05,0.2812509,0.7184389,0.0002328652,2,6028,677682133
2.1187827e-07,0.09974834,0.9002394,1.2031085e-05,2,6028,1035355447
1.2702941e-05,0.37008268,0.6298883,1.632601e-05,2,6028,1493638415
0.0032782082,0.093343824,0.60020155,0.30317637,2,60307,630038372
0.0073624793,0.2353753,0.6312458,0.12601644,2,60307,1358034442
0.020383535,0.33167765,0.6384966,0.0094421785,2,60307,1498514214
0.0029976442,0.16483402,0.8231656,0.009002788,2,60307,1647690851
0.020383535,0.33167765,0.6384966,0.0094421785,2,60307,1977118398
7.802127e-05,0.00022673233,0.054404337,0.9452909,2,60307,620782999
0.00090998417,0.09058426,0.83029664,0.0782091,2,60307,736350307
0.006077937,0.25414118,0.587263,0.15251787,2,60307,1040966154
0.0013596488,0.05323995,0.8301145,0.11528589,2,60307,1896843235
1.335866e-06,0.11614805,0.8838408,9.757036e-06,1,60317,69749285
7.331916e-06,0.5585965,0.44139153,4.5881084e-06,1,60317,1798273989
3.2772477e-06,0.5510945,0.44889823,4.021653e-06,1,60317,992366262
9.647465e-06,0.80042005,0.19956768,2.5833313e-06,1,60317,1734831707
7.6094024e-05,0.11391287,0.88545656,0.00055451633,2,6039,906633270
1.6840703e-06,0.04459758,0.95524496,0.00015575493,2,6039,1151332297
7.5724843e-06,0.06348016,0.9363197,0.00019260129,2,6039,1805743607
1.357137e-06,0.0053015244,0.994418,0.00027918865,2,6039,467252345
7.459438e-06,0.004486836,0.9818802,0.013625448,2,6039,558368364
4.868327e-07,0.0045341984,0.9941651,0.0013002118,2,6039,661571160
0.72965175,0.26815557,0.0020164945,0.00017618555,1,60425,792610168
0.71639323,0.28177047,0.0017658026,7.0492744e-05,1,60425,1335496065
0.7056554,0.29296732,0.0012624735,0.000114746676,1,60425,690612382
0.5299551,0.4622367,0.007532428,0.00027582314,1,60425,1070185939
2.268465e-05,0.20321876,0.7964638,0.0002948365,1,60503,436770279
3.2269672e-06,0.25830004,0.7416649,3.1934644e-05,1,60503,840030254
1.3999891e-05,0.36156556,0.6383798,4.0604245e-05,1,60503,1139685213
0.00017074891,0.3898939,0.60949683,0.00043852412,1,60503,1991215704
4.631234e-05,0.2637726,0.7360613,0.00011978599,1,60503,2099253157
2.9335593e-05,0.00052991207,0.25372857,0.74571216,2,60511,1222388611
0.00013145691,0.0028973373,0.6374988,0.35947236,2,60511,1934180793
1.7948194e-05,0.0008521258,0.7762051,0.22292477,2,60511,712102463
0.00011103199,0.005761954,0.7659086,0.22821842,2,60511,1236758953
0.00015790534,0.537995,0.46179637,5.0749564e-05,1,60534,487534890
2.7058839e-05,0.4986344,0.5013301,8.393837e-06,1,60534,2050857755
0.0003634913,0.9049116,0.09471676,8.165324e-06,1,60534,942931229
0.004261402,0.4870711,0.5081335,0.00053405133,1,60534,1010110217
2.5142182e-05,0.45339093,0.5465638,2.0126525e-05,1,60534,1666893655
0.8531977,0.14444643,0.0019139866,0.00044196725,1,60537,71711043
0.8242652,0.17478299,0.0008185733,0.00013318191,1,60537,1344982998
0.87742996,0.121561386,0.0008301982,0.00017837573,1,60537,2001286189
0.93955773,0.060277246,0.00012766266,3.730582e-05,1,60537,2110228192
0.7897412,0.20931901,0.0008129582,0.00012686916,1,60537,2120080915
0.77355826,0.22454013,0.0016961942,0.00020546521,1,60537,30747188
0.80225426,0.1962901,0.0013472856,0.00010832265,1,60537,426788713
0.7207265,0.27873343,0.00048118155,5.8790214e-05,1,60537,727454331
0.74676967,0.25152603,0.0015293593,0.0001749065,1,60537,984171557
0.21899045,0.76919806,0.011677206,0.00013433344,1,60584,1263577218
0.26816946,0.7244889,0.0072484063,9.316524e-05,1,60584,1666485916
0.051105354,0.9392359,0.009573077,8.561305e-05,1,60584,109294091
0.24100216,0.7528271,0.006000647,0.00017002536,1,60584,520795710
4.91301e-06,0.19516055,0.80479896,3.5568042e-05,2,60638,489364137
0.00015298837,0.631188,0.3686284,3.060696e-05,2,60638,651254660
0.00025111518,0.3964188,0.60320777,0.00012231061,2,60638,1331917006
1.0767637e-06,0.23260261,0.76738775,8.507644e-06,2,60638,1869779270
6.10573e-06,0.31759906,0.68233883,5.6022946e-05,2,60638,1699570507
7.237889e-05,0.51530117,0.4846151,1.1389333e-05,2,60638,1710039972
2.2072765e-05,5.7625868e-05,0.06404596,0.9358743,3,60752,1376675660
9.270608e-08,8.691544e-07,0.06955846,0.93044055,3,60752,1561342493
1.3791407e-06,3.1204868e-06,0.02612664,0.97386885,3,60752,1718763927
7.324141e-06,4.7104233e-05,0.19813278,0.8018128,3,60752,811470016
7.841623e-07,5.2803705e-05,0.3753434,0.624603,3,60752,1005853922
0.0008152164,0.0033082264,0.18254903,0.81332755,3,60752,1258119386
3.41556e-08,0.013439666,0.9865507,9.616365e-06,2,60786,5877149
2.9603336e-07,0.0016708017,0.9961748,0.0021541642,2,60786,296071404
8.555869e-07,0.002138306,0.98393077,0.013930102,2,60786,1781699204
2.8476848e-08,0.0007871189,0.998976,0.0002368847,2,60786,1062492172
7.659648e-09,0.0007930501,0.9990639,0.00014306384,2,60786,1504952774
4.5044453e-07,0.020986699,0.9789515,6.1275765e-05,2,60786,1664629256
0.0082853595,0.95407575,0.037523188,0.0001157217,1,60819,603083321
0.035618246,0.94190025,0.022382313,9.911402e-05,1,60819,1358033938
0.38036945,0.6037021,0.015542496,0.00038587,1,60819,1950469985
0.5117382,0.484242,0.0039349417,8.490149e-05,1,60819,615634118
0.9345884,0.064972535,0.00016231442,0.00027675834,1,60819,1319281829
0.83448535,0.16462886,0.00076663005,0.00011923915,1,60819,1733006797
0.7312466,0.2664117,0.0018492732,0.00049243507,1,60819,2097500941
5.971536e-08,8.8730225e-08,0.0077308128,0.992269,3,60885,545062499
0.00020943384,0.00047382902,0.13611922,0.86319745,3,60885,1755101067
1.193752e-08,1.3499043e-08,0.00024750715,0.99975246,3,60885,161635756
1.8907947e-08,2.6680503e-08,0.0016253726,0.9983746,3,60885,1087276640
1.8575857e-06,6.1150245e-06,0.068789646,0.93120235,3,60885,1813741066
0.000824722,0.15939595,0.82773954,0.012039749,2,60903,496763798
0.0020283167,0.11444765,0.84842646,0.035097636,2,60903,1198417440
0.000773754,0.64849055,0.35055622,0.00017944525,2,60903,865839134
8.177155e-05,0.1633898,0.8362326,0.00029588855,2,60903,1128069714
6.8590496e-05,0.0002138974,0.17454718,0.8251704,2,6104,273517761
2.3748246e-06,3.8260873e-06,0.11423449,0.88575935,2,6104,1669393556
7.119121e-05,0.0023621167,0.73154384,0.2660229,2,6104,719997970
6.2983886e-06,3.4538087e-05,0.4914108,0.5085483,2,6104,925133109
0.27650854,0.70839685,0.014723847,0.0003708369,1,61054,1389810526
0.3015871,0.6864619,0.011743032,0.0002079283,1,61054,1803964055
0.71246433,0.28408268,0.0031185339,0.00033442868,1,61054,445328094
0.29902422,0.6935028,0.007311686,0.00016130158,1,61054,1143072456
1.4707369e-05,6.910077e-05,0.24555229,0.75436395,3,61226,677177188
1.7659951e-06,7.5572505e-05,0.6176189,0.38230374,3,61226,1464290692
1.4356748e-06,4.1761523e-05,0.9405058,0.059451062,3,61226,2012248370
1.1336578e-05,6.549014e-05,0.51739275,0.4825304,3,61226,869368167
1.3477318e-06,2.51503e-05,0.84065,0.15932345,3,61226,1162141348
0.9558393,0.044114042,2.5412164e-05,2.1318016e-05,0,61267,150897852
0.95920867,0.040755454,2.7637223e-05,8.1961425e-06,0,61267,1583206545
0.7643476,0.23410285,0.0013890192,0.00016056385,0,61267,418246110
0.93297493,0.06679998,0.0001494598,7.561299e-05,0,61267,1233033222
0.009013054,0.6908005,0.2997933,0.00039309775,1,61481,256104701
0.013722738,0.8276462,0.15833889,0.0002921026,1,61481,1272491662
0.0074240435,0.6804459,0.31194127,0.00018878448,1,61481,1328963105
0.0018084887,0.37564218,0.6222728,0.00027648112,1,61481,1449357713
0.005449728,0.6690608,0.3252737,0.00021574799,1,61481,21412259
6.134015e-05,0.24665415,0.7532595,2.5072693e-05,1,61481,966570664
0.042599138,0.5950787,0.3605499,0.0017722794,1,61481,996142588
0.005244262,0.5415743,0.452751,0.00043041387,1,61481,1432652544
0.4862869,0.49938944,0.013582005,0.00074160675,1,61556,833781250
0.36899412,0.6226923,0.007348761,0.00096486136,1,61556,1833988015
0.5404519,0.41510686,0.034124617,0.010316667,1,61556,889510154
0.2312278,0.72796583,0.038282525,0.0025238304,1,61556,1142002839
0.85105956,0.14828,0.0005482785,0.00011217049,0,61565,17179314
0.9069446,0.09275897,0.0002391539,5.732986e-05,0,61565,972381839
0.9359533,0.063933566,8.38372e-05,2.9286719e-05,0,61565,1157083153
0.8980306,0.10145905,0.00042256495,8.782171e-05,0,61565,620625420
0.90176487,0.09802561,0.00015640633,5.316897e-05,0,61565,1360772764
0.00043211234,0.80026686,0.19928089,2.0091815e-05,1,61648,309104129
0.031206196,0.8918199,0.07682947,0.0001443852,1,61648,1697948904
0.5986954,0.3986596,0.0025379867,0.00010702916,1,61648,212326945
0.016831754,0.88925296,0.093679346,0.00023591785,1,61648,362613686
0.84566027,0.15361995,0.0005851226,0.0001346768,0,61668,198923768
0.7141172,0.28492245,0.00090352155,5.6770154e-05,0,61668,602049208
0.88312227,0.11652193,0.00031326336,4.2522406e-05,0,61668,971266222
0.95398235,0.045911223,5.100556e-05,5.534584e-05,0,61668,1521138032
0.97878826,0.021176832,1.1911316e-05,2.2998036e-05,0,61668,1739982245
0.92756456,0.07236446,5.7667265e-05,1.3297084e-05,0,61668,1931672296
0.9816927,0.018300021,4.061605e-06,3.2341754e-06,0,61795,1474054672
0.9934906,0.006508793,3.917748e-07,2.8569684e-07,0,61795,1800918633
0.9743121,0.025664985,1.5119485e-05,7.796246e-06,0,61795,1911452170
0.957936,0.04195995,6.937799e-05,3.4688714e-05,0,61795,157153876
0.67232126,0.32679847,0.0008613955,1.8871931e-05,0,61795,895664142
0.58064306,0.41867486,0.0006733807,8.768789e-06,0,61795,961879418
0.059400737,0.92561716,0.014554038,0.00042809726,0,61829,804308638
0.11880173,0.87794477,0.003223925,2.9505334e-05,0,61829,1056062773
0.06983587,0.9230005,0.007140259,2.3333632e-05,0,61829,1311435861
0.2547265,0.7270178,0.017867368,0.00038825546,0,61829,136408650
0.0294147,0.93611115,0.034057435,0.000416639,0,61829,325313172
0.19758551,0.786397,0.015784234,0.00023335459,0,61829,1240478852
0.00065712794,0.0955369,0.87340504,0.030400995,2,61942,348698317
1.7234988e-05,0.014169196,0.91649336,0.06932018,2,61942,640716257
5.229968e-05,0.14622883,0.85309374,0.00062516844,2,61942,835935181
0.00026079512,0.028345207,0.86060995,0.110784024,2,61942,1602525642
0.00020155456,0.13938002,0.8579224,0.0024960486,2,61942,1675714542
0.00016974586,0.02275733,0.94812316,0.02894973,2,61942,1940579498
0.8656299,0.13331944,0.00096148904,8.9094705e-05,0,62007,840166197
0.97571385,0.024241904,2.96741e-05,1.4584549e-05,0,62007,1038468009
0.6763841,0.32212582,0.0014030983,8.7031345e-05,0,62007,1567534278
0.9228874,0.07699272,9.467635e-05,2.5125788e-05,0,62007,2113382962
0.9824424,0.017426783,6.32054e-05,6.75816e-05,0,62007,237596795
0.9698084,0.0301726,1.3448035e-05,5.6315935e-06,0,62007,731501373
0.9844132,0.015569968,5.1361467e-06,1.1679179e-05,0,62007,2095320064
5.253009e-05,0.3811313,0.6187764,3.9847288e-05,1,62046,743184984
0.00014059496,0.49776742,0.5020484,4.3634107e-05,1,62046,2025623985
0.0004860435,0.48807174,0.5111973,0.00024491738,1,62046,2034379480
0.0029479875,0.7565018,0.24010909,0.0004411994,1,62046,1420970095
0.0007525098,0.55560577,0.44350997,0.00013183364,1,62046,1941029540
0.0012414119,0.68710643,0.31158736,6.480586e-05,1,62046,1952785433
1.457421e-05,0.5836026,0.41637656,6.248266e-06,2,62105,268216681
0.0023175762,0.7758005,0.2212404,0.00064146344,2,62105,659339450
0.00037901857,0.6377794,0.36178574,5.581484e-05,2,62105,739509060
1.5816164e-05,0.58962005,0.4103604,3.8081816e-06,2,62105,77181780
0.0002701357,0.64134353,0.35831425,7.198808e-05,2,62105,285995161
0.9616954,0.038276955,2.0206171e-05,7.4819764e-06,0,62415,604295748
0.80739623,0.19207369,0.0004633783,6.671397e-05,0,62415,1484516665
0.9762799,0.023701694,1.2666155e-05,5.6657036e-06,0,62415,242612482
0.89732146,0.10246425,0.0001821885,3.213638e-05,0,62415,1552035318
2.4159945e-07,0.0002436778,0.9996971,5.904448e-05,2,62468,58721358
6.6828323e-07,0.00034210933,0.99786586,0.0017912881,2,62468,606839796
6.538713e-08,3.425995e-05,0.9994867,0.00047888872,2,62468,420466480
3.332479e-08,6.330533e-05,0.9992435,0.0006931981,2,62468,1103664317
2.690333e-06,0.020994235,0.97891474,8.8373985e-05,2,62627,180735505
1.5555953e-07,0.0036044335,0.99636334,3.210451e-05,2,62627,839877349
1.5832638e-08,3.5058194e-05,0.99817324,0.0017917042,2,62627,1547724972
1.7002405e-06,0.0008593599,0.9972492,0.0018897834,2,62627,2113283191
3.4240333e-05,0.33716494,0.6627371,6.372623e-05,2,62628,369783531
6.1238813e-07,0.14117146,0.85881025,1.7634024e-05,2,62628,849823225
4.027384e-07,0.02795699,0.97203326,9.39175e-06,2,62628,394284310
8.358364e-07,0.018218253,0.9817231,5.7839963e-05,2,62628,2030119538
0.019052973,0.96604544,0.014801927,9.972081e-05,0,62706,394685735
0.0024709087,0.8722594,0.12522046,4.929623e-05,0,62706,1184647867
0.015929783,0.91637194,0.067609556,8.874728e-05,0,62706,1273142663
0.6309855,0.36833367,0.0006629874,1.7879453e-05,0,62706,267554239
0.26120353,0.73038846,0.008140138,0.0002679312,0,62706,1242300824
0.13493444,0.8585374,0.0064002518,0.00012794265,0,62865,1119844739
0.3686416,0.62949765,0.0018132202,4.754571e-05,0,62865,1505382277
0.40451914,0.590668,0.004724371,8.841155e-05,0,62865,1538793725
0.6604216,0.33764502,0.0017523912,0.00018090452,0,62865,1893690980
3.0903766e-07,2.0298872e-05,0.98818725,0.011792043,2,62866,284682487
3.2710886e-06,0.00015563912,0.76260823,0.23723285,2,62866,1134078358
3.3577697e-05,0.0012647925,0.9735387,0.025162933,2,62866,555212080
1.6940752e-06,0.001477355,0.99265456,0.005866472,2,62866,1566540725
2.707252e-07,7.040725e-05,0.98980623,0.010123152,2,62866,1749829721
0.0006508772,0.6372642,0.3620185,6.637288e-05,1,62961,782277839
0.0012721829,0.63309824,0.36553147,9.8139615e-05,1,62961,951919929
0.0025982119,0.69531226,0.30194083,0.00014873201,1,62961,192837763
0.0049844896,0.596238,0.39819992,0.00057758484,1,62961,597076377
0.039775133,0.81345606,0.14656888,0.00019991951,1,62961,777802464
2.8885268e-06,0.00029877023,0.8149835,0.18471478,2,62985,1366913186
4.4854687e-06,0.00075546664,0.92366785,0.07557221,2,62985,1382356128
2.1378742e-06,0.0010733552,0.98091805,0.018006552,2,62985,1861422076
5.1243944e-07,0.00038670874,0.9827309,0.016881831,2,62985,1869629906
8.024808e-06,0.30165604,0.6983312,4.760395e-06,2,63052,846239613
0.0006150817,0.39916933,0.5999742,0.00024130814,2,63052,1163914240
8.448471e-06,0.58106464,0.41892293,3.920086e-06,2,63052,1629111887
5.285143e-06,0.0138685,0.98606,6.617726e-05,2,63052,259698053
2.2325947e-05,0.10245624,0.89732444,0.00019693271,2,63052,863263119
0.81059414,0.1877294,0.0015660315,0.000110440604,1,63053,1259123525
0.6520178,0.34396976,0.0038376597,0.00017482393,1,63053,1508591677
0.09312994,0.88693744,0.019851388,8.128646e-05,1,63053,1733916686
0.0006168989,0.7889569,0.21040677,1.9502517e-05,1,63053,151272201
0.004655583,0.94687116,0.04845628,1.7099073e-05,1,63053,358240402
0.00034469832,0.82970405,0.16993912,1.21647445e-05,1,63053,1562088774
0.00044618564,0.91765606,0.081889935,7.732653e-06,1,63053,1922119353
0.011219973,0.92396635,0.06466478,0.00014886277,1,63312,696760808
0.2981434,0.68447155,0.016993899,0.00039115013,1,63312,1042741014
0.12364996,0.85205936,0.024064813,0.00022575248,1,63312,1277325162
0.0759966,0.9088111,0.015109953,8.231183e-05,1,63312,1878784425
0.00069840136,0.587804,0.4114175,7.999861e-05,1,63312,1324428464
8.745642e-06,0.67309123,0.3268978,2.2698505e-06,1,63312,2128901467
5.2366853e-05,0.0021204937,0.838109,0.15971816,3,63388,932209985
0.00036294354,0.0005471789,0.19696286,0.80212706,3,63388,1940057985
5.6325603e-06,5.768082e-05,0.6713464,0.32859027,3,63388,387090853
3.307659e-05,0.0014095899,0.95570934,0.042848043,3,63388,1067906771
8.185691e-06,3.7923306e-05,0.07809703,0.9218569,2,63393,61058370
1.8319035e-06,6.9298035e-06,0.0481172,0.951874,2,63393,794169753
2.319019e-06,2.0062412e-06,0.030649893,0.9693458,2,63393,1134152177
8.744741e-06,0.00012567082,0.24137719,0.75848836,2,63393,963952104
1.1601137e-06,4.9251325e-06,0.31822896,0.6817649,2,63393,1750155650
4.0207715e-06,0.8108906,0.18910503,3.5476162e-07,1,63412,758420101
0.0001471471,0.6426935,0.35713387,2.5488867e-05,1,63412,1688344488
0.0046633407,0.9385285,0.05679401,1.4207018e-05,1,63412,549229138
0.0012512843,0.931359,0.06737796,1.1726544e-05,1,63412,1240188445
0.17437974,0.7943439,0.031113114,0.00016326224,1,63412,1998055947
0.93257356,0.06707757,0.00029444086,5.436935e-05,1,6348,29313008
0.98909944,0.010889946,8.409309e-06,2.222345e-06,1,6348,639085425
0.9653878,0.0345662,3.7307072e-05,8.662591e-06,1,6348,1880439413
0.3794828,0.61458206,0.005873663,6.1482875e-05,1,6348,1947447592
0.90572476,0.0939855,0.00024685837,4.2973796e-05,1,6348,2118478753
0.00013410188,0.86694807,0.13290085,1.6915059e-05,1,63495,1617078901
0.0043865433,0.78889817,0.20662609,8.920208e-05,1,63495,2046037988
0.002857433,0.9229177,0.07413682,8.802864e-05,1,63495,414271517
0.00046518125,0.80184376,0.19765025,4.0850016e-05,1,63495,1410983674
5.234049e-07,0.2264802,0.7735181,1.1760651e-06,2,63507,1062509889
0.00019198762,0.40743443,0.59233075,4.2862015e-05,2,63507,1672290320
0.00015057433,0.43282774,0.56694925,7.248756e-05,2,63507,742029620
1.2499538e-06,0.42431536,0.5756826,8.54118e-07,2,63507,1444828666
1.1026808e-06,4.1536136e-05,0.7949209,0.20503645,3,63522,732122273
5.989291e-07,3.1969078e-06,0.33027044,0.6697257,3,63522,1837331485
1.0396006e-07,0.00027484828,0.9942326,0.005492431,3,63522,1185337897
5.024429e-05,0.0032168368,0.62898463,0.36774835,3,63522,1367376397
0.0023101252,0.78442746,0.21305352,0.00020893839,1,63529,739019225
0.0013725013,0.88755286,0.111056656,1.7960914e-05,1,63529,1219754945
0.005291224,0.95321864,0.041451212,3.902138e-05,1,63529,268081878
0.05213427,0.90283775,0.044804472,0.00022341161,1,63529,1691847670
0.08554965,0.8467781,0.067495614,0.00017664263,1,63563,309865982
0.008374305,0.9348759,0.056716904,3.2868564e-05,1,63563,353365999
0.060838386,0.8315083,0.10754627,0.00010706928,1,63563,1678459732
0.09660836,0.870786,0.032401737,0.00020384051,1,63563,41828016
0.006957511,0.8897266,0.10325961,5.6362664e-05,1,63563,282159659
0.027529683,0.9442926,0.028142095,3.566036e-05,1,63563,762750198
0.31447038,0.67326325,0.0120079275,0.00025840584,1,6358,506268522
0.3558608,0.6417104,0.002345255,8.354855e-05,1,6358,1707399621
0.13041113,0.86392444,0.00561143,5.291227e-05,1,6358,1740280069
0.49265411,0.50108594,0.0059827007,0.00027722263,1,6358,814845160
0.6142384,0.38400757,0.0017049765,4.902803e-05,1,6358,1173731806
0.51076895,0.4802734,0.008537018,0.00042055594,1,6358,1515734508
6.7067424e-07,9.512824e-05,0.95616496,0.04373922,2,63601,975386553
5.3839466e-07,4.285348e-05,0.93868434,0.06127222,2,63601,1164737427
2.2900151e-07,1.3174998e-06,0.23183723,0.76816124,2,63601,105176080
1.6861854e-06,0.00013183862,0.8253769,0.17448959,2,63601,461649952
7.04258e-05,0.42026928,0.57956105,9.925361e-05,2,63617,1231062805
5.8357524e-05,0.5499783,0.44991103,5.2326966e-05,2,63617,1855699072
1.3492253e-06,0.5962457,0.40375236,5.755662e-07,2,63617,1917877119
2.8567982e-05,0.4309852,0.56894034,4.5875437e-05,2,63617,159110654
2.0307136e-06,0.22696722,0.77301806,1.2719187e-05,2,63617,887426674
1.5691779e-06,0.2755269,0.72446364,7.895294e-06,2,63617,1136150274
0.3286152,0.6467731,0.024375506,0.00023616,1,6368,1502973397
0.34562892,0.64951706,0.0047604456,9.3547394e-05,1,6368,1600137792
0.012770164,0.9472398,0.039915852,7.4203774e-05,1,6368,104745286
0.027839473,0.8453727,0.12653832,0.00024947268,1,6368,1645949347
7.365977e-06,0.32944858,0.6705357,8.373981e-06,1,63713,864730731
8.980059e-05,0.2966686,0.70300484,0.00023674133,1,63713,955073281
2.1184705e-05,0.08325567,0.9166264,9.676113e-05,1,63713,1817192286
4.2776023e-06,0.08764725,0.9123129,3.551427e-05,1,63713,76910587
0.00019662354,0.2912338,0.7081048,0.0004648235,1,63713,246045064
4.741783e-09,0.08303544,0.91696435,2.1335768e-07,2,63745,1661749135
2.6299667e-06,0.50214195,0.49785453,8.6873774e-07,2,63745,2041390037
4.2090378e-05,0.5445213,0.45542273,1.3924681e-05,2,63745,2074379756
1.7312905e-07,0.2829166,0.7170823,9.070207e-07,2,63745,285549196
4.158361e-05,0.6268008,0.37314582,1.1792768e-05,2,63745,1421316488
8.604203e-06,0.41794506,0.5820394,6.8958066e-06,1,63800,278471549
5.5371316e-07,0.77831745,0.22168192,1.2761164e-07,1,63800,706295547
2.9853336e-06,0.6330663,0.36692864,2.1054866e-06,1,63800,203370689
1.6225344e-05,0.596775,0.40319675,1.19955785e-05,1,63800,1529805047
0.66323984,0.3322322,0.004129897,0.00039807253,1,63851,1118077166
0.30670995,0.6830511,0.009934189,0.00030478794,1,63851,1345339780
0.52468336,0.47432756,0.0009596,2.9454584e-05,1,63851,353536939
0.06867497,0.86504,0.06471268,0.0015723709,1,63851,415173443
0.0017645671,0.7561892,0.24192362,0.00012261103,1,63892,185105823
0.15076627,0.8361018,0.0130360825,9.590112e-05,1,63892,782664016
0.059237704,0.8630078,0.07733936,0.0004151709,1,63892,485940459
0.017289398,0.9655389,0.017132942,3.8648024e-05,1,63892,2121492289
1.9483092e-07,1.06257986e-07,0.0083398605,0.9916598,3,63948,430829094
1.1065968e-06,4.438218e-06,0.054546427,0.94544804,3,63948,911894301
1.3986654e-07,2.828075e-07,0.03830961,0.96169007,3,63948,1992919799
4.4266775e-07,1.6078278e-06,0.02481669,0.97518116,3,63948,315757960
7.4121573e-07,1.5654679e-06,0.0285741,0.9714235,3,63948,1110355469
4.9533565e-08,2.0423721e-07,0.056126744,0.943873,3,63948,2138875314
0.40550008,0.5892371,0.005105565,0.00015718801,1,63974,527242239
0.42248282,0.49119553,0.080449834,0.005871792,1,63974,1371365906
0.0029480958,0.5882589,0.40848598,0.00030698688,1,63974,475913911
0.0005604611,0.47739384,0.5218888,0.00015688986,1,63974,878462732
0.0014148611,0.41979703,0.57819915,0.0005890149,1,63974,1709432328
0.0007699211,0.63719654,0.3616888,0.00034469523,2,64016,697957354
0.0011033001,0.12024261,0.7206012,0.15805283,2,64016,968037758
0.0008776531,0.30065113,0.69026256,0.008208691,2,64016,1917790673
2.0279351e-06,0.047786843,0.9520882,0.00012299429,2,64016,1454228267
2.5777465e-05,0.010830324,0.9713936,0.017750237,2,64016,1847203240
1.0171063e-05,0.000103397455,0.22795044,0.77193594,2,64022,1773693452
9.848368e-07,0.00015988086,0.9851591,0.0146801,2,64022,1950444363
9.808892e-06,0.0016023683,0.8092608,0.18912701,2,64022,319292430
3.4920544e-07,0.00026632423,0.99715614,0.0025771633,2,64022,1992620470
8.150007e-06,0.0046942094,0.9641584,0.031139184,2,6403,667335337
1.6839687e-05,0.00014461728,0.09789665,0.9019419,2,6403,1531990988
1.1211789e-06,0.0014062441,0.99558866,0.0030040254,2,6403,594453323
0.00068322173,0.026036376,0.573982,0.3992984,2,6403,923861475
3.8484803e-05,0.10227673,0.8975266,0.00015813537,2,64085,1112710805
2.9818912e-05,0.38893035,0.6110333,6.560555e-06,2,64085,1664920336
1.2020679e-05,0.52044135,0.47954404,2.6364658e-06,2,64085,495344169
3.7920414e-05,0.42828685,0.5716689,6.3144475e-06,2,64085,665184084
8.884464e-08,0.16451593,0.8354828,1.1522637e-06,2,64085,813436274
0.9351542,0.064734936,9.254023e-05,1.8376137e-05,1,64093,584093927
0.94396156,0.05598549,4.5015266e-05,7.9231695e-06,1,64093,1195013761
0.3565078,0.6409305,0.0025142692,4.752151e-05,1,64093,1205137860
0.28037453,0.7114414,0.007953553,0.00023054348,1,64093,304332477
0.15553473,0.8286656,0.015699487,0.000100143734,1,64093,1114953440
0.07936386,0.8971162,0.023305867,0.00021414991,1,64093,1238977827
0.28037453,0.7114414,0.007953553,0.00023054348,1,64093,1734748903
0.8136488,0.18136053,0.0040126476,0.0009780023,1,64122,350742276
0.69570994,0.30243394,0.0017509587,0.00010521338,1,64122,1651436244
0.6964726,0.2941052,0.008739905,0.0006823592,1,64122,1374323718
0.084068224,0.8960818,0.019725991,0.0001239782,1,64122,1452743962
1.4287367e-06,0.0045882016,0.99532014,9.018237e-05,2,64261,787239200
1.0535312e-07,0.018815164,0.98117125,1.3506326e-05,2,64261,1547713656
0.00025158242,0.15831679,0.8404059,0.0010257505,2,64261,611774732
2.5507557e-08,0.0008842285,0.99910396,1.1756618e-05,2,64261,2105106664
1.9855837e-07,1.403134e-06,0.012726942,0.9872715,3,64262,513801849
2.0395369e-06,4.291431e-06,0.02072956,0.9792641,3,64262,984629140
3.362131e-05,0.0007910334,0.33631468,0.6628607,3,64262,1160504838
1.2349909e-06,2.3406694e-05,0.14840953,0.85156584,3,64262,1410507878
2.3114176e-06,9.3678995e-05,0.25245988,0.7474442,3,64262,772664209
2.385598e-07,1.983359e-05,0.296427,0.703553,3,64262,1119733048
1.0995215e-05,0.00024556022,0.18191819,0.8178252,3,64262,1278180671
1.5746398e-06,0.14552134,0.85445136,2.5727999e-05,1,64309,989427775
1.7655997e-05,0.11631208,0.88355297,0.00011730093,1,64309,1070852768
4.5548845e-06,0.019831974,0.97899425,0.0011692932,1,64309,1721930898
2.8165703e-06,0.094717294,0.90525705,2.2857092e-05,1,64309,30186387
1.2699596e-08,0.017317748,0.9826788,3.4776972e-06,1,64309,648093443
1.8091605e-08,0.00051539124,0.9994147,6.9889116e-05,1,64309,2131686778
0.7859657,0.14595246,0.006343564,0.061738234,3,64335,69079290
0.1973096,0.012315948,0.0061154612,0.78425896,3,64335,947651636
3.8288912e-05,7.69412e-06,0.00020310638,0.9997509,3,64335,612444866
9.792737e-06,9.0276666e-07,6.2601444e-05,0.9999267,3,64335,1002294905
0.8057092,0.06261925,0.0029198248,0.12875168,3,64335,1791401240
0.12396534,0.8370396,0.03870133,0.00029371853,1,64372,101452300
0.20220847,0.7825142,0.015077948,0.00019936723,1,64372,2060614573
0.0011319994,0.80649036,0.19216885,0.00020877313,1,64372,1111409245
0.03887457,0.91842806,0.042474758,0.00022256385,1,64372,1257913296
0.6785667,0.32084486,0.00057220034,1.6202905e-05,1,64385,138963357
0.42451486,0.5599528,0.01430019,0.0012321721,1,64385,371176944
0.24651124,0.70763713,0.044828262,0.0010234179,1,64385,1032681733
0.82111317,0.17856719,0.0002948556,2.4792738e-05,1,64385,177569086
0.4527569,0.5443607,0.0027690022,0.00011337143,1,64385,234568025
0.9691713,0.03081854,7.642782e-06,2.5795193e-06,1,64385,1676343141
0.0018268779,0.8761818,0.12195334,3.79696e-05,1,6440,562412789
0.0521517,0.87989765,0.06761133,0.00033930273,1,6440,1576125139
0.037446722,0.93169475,0.030659052,0.00019951625,1,6440,995671343
0.20370448,0.7646832,0.031302575,0.0003097318,1,6440,1376958719
0.0012524922,0.1807532,0.8158949,0.002099474,2,64439,84747386
1.7063452e-05,0.16086288,0.8390825,3.7494396e-05,2,64439,1423923778
4.5219935e-05,0.040280797,0.9578805,0.0017935047,2,64439,822293179
0.00013102744,0.20361881,0.7960096,0.00024055867,2,64439,1862196686
0.0019773955,0.83004355,0.16748387,0.0004951538,1,64447,315072613
0.0026149568,0.76093453,0.23640254,4.785251e-05,1,64447,1116247886
0.001802033,0.5014157,0.49660373,0.0001785388,1,64447,1630271473
0.00029926377,0.48407972,0.5155784,4.2661737e-05,1,64447,295592576
0.00044527254,0.72259396,0.2769358,2.4983181e-05,1,64447,1032712385
0.00075671123,0.85259116,0.14649272,0.00015941537,1,64447,1827294586
0.0010920177,0.64570713,0.35296977,0.00023108328,1,64480,389344175
0.00045491575,0.8453303,0.15406258,0.00015226148,1,64480,1469470494
0.0010181741,0.90716165,0.091802895,1.7297984e-05,1,64480,1761589157
0.0006102727,0.8876309,0.11173977,1.9079698e-05,1,64480,1258919885
4.731937e-05,0.7113045,0.2886359,1.2317525e-05,1,64480,1558053984
2.4399296e-07,0.0014680495,0.99847835,5.336417e-05,2,64496,1593577574
6.37602e-05,0.0029803093,0.96830654,0.028649494,2,64496,1752638451
3.0728631e-06,0.00065906584,0.9982791,0.0010587608,2,64496,615969067
2.1964327e-07,7.314966e-05,0.99690396,0.0030226253,2,64496,1542465301
7.612381e-05,0.48601416,0.51387256,3.716221e-05,2,64501,452406098
0.0029505366,0.6261352,0.37071836,0.00019591661,2,64501,1789416787
8.6575776e-05,0.3726877,0.6271024,0.00012332236,2,64501,27097946
1.12903745e-05,0.2884629,0.7115093,1.6509994e-05,2,64501,673038417
3.1307356e-06,0.45857355,0.5414167,6.5272666e-06,2,6451,510038463
1.5252548e-06,0.059428845,0.9404964,7.324914e-05,2,6451,932526186
1.6556294e-05,0.041874856,0.95728654,0.0008220732,2,6451,172828968
1.2649351e-06,0.04351258,0.95594484,0.00054130587,2,6451,201679253
0.00017976276,0.029612795,0.94690484,0.023302587,2,64519,47305213
5.6322006e-05,0.5006805,0.49913082,0.00013235338,2,64519,1105525666
0.0013574521,0.01801565,0.73500204,0.24562486,2,64519,1647620346
3.7784986e-05,0.19376047,0.80610436,9.74278e-05,2,64519,1858944330
1.7036185e-05,0.083855115,0.91566575,0.0004620793,2,64550,1169342196
2.443778e-05,0.037483677,0.96133363,0.0011582363,2,64550,2005355296
5.667667e-05,0.07745717,0.92165774,0.00082845194,2,64550,298239307
2.4598676e-05,0.026975611,0.9691028,0.0038969885,2,64550,582680700
5.7955262e-06,0.052768912,0.9466507,0.0005746051,2,64550,1924646642
6.610224e-07,4.9209008e-05,0.90676236,0.093187824,3,64553,1275940570
1.2914073e-07,3.026641e-05,0.9941433,0.0058262832,3,64553,1610080297
8.1956784e-08,5.7040477e-05,0.99425644,0.0056864284,3,64553,1438440119
2.7787946e-06,0.00022816754,0.9774966,0.022272386,3,64553,1785622407
0.0043631513,0.8937876,0.10174741,0.000101878555,1,64725,1339002996
0.00029458155,0.86435324,0.1353442,7.899279e-06,1,64725,2089181919
0.0004169669,0.49710086,0.50231916,0.00016307828,1,64725,224985084
4.5338067e-05,0.55847573,0.44141167,6.7208835e-05,1,64725,401860199
0.75464845,0.24451362,0.00076285464,7.505265e-05,1,64745,54900395
0.47229227,0.52482986,0.0028144864,6.3372216e-05,1,64745,1120539170
0.73077923,0.26874885,0.000402011,6.9859096e-05,1,64745,2061466831
0.84993863,0.14942025,0.0005518041,8.928797e-05,1,64745,417861938
0.94117945,0.058792096,2.6641326e-05,1.9427991e-06,1,64745,1529970552
0.97433144,0.025261728,0.00014394698,0.00026289944,0,64751,296894645
0.98256886,0.017412836,9.920091e-06,8.3346395e-06,0,64751,1459237304
0.9620422,0.037880953,5.3863147e-05,2.2958015e-05,0,64751,1910009464
0.9839677,0.015987135,3.2695436e-05,1.23968475e-05,0,64751,715084228
0.9784142,0.021521632,4.8096965e-05,1.6154267e-05,0,64751,1399226454
0.9887649,0.011229794,2.8494555e-06,2.5309091e-06,0,64751,2121120835
0.07494612,0.85778993,0.06694435,0.00031962054,1,64846,440925112
0.0037335937,0.96235245,0.033895716,1.8216864e-05,1,64846,1218499619
0.008266505,0.9341882,0.05746665,7.869601e-05,1,64846,1969971922
0.00020056836,0.9317144,0.068079956,5.025836e-06,1,64846,55220012
0.03539104,0.94290733,0.021683719,1.7838023e-05,1,64846,540464326
0.18010326,0.809252,0.010525676,0.00011904834,1,64846,993563732
4.444234e-05,0.00039861148,0.2672283,0.73232865,3,64848,425840965
0.00018355544,0.00068849546,0.052905507,0.9462224,3,64848,962979110
2.4794866e-07,4.0018244e-07,0.00306092,0.99693847,3,64848,1989474918
5.5746805e-05,4.462442e-05,0.0068167,0.9930829,3,64848,176471248
7.364042e-06,1.691494e-06,0.001083726,0.9989072,3,64848,701539888
1.5183808e-05,6.267265e-06,0.0030706588,0.9969079,3,64848,1860372295
0.16126047,0.7576327,0.08046155,0.0006453341,1,64883,1895558234
0.015991941,0.95184565,0.032133415,2.8996832e-05,1,64883,2123378911
1.2129089e-05,0.6847889,0.31518587,1.3031799e-05,1,64883,176822159
0.0040422794,0.6053375,0.38976377,0.0008564298,1,64883,1132701535
0.0025222492,0.7457604,0.25157288,0.00014444524,1,64883,1448504011
0.17179254,0.8031253,0.024903174,0.00017893549,1,64974,652681524
0.10021778,0.8929154,0.0068446877,2.2173279e-05,1,64974,2072950690
0.92758393,0.07238511,2.9099836e-05,1.9052596e-06,1,64974,262548111
0.9841357,0.015860008,3.4050877e-06,9.487103e-07,1,64974,525254112
3.2040487e-05,0.43389064,0.56605685,2.0504933e-05,1,65009,46008825
2.1716176e-07,0.1038643,0.89613295,2.5601273e-06,1,65009,1255308688
1.1812454e-05,0.33147573,0.66848,3.2513555e-05,1,65009,1839724317
1.09387685e-07,0.07425081,0.92574584,3.2224273e-06,1,65009,473819353
1.7130644e-06,0.023046771,0.9767546,0.00019682007,1,65009,847789550
6.2661666e-06,0.10122311,0.8987421,2.8585246e-05,1,65009,2107778379
0.13818185,0.8520367,0.009641195,0.00014025555,1,65074,442209765
0.37564906,0.6176282,0.006593942,0.00012874563,1,65074,1603958175
0.004728289,0.90998685,0.08523663,4.8263904e-05,1,65074,1722160623
0.19237685,0.79356587,0.013974493,8.281302e-05,1,65074,1999047918
0.0017196955,0.07523378,0.9159451,0.00710141,2,65180,941752793
0.00067759847,0.41160932,0.5874381,0.00027500142,2,65180,1857042791
1.2091403e-05,0.007923666,0.98882514,0.00323904,2,65180,105944179
0.00048611942,0.01857597,0.9650954,0.015842604,2,65180,912049576
0.000121347584,0.61469233,0.38517544,1.0864397e-05,2,65222,111055050
5.1524734e-07,0.23974533,0.76025057,3.567634e-06,2,65222,749095883
7.21188e-08,0.24910207,0.7508971,7.7160297e-07,2,65222,1559227517
7.4788936e-06,0.57630086,0.4236834,8.231995e-06,2,65222,358676381
3.753844e-05,0.24233049,0.7574041,0.00022781911,2,65222,1581943313
2.880085e-05,0.11201006,0.8877245,0.00023663578,2,6525,201882472
3.4870118e-07,0.0010905813,0.9984968,0.0004123102,2,6525,1038206941
1.7631854e-05,0.04198146,0.9577999,0.00020105822,2,6525,164075452
2.0376071e-06,0.0015527931,0.9955349,0.002910324,2,6525,357545864
1.1030833e-06,0.001570161,0.997537,0.00089171506,2,65270,1325288898
2.312922e-06,0.02032351,0.97916335,0.0005107989,2,65270,1868314759
2.3784396e-07,0.015724525,0.98424095,3.4318196e-05,2,65270,1392133589
8.1117136e-08,0.011940888,0.98802364,3.5414432e-05,2,65270,1709182071
0.53277403,0.4643716,0.0027237423,0.00013059283,1,65312,1403782108
0.14880948,0.7817346,0.068320155,0.0011357083,1,65312,1766155194
0.68045723,0.31910884,0.00041774265,1.614653e-05,1,65312,47242268
0.65807116,0.3413556,0.00054787245,2.5429666e-05,1,65312,512667035
0.18258612,0.7883229,0.028564442,0.0005265642,1,65312,984948933
0.00040083544,0.12411609,0.8715568,0.0039262604,1,65456,247536669
0.015003218,0.40820256,0.5723961,0.0043981024,1,65456,1324528355
0.0013114475,0.33251294,0.6623842,0.0037913267,1,65456,1434507452
0.0016326092,0.20228042,0.7655057,0.030581275,1,65456,1750470202
0.014337879,0.81779003,0.16769831,0.00017378666,1,65456,1772323269
0.0013262238,0.43343568,0.56283003,0.002408079,1,65456,414100967
0.0038110835,0.4810512,0.51281583,0.00232189,1,65456,694039741
0.0005296539,0.22002158,0.7778047,0.0016441152,1,65456,1100416658
0.0011010688,0.4368222,0.56180835,0.00026834602,1,65456,1182228912
0.005640915,0.34831336,0.62346,0.022585792,1,65456,2061485168
0.008371565,0.21603884,0.7325991,0.04299055,0,65471,788523694
0.10292727,0.48116934,0.39158198,0.024321465,0,65471,1026382947
0.025572266,0.026277287,0.086172365,0.861978,0,65471,1600898071
0.00016471896,0.14240994,0.8549772,0.0024481283,0,65471,1729119684
0.0307239,0.38441285,0.46243486,0.12242839,0,65471,658974043
0.0032952456,0.16401091,0.7960321,0.03666183,0,65471,1227369952
0.018750673,0.30488485,0.5703997,0.105964765,0,65471,1339577618
0.00040988153,0.10586495,0.8613588,0.032366283,0,65471,1435109581
0.0056604818,0.9336421,0.06057067,0.0001267586,1,65495,161429092
0.0006043036,0.922293,0.07709199,1.06816715e-05,1,65495,1435151627
0.03572835,0.9123952,0.05172943,0.00014703089,1,65495,179786992
0.0062442035,0.96409845,0.029642023,1.5297708e-05,1,65495,474938164
1.8344019e-05,0.48406908,0.5159001,1.2582616e-05,2,65530,633167749
9.13648e-06,0.58149135,0.41849574,3.7132181e-06,2,65530,1277826488
0.1244518,0.8103996,0.065024376,0.00012425538,2,65530,1627492472
0.0023273649,0.7103023,0.2872568,0.00011351387,2,65530,675828643
7.2970975e-06,0.67672646,0.32326484,1.3529152e-06,2,65530,1039644878
0.044352856,0.8336356,0.12131512,0.0006963044,2,65530,1401303823
4.886278e-08,2.2597959e-08,0.0027509138,0.99724907,3,6622,101449602
1.0747203e-05,1.6827342e-05,0.015690472,0.98428196,3,6622,918306191
3.8936264e-06,4.088461e-05,0.14630942,0.8536458,3,6622,1084526278
1.0048666e-05,0.0001439403,0.16262278,0.8372233,3,6622,1122306338
1.8538504e-06,4.169501e-06,0.02592156,0.9740724,3,6622,1346548427
0.45876354,0.5227666,0.016854288,0.0016155742,1,665,96506336
0.2198342,0.6068228,0.1682218,0.0051212637,1,665,257447107
0.002030473,0.5254495,0.468634,0.003885991,1,665,785975238
0.10433014,0.5348217,0.33856887,0.022279339,1,665,1714047622
0.022794632,0.74272203,0.23296931,0.001514042,1,665,2030700146
0.01949522,0.900245,0.07998631,0.00027339658,1,665,121937371
0.0073475754,0.4185182,0.571801,0.0023332336,1,665,964941054
0.04720592,0.69976604,0.25000665,0.0030214414,1,665,1230697451
0.004566496,0.7400112,0.25494012,0.00048221112,1,665,1952054795
0.06192812,0.8801758,0.05740281,0.00049320416,1,665,2062712798
1.631435e-05,0.0006004325,0.3376675,0.6617157,2,6685,133692434
8.6314986e-07,1.3744596e-05,0.110261984,0.88972336,2,6685,535580785
6.652027e-06,0.006339905,0.9688392,0.024814177,2,6685,2127534398
8.852834e-07,1.2183698e-05,0.07145559,0.9285313,2,6685,1755453486
8.59848e-06,3.4879587e-05,0.22172518,0.7782314,2,6685,1948040623
1.754213e-05,0.00062096724,0.31808656,0.68127495,2,6685,1985511506
1.5001449e-06,4.422133e-06,0.061267417,0.93872654,2,6685,2096523486
0.025255075,0.8760738,0.09845844,0.00021272994,1,6782,111749389
0.00021959389,0.6015663,0.3979946,0.00021948712,1,6782,1687677932
0.0012396108,0.6181606,0.3804098,0.00018994798,1,6782,138146308
0.0008892287,0.7875851,0.21144086,8.476235e-05,1,6782,1103287957
7.729205e-07,0.0022989765,0.99659073,0.0011094549,2,6849,1267265
2.1209346e-05,0.0011393594,0.65071726,0.34812218,2,6849,2126509876
1.2432728e-06,0.0014209799,0.98837763,0.010200118,2,6849,1090873935
1.374309e-05,0.008611232,0.99059594,0.0007791692,2,6849,1486993970
0.32693443,0.6706448,0.002366923,5.38382e-05,0,6902,1322273261
0.34735823,0.6444856,0.007926507,0.00022973889,0,6902,1783431836
0.66841835,0.33089122,0.0006509768,3.9420698e-05,0,6902,820433293
0.7851012,0.21401691,0.0008037234,7.817792e-05,0,6902,1205606878
0.059985608,0.935365,0.0046276487,2.179642e-05,1,6912,335753093
0.35314286,0.638427,0.008284041,0.00014604487,1,6912,1816993535
0.013538054,0.9451906,0.041187868,8.34695e-05,1,6912,1253760299
0.0048044133,0.98659074,0.008600102,4.7096746e-06,1,6912,2068187762
2.2820395e-06,0.36036766,0.6396261,3.9785846e-06,1,6952,519361712
1.4491861e-05,0.83111465,0.16886938,1.5111511e-06,1,6952,538874962
0.00716062,0.9083475,0.08440222,8.970579e-05,1,6952,280647977
0.00020660242,0.5797921,0.41992247,7.886434e-05,1,6952,1735250615
5.6818517e-06,0.048989147,0.95063287,0.00037230528,2,6972,198464846
0.00017912628,0.341922,0.65746355,0.00043536196,2,6972,637534899
1.8607932e-05,0.30650723,0.69344074,3.3484026e-05,2,6972,726493894
4.043448e-07,0.2503986,0.7495978,3.1090442e-06,2,6972,2006097084
1.5994097e-05,0.30229303,0.6976614,2.9652074e-05,2,6972,281027821
7.934834e-06,0.4193714,0.58059496,2.572961e-05,2,6972,1255766432
2.2801757e-07,0.5428125,0.4571864,8.222231e-07,2,6972,1357909115
7.357476e-08,0.0005330397,0.998865,0.00060186087,2,6980,117791125
8.4952393e-07,0.0033843203,0.99644464,0.00017026659,2,6980,750439265
7.3266114e-07,0.005502566,0.9937185,0.0007782065,2,6980,486388755
3.8473054e-08,0.00021809874,0.9981318,0.0016501034,2,6980,1407403956
0.9077072,0.09218022,7.2934505e-05,3.9653954e-05,1,7012,585157710
0.66529137,0.33133826,0.002500872,0.0008695321,1,7012,671902196
0.8899063,0.10986839,0.00018031818,4.502369e-05,1,7012,10816335
0.80396795,0.19426405,0.0012501448,0.0005178112,1,7012,1037939550
0.0014366371,0.33638036,0.6604589,0.0017240022,1,7021,463554048
0.00024406223,0.065280415,0.9319961,0.002479422,1,7021,583433433
0.0006511514,0.08366024,0.9072709,0.008417597,1,7021,2039142344
6.923941e-06,0.02436857,0.97253233,0.003092162,1,7021,480894458
6.5943444e-05,0.039306425,0.9588322,0.0017954458,1,7021,1145962276
7.12192e-06,0.16420475,0.8357607,2.7456283e-05,2,7033,559538557
4.549757e-05,0.10224837,0.8973614,0.0003448083,2,7033,2071257818
0.00014099745,0.11350027,0.8859688,0.0003899523,2,7033,91555108
0.0021563068,0.30830726,0.6890627,0.00047373623,2,7033,1442262040
1.3586534e-06,0.0537857,0.9461938,1.9172925e-05,2,7033,1961292782
0.15649186,0.8392336,0.004249025,2.551412e-05,1,7082,97523089
0.34815627,0.6462477,0.005515764,8.020445e-05,1,7082,1361832624
0.3742739,0.6207142,0.0049384274,7.350173e-05,1,7082,840940158
0.0041808095,0.9723436,0.023462074,1.3397094e-05,1,7082,1628603097
0.09373509,0.90238965,0.0038638422,1.1399763e-05,1,7082,1938432045
0.124256454,0.8735538,0.002170899,1.8864901e-05,1,7094,1709019481
0.85623896,0.14286067,0.0008537756,4.6642755e-05,1,7094,2045763523
0.46010932,0.53528935,0.0045258645,7.546931e-05,1,7094,1265925255
0.0044860914,0.95631397,0.039172854,2.7154589e-05,1,7094,1898179158
0.004221219,0.5865075,0.40808147,0.0011898748,1,71,198449006
0.0026281846,0.28472102,0.7041911,0.008459702,1,71,1405295276
8.588389e-05,0.19420692,0.80363005,0.0020771837,1,71,1249745058
0.00044755515,0.112077735,0.88090444,0.0065702233,1,71,2004100590
0.0005654425,0.14535888,0.85132307,0.0027525632,2,7136,381426905
0.008929208,0.054665923,0.44700775,0.48939717,2,7136,680011077
0.00053923926,0.06701653,0.8991077,0.03333657,2,7136,1207934560
0.0007874655,0.014456619,0.44783506,0.5369209,2,7136,1232279879
0.00014880253,0.036714993,0.9457852,0.017350933,2,7136,1345273615
0.0011830081,0.08378122,0.81094813,0.10408769,2,7136,847183747
0.0010667436,0.15922622,0.83349293,0.0062141125,2,7136,1468441364
0.009741699,0.24611583,0.7267955,0.017346947,2,7136,1788105199
0.0018105035,0.19302696,0.7933184,0.011844207,2,7136,1801768059
0.00030351008,0.006791761,0.24992833,0.7429764,2,7136,1832673261
7.950461e-06,0.003155483,0.98611856,0.010717959,2,7151,396925350
0.0005390539,0.17678711,0.8215018,0.0011721251,2,7151,731258312
0.0003120976,0.032220222,0.9611051,0.0063625444,2,7151,1736413644
1.6583247e-06,0.031299073,0.96856713,0.00013219817,2,7151,1938638705
8.743302e-06,0.0054140193,0.99067277,0.0039044393,2,7151,495135071
9.743308e-06,0.022225926,0.9775088,0.00025544097,2,7151,720920250
2.9023482e-05,0.05635686,0.93860674,0.005007411,1,7247,1316976122
9.402469e-08,0.12317485,0.8768243,7.754472e-07,1,7247,1767498959
1.1020582e-05,0.0696239,0.9298942,0.00047097192,1,7247,480725098
4.9248098e-05,0.09639394,0.9026266,0.0009301583,1,7247,513613537
0.00035690164,0.55578494,0.443686,0.00017212759,1,7251,443495007
0.005349589,0.7616944,0.23190644,0.0010495279,1,7251,490362549
0.0067086634,0.55472904,0.43661427,0.0019479933,1,7251,506596116
0.0028197214,0.7908821,0.20599,0.00030821012,1,7251,1741696127
0.00049138797,0.03213687,0.9378273,0.029544553,1,7251,2113117638
5.362855e-06,0.012463068,0.98695743,0.00057410996,2,7396,29866384
8.908562e-06,0.058624644,0.9404308,0.0009356532,2,7396,2016760811
3.511818e-06,0.019622702,0.98008144,0.00029239515,2,7396,179970358
6.0377047e-06,0.035071623,0.9645471,0.00037522978,2,7396,920625205
0.0014161421,0.022366257,0.93874705,0.03747046,2,7397,365154131
2.4806739e-06,0.0065918355,0.9927462,0.00065952435,2,7397,531274417
3.1274136e-05,0.0023886072,0.90226895,0.09531122,2,7397,723641150
7.0957896e-05,0.0053175683,0.9222849,0.07232664,2,7397,1579337904
2.2792428e-05,0.002089834,0.948262,0.049625386,2,7397,1708692259
0.036744934,0.8860458,0.07697778,0.00023139942,1,7491,395290287
0.0009485811,0.8358089,0.16317749,6.5054126e-05,1,7491,1058314505
0.0017935759,0.78273684,0.21538047,8.9146495e-05,1,7491,1242696903
0.00022770258,0.7724586,0.22724725,6.6356166e-05,1,7491,1678492783
0.0008829689,0.4678797,0.53096193,0.00027536709,1,7544,448184794
0.00034865818,0.37707794,0.6219101,0.00066332956,1,7544,1205283630
0.0004712623,0.6829635,0.31646353,0.00010168966,1,7544,1528620153
6.121999e-05,0.052048165,0.9446286,0.003261933,1,7544,2117721642
0.0075781695,0.9098826,0.08244813,9.109661e-05,1,7648,555000490
0.04689961,0.78368837,0.16494235,0.0044697314,1,7648,973265499
0.14216785,0.7577699,0.09836631,0.0016960133,1,7648,1132964603
0.013771781,0.94073874,0.045434073,5.5429264e-05,1,7648,930545168
0.17991063,0.7566224,0.062411394,0.0010555626,1,7648,1692953921
2.3815956e-05,0.000110441906,0.06938308,0.9304826,2,7679,1131912005
8.7560426e-07,0.0001554664,0.9634672,0.036376458,2,7679,1318758683
2.6605798e-05,0.0002730234,0.16068889,0.8390115,2,7679,223930585
9.2470495e-05,0.0005481845,0.13359143,0.865768,2,7679,289193609
2.2595541e-05,0.00067504845,0.24656127,0.75274104,2,7679,1306708068
1.5023275e-05,0.0031773397,0.9826658,0.014141867,2,7873,615559793
4.122932e-06,0.0001173827,0.73170686,0.26817167,2,7873,2079273146
7.61261e-07,0.0007886468,0.9964688,0.0027418092,2,7873,914094252
0.000119478405,0.0047740415,0.88337386,0.11173266,2,7873,1968573992
3.7103378e-06,0.5236347,0.47634807,1.3524421e-05,1,79,324319833
6.414696e-05,0.52751267,0.47237253,5.0683197e-05,1,79,1043635482
0.0001978884,0.82647616,0.1733104,1.5590442e-05,1,79,1032716115
0.00014679682,0.5723986,0.4274153,3.9296767e-05,1,79,1968162207
0.0028945003,0.7414702,0.25561714,1.8147546e-05,1,7900,311985348
0.04967211,0.53526574,0.41442898,0.0006331611,1,7900,1296016435
0.00083513866,0.9620444,0.037117798,2.6883622e-06,1,7900,1661836179
0.0019283085,0.3219318,0.67606807,7.181348e-05,1,7900,295792758
0.00021294928,0.6488217,0.3509538,1.1489751e-05,1,7900,1833379637
0.9783691,0.021489335,6.398226e-05,7.753343e-05,0,7908,1126503464
0.9462936,0.05354071,0.00013225025,3.348207e-05,0,7908,1526398679
0.98229724,0.017681636,8.52284e-06,1.2600747e-05,0,7908,2018792640
0.959589,0.04033026,6.804672e-05,1.2740444e-05,0,7908,898599546
0.96961325,0.030068085,9.60423e-05,0.00022258236,0,7908,1556079262
4.7721373e-05,0.00034846077,0.7948782,0.20472558,2,7985,412327262
4.264369e-05,0.00034704688,0.7920014,0.20760888,2,7985,587435494
1.9231827e-06,0.0056046257,0.99384165,0.0005517625,2,7985,1697621006
6.796078e-06,0.00069228205,0.89022577,0.10907521,2,7985,153671190
0.00014010257,0.005689163,0.8167545,0.17741622,2,7985,218714033
2.4386416e-05,0.00064480264,0.79947484,0.19985595,2,7985,576139264
0.01984166,0.31765944,0.65149665,0.011002317,2,8038,65327662
0.00024227663,0.23678815,0.76279515,0.00017448701,2,8038,146014654
2.2067652e-05,0.15056755,0.84881014,0.00060030055,2,8038,772023036
0.00016529775,0.29990438,0.69952774,0.00040254442,2,8038,803330736
0.0014060412,0.21824212,0.77769256,0.0026593264,2,8038,269081549
2.9066638e-05,0.008623169,0.9488422,0.042505488,2,8038,302531270
0.044278655,0.46889713,0.47979185,0.007032402,2,8038,1402425103
0.0012890655,0.03895816,0.8765482,0.08320465,2,8038,1933758526
0.20554315,0.7869115,0.0074198167,0.00012547903,1,8053,478220057
0.77936554,0.21978849,0.0007782978,6.768301e-05,1,8053,2033993212
0.1625147,0.8136579,0.023568852,0.00025851926,1,8053,347430488
0.2151443,0.77940303,0.005315711,0.00013691856,1,8053,1134115441
0.30421308,0.68531185,0.010200415,0.00027456638,1,806,314735371
0.060241207,0.88924706,0.050259687,0.0002520505,1,806,1718549170
0.00012638586,0.16402753,0.83468753,0.0011586128,1,806,791970176
0.01477737,0.56948805,0.40499488,0.010739621,1,806,805842284
6.6349444e-06,0.37063548,0.62934345,1.4472536e-05,1,806,886957103
8.0636255e-06,0.4248846,0.5750936,1.37223415e-05,1,8072,100715726
5.046212e-07,0.42527184,0.5747259,1.7670365e-06,1,8072,2088030209
0.28704646,0.6172217,0.09227863,0.0034532018,1,8072,1733627070
0.0006620083,0.7469168,0.25239846,2.2806256e-05,1,8072,1857860231
0.6759527,0.3193741,0.0042727776,0.00040049307,1,8077,731479435
0.18019421,0.7796265,0.03915525,0.0010239639,1,8077,1753162756
0.76350904,0.23362456,0.0025593378,0.00030713237,1,8077,1142504786
0.6238733,0.3689098,0.006447068,0.00076986727,1,8077,1537619289
2.7023949e-05,0.789463,0.21050559,4.3323716e-06,1,8214,750085231
0.0003181539,0.4851055,0.5144174,0.00015890025,1,8214,1766917773
0.001846035,0.501502,0.49606305,0.0005888506,1,8214,1092358684
1.7490083e-05,0.5156231,0.48434773,1.1711902e-05,1,8214,2102410726
0.00032485198,0.29579347,0.7034897,0.000391884,1,8218,1080728445
0.0014470994,0.98564017,0.012906764,5.960013e-06,1,8218,1215494362
6.0346897e-06,0.7742827,0.22570936,1.9173146e-06,1,8218,349649753
1.6759835e-05,0.19302116,0.8068626,9.955994e-05,1,8218,1756002702
0.09378569,0.82146245,0.083559014,0.0011928407,1,8260,1641873139
0.05118035,0.9252186,0.023461236,0.00013983098,1,8260,1900523352
0.23286498,0.7372599,0.028366553,0.0015086175,1,8260,284800898
0.07750026,0.8867919,0.03530301,0.00040492616,1,8260,1799418080
3.7825685e-05,0.0026485717,0.9770685,0.020245105,2,8325,826011010
8.79983e-05,0.011200257,0.9824975,0.0062142285,2,8325,1735956294
0.0018253925,0.026898073,0.9408843,0.03039223,2,8325,2026248949
0.00010875305,0.26687893,0.73284435,0.00016789937,2,8325,792243320
0.00032738797,0.020098448,0.9536161,0.02595806,2,8325,1341271965
7.45578e-05,0.020150954,0.9758731,0.0039013373,2,8325,1651262367
1.7547583e-05,0.014797604,0.9849807,0.00020413166,2,8325,1687300875
0.0015549725,0.052564677,0.9395865,0.0062938193,2,8325,1824429137
4.6446522e-07,0.08875795,0.9112012,4.0460185e-05,2,8354,1058910148
2.9086541e-05,0.04619805,0.9524395,0.0013333824,2,8354,2012272781
2.60422e-06,0.005053425,0.993288,0.0016560499,2,8354,769174283
5.5239993e-06,0.023245772,0.9760572,0.0006915538,2,8354,1478076245
1.9994064e-07,4.3005068e-07,0.0078003276,0.992199,2,8361,574346017
2.1289165e-06,3.9860603e-05,0.06985607,0.93010193,2,8361,607838430
6.16783e-07,3.0267483e-06,0.014074211,0.9859221,2,8361,1413441277
5.9482563e-06,6.10913e-05,0.07076175,0.92917114,2,8361,652784387
1.8238001e-06,4.24855e-06,0.005431308,0.99456257,2,8361,1283351171
1.2317003e-05,0.18235125,0.8173846,0.00025186772,1,8383,743173646
2.7424388e-05,0.19492054,0.80494153,0.00011047603,1,8383,799885261
1.6256658e-06,0.16126668,0.83871883,1.2936939e-05,1,8383,1232582310
2.6899716e-06,0.17530902,0.8246742,1.4101474e-05,1,8383,1194860150
0.00016749222,0.08748985,0.9111782,0.0011645163,1,8383,1262972916
2.4247882e-05,0.08073435,0.9182807,0.00096061634,1,8383,1630963965
4.273756e-05,0.06963159,0.9301951,0.00013059883,1,8383,1909646067
2.1388128e-06,0.00021608466,0.932789,0.06699282,2,8461,342227587
2.4405836e-06,3.4057455e-05,0.56579465,0.43416885,2,8461,1975940477
2.68226e-06,0.0017194325,0.9868896,0.011388262,2,8461,35599537
5.356181e-05,0.0016473052,0.9393778,0.0589214,2,8461,1928583076
0.012808213,0.963423,0.023750853,1.7874178e-05,2,8570,15071485
0.0067081894,0.4803423,0.5123173,0.0006322152,2,8570,669955299
0.011328622,0.69167846,0.29656383,0.0004290997,2,8570,984799738
5.4182277e-05,0.43629563,0.56353986,0.00011032449,2,8570,2139613775
8.541424e-07,0.49957383,0.500425,3.3649368e-07,2,8570,143219894
0.0008887244,0.66646266,0.332585,6.3660074e-05,2,8570,223612292
0.00038605326,0.46586242,0.5329098,0.0008416914,2,8570,465849117
0.006916963,0.6098339,0.38303828,0.00021090686,2,8570,1210510801
1.1900221e-08,0.001254845,0.9987295,1.5642867e-05,2,8574,709325885
1.18251e-06,0.0005073719,0.9822267,0.017264742,2,8574,2064028440
2.3628984e-06,2.288173e-05,0.6895038,0.31047088,2,8574,480930509
5.338802e-06,2.9875835e-05,0.26498306,0.7349817,2,8574,1913735558
4.3484683e-06,0.0006609989,0.9968093,0.0025253126,2,8604,97924768
3.0582964e-06,0.00010851857,0.99101347,0.008874927,2,8604,547378819
4.6294595e-06,0.00044044698,0.9890476,0.010507322,2,8604,915256228
1.7645044e-06,4.463945e-05,0.7340547,0.26589894,2,8604,1944296651
4.7064297e-08,0.0025208904,0.9974613,1.7710037e-05,2,8612,993929405
1.7870259e-07,0.007814519,0.9920224,0.00016279213,2,8612,1094340756
1.0519879e-07,0.00019112905,0.9943258,0.005482978,2,8612,313218472
7.040296e-07,0.003972434,0.99554044,0.00048634835,2,8612,1177736435
0.8178555,0.18155186,0.00055808516,3.4585915e-05,0,8619,394214330
0.90620583,0.09349347,0.0002053938,9.53367e-05,0,8619,504227625
0.93803763,0.061746784,0.00018663752,2.8898205e-05,0,8619,597761399
0.9841638,0.01580993,2.1132704e-05,5.0770077e-06,0,8619,1116996763
0.9976674,0.0023322843,1.4228102e-07,2.2777222e-07,0,8619,7239788
0.97946656,0.02050756,6.155637e-06,1.9750916e-05,0,8619,364115788
0.98314226,0.016851041,4.783875e-06,1.9057505e-06,0,8619,736576019
0.99522495,0.004756972,5.4733973e-06,1.263485e-05,0,8619,776808417
0.99553996,0.0044593075,1.5058109e-07,5.706413e-07,0,8619,1006592349
0.9939659,0.006032535,1.0194212e-06,4.9710064e-07,0,8619,1726644384
3.680216e-06,3.007315e-05,0.31289464,0.68707156,2,862,493071540
1.1501334e-06,2.255914e-06,0.036878016,0.9631185,2,862,684538323
2.2251754e-06,2.078083e-06,0.019489154,0.98050654,2,862,741358020
1.125045e-06,1.2851359e-06,0.05523204,0.9447656,2,862,1632067448
8.4884705e-05,0.8002689,0.19963944,6.752483e-06,1,8642,525511932
0.00010144772,0.90746224,0.09243393,2.3338239e-06,1,8642,547643705
4.6888243e-05,0.76921034,0.23073483,7.979196e-06,1,8642,789138781
0.0071421987,0.8734255,0.11929965,0.00013263378,1,8642,46214839
0.0077668806,0.56730664,0.42172894,0.003197628,1,8642,71849094
0.03417652,0.9276309,0.03810146,9.107617e-05,1,8642,621312183
0.0011216139,0.9424531,0.056414694,1.0662889e-05,1,8686,196539091
0.060407683,0.9224038,0.01712656,6.193611e-05,1,8686,1385602129
0.62275904,0.37438354,0.0027018143,0.00015558623,1,8686,219460346
0.0029811668,0.95127887,0.045717068,2.2854043e-05,1,8686,742704507
0.0010002458,0.9526576,0.04631297,2.9209661e-05,1,8686,1184638053
2.1273001e-08,4.1667677e-06,0.9374706,0.06252522,3,8732,647267886
8.189511e-08,3.7742213e-06,0.899174,0.10082215,3,8732,791267021
1.5621408e-06,1.0858009e-05,0.06693242,0.93305516,3,8732,391790803
2.0996512e-07,1.4530607e-05,0.7707362,0.22924903,3,8732,1250168404
3.2842115e-06,4.6990193e-05,0.28434294,0.71560675,3,8732,1459886943
0.00011227135,0.6795725,0.32030094,1.4239206e-05,1,8785,402462048
5.2609194e-05,0.7951657,0.20477673,4.887512e-06,1,8785,1050149859
0.0005869559,0.80489427,0.194483,3.580686e-05,1,8785,1906919388
0.0001461968,0.49096948,0.5088175,6.685524e-05,1,8785,1218134344
2.181631e-05,0.6341058,0.36586058,1.1815756e-05,1,8785,1307526001
0.00750851,0.8770702,0.11528749,0.00013378327,1,8817,714596136
0.16218157,0.7625278,0.07344106,0.0018495378,1,8817,1406177895
0.00044558648,0.67781717,0.32159647,0.00014073697,1,8817,1412732012
0.00020181225,0.9061153,0.093678504,4.4014396e-06,1,8817,2113467020
0.8857096,0.114066534,0.00012457269,9.925816e-05,0,8935,1052705063
0.1770124,0.8176828,0.005248879,5.5969107e-05,0,8935,1397515418
0.7379333,0.26172706,0.00030837266,3.1329306e-05,0,8935,1906156833
0.73414314,0.26535752,0.0004535617,4.5753663e-05,0,8935,315969791
0.7553383,0.24447866,0.00016367169,1.9360876e-05,0,8935,551254216
0.86045057,0.1394229,0.000107908396,1.866236e-05,0,8935,1129304924
0.082882896,0.8962377,0.020741256,0.00013812873,1,8945,510316314
0.7892477,0.20878686,0.0017909737,0.00017446365,1,8945,1078750735
0.05978525,0.8469305,0.09286544,0.0004187868,1,8945,120802214
0.02607736,0.9296562,0.044085607,0.00018076367,1,8945,594850626
0.03577228,0.8660864,0.09771328,0.00042801004,1,8945,1084566022
7.1506514e-07,0.05433171,0.9456332,3.4446934e-05,2,8981,781645012
0.0009164418,0.26786053,0.72818756,0.0030354518,2,8981,1509850488
2.582328e-06,0.090894625,0.90900517,9.7606215e-05,2,8981,1970569824
1.5569935e-06,0.015771607,0.98385566,0.00037124509,2,8981,507893958
9.051711e-08,0.015696088,0.9842943,9.488049e-06,2,8981,560946398
4.625374e-05,0.13131964,0.8678029,0.00083118683,2,8981,1456080721
0.0018063176,0.8506235,0.14753167,3.8560396e-05,1,9039,1862782313
0.0008062917,0.8432035,0.155952,3.822112e-05,1,9039,2081656062
0.00013770981,0.8663873,0.1334709,4.073908e-06,1,9039,527993011
4.3518327e-07,0.5982904,0.40170878,3.643194e-07,1,9039,1845527676
1.1072533e-05,0.14028703,0.8590783,0.00062362954,2,9052,106629842
1.6262547e-06,0.086473145,0.91344607,7.915611e-05,2,9052,164691998
9.583571e-06,0.027066937,0.97208774,0.0008356983,2,9052,1105074977
3.869304e-06,0.3632115,0.6367616,2.2984445e-05,2,9052,449139861
0.0005467998,0.4700215,0.5290194,0.00041230768,2,9052,2147069906
0.00012961765,0.10021452,0.89637417,0.0032817766,2,9088,537342573
3.1190095e-05,0.014145329,0.97861975,0.0072038323,2,9088,757064047
1.0695489e-05,0.07056848,0.92932594,9.480836e-05,2,9088,817979861
0.00014297837,0.18141983,0.81827927,0.00015787687,2,9088,1078374232
0.00038083247,0.17235847,0.8182995,0.008961265,2,9088,1355153787
0.0017403859,0.059312858,0.8177927,0.12115404,2,9088,1811904798
0.04306717,0.16660763,0.71553504,0.0747901,2,9088,910123451
0.0039331024,0.07074178,0.9053234,0.020001695,2,9088,1074078973
1.5647275e-06,0.027023917,0.9728559,0.00011857898,2,9088,1263577273
0.003922115,0.11088857,0.74494284,0.1402464,2,9088,1326044715
2.7445354e-05,0.046426356,0.9526331,0.00091309805,2,9088,1603958243
0.58602387,0.40834025,0.005445823,0.00019004289,1,9117,74602538
0.16085748,0.82392,0.0150421625,0.00018035324,1,9117,1175730386
0.5443502,0.44175535,0.013603094,0.0002913492,1,9117,911910436
0.010249787,0.9024649,0.087137856,0.00014745792,1,9117,1172667911
0.00023041322,0.58701414,0.41268685,6.854635e-05,2,9209,1146960777
3.7942252e-07,0.3375179,0.6624811,5.153452e-07,2,9209,1522098388
0.0004281122,0.691913,0.30764288,1.6042315e-05,2,9209,179674348
1.387461e-05,0.5821104,0.4178729,2.8104262e-06,2,9209,331138130
3.040145e-06,0.21457143,0.78541994,5.6034696e-06,2,929,463519551
4.2269978e-05,0.24837372,0.75156593,1.80623e-05,2,929,1465673769
8.253619e-05,0.19186586,0.8076185,0.0004331038,2,929,615145871
1.72146e-06,0.30701187,0.6929838,2.5520094e-06,2,929,668904418
0.0008008752,0.8941693,0.104999915,2.9913379e-05,2,936,83335632
0.060125206,0.8146847,0.12460242,0.00058762275,2,936,1386514105
0.00027042406,0.8459623,0.15375596,1.1339062e-05,2,936,2006445536
6.093512e-06,0.57510096,0.4248892,3.7680209e-06,2,936,920390822
2.2745744e-05,0.40576896,0.5942034,4.8828747e-06,2,936,1850696336
0.31141016,0.687275,0.0012578657,5.6978613e-05,1,9400,963254159
0.17674267,0.8195639,0.0036421344,5.1300787e-05,1,9400,1655384525
0.4068697,0.5907926,0.002221683,0.00011597952,1,9400,597777356
0.37872422,0.6193767,0.0018104947,8.849505e-05,1,9400,637217441
0.26363713,0.73253673,0.003483942,0.0003422521,1,9400,1316340004
1.0722443e-05,0.5947919,0.4051949,2.5580491e-06,1,9559,203061242
8.73575e-05,0.62764233,0.37225434,1.5901216e-05,1,9559,1047452753
0.0001368243,0.72665185,0.27315572,5.564222e-05,1,9559,1174804734
0.00023255528,0.72587436,0.27388388,9.130968e-06,1,9559,378171161
0.04925021,0.83015674,0.11890675,0.001686347,1,9559,790325351
0.00030061183,0.6266063,0.37303963,5.338161e-05,1,9559,1775300814
0.007917791,0.9517046,0.040336754,4.0865096e-05,1,9702,807573619
0.14555207,0.8124426,0.04139057,0.00061475526,1,9702,1520090136
0.0012966638,0.8417588,0.15688457,5.9993698e-05,1,9702,1866426124
0.003343862,0.95336205,0.04320877,8.5370106e-05,1,9702,948946212
0.045180336,0.9204035,0.034305517,0.00011074943,1,9702,993838408
0.0011720763,0.92807823,0.07074236,7.3038623e-06,1,9702,1742538116
5.2006017e-06,0.0017015844,0.99192315,0.0063700946,2,9750,1208494128
7.4358264e-05,0.015646005,0.9670255,0.017254094,2,9750,2028693570
2.9195215e-05,8.1432234e-05,0.17619583,0.8236936,2,9750,135986243
3.6080273e-06,0.00036154885,0.98326564,0.016369134,2,9750,435714661
1.6241735e-05,0.13924827,0.86050975,0.00022577812,1,9762,666905888
8.144233e-06,0.08395737,0.9159451,8.934958e-05,1,9762,1706521816
1.706121e-07,0.037943862,0.9620432,1.28022975e-05,1,9762,214843376
3.2380802e-07,0.0069389637,0.9929792,8.148852e-05,1,9762,1277544220
0.0007171329,0.8141587,0.18500982,0.000114429546,1,9771,555397945
5.4835797e-05,0.9274883,0.07245485,1.9598388e-06,1,9771,682180502
0.0008324509,0.8803564,0.11879369,1.742601e-05,1,9771,836342975
7.063023e-05,0.89833313,0.101595126,1.0424652e-06,1,9771,1528300041
0.00017383676,0.80584294,0.19397575,7.4834347e-06,1,9815,618828301
6.2540654e-05,0.5580414,0.4418898,6.2486547e-06,1,9815,1922667223
0.0014448789,0.9427187,0.05583048,5.976842e-06,1,9815,19393291
2.7690041e-06,0.6011412,0.39885473,1.277359e-06,1,9815,1587229737
1.562453e-06,0.00392802,0.9958806,0.00018979244,2,9823,1898280518
4.2720408e-06,0.0005441604,0.9899531,0.009498493,2,9823,2077398691
3.2287385e-06,0.015890151,0.98401606,9.045499e-05,2,9823,1378385222
3.1092395e-06,0.0046877004,0.9946461,0.0006631406,2,9823,1698583261
0.00021733677,0.9256054,0.07415851,1.8707648e-05,1,9865,455089656
0.00016422365,0.8166011,0.1832161,1.8635197e-05,1,9865,666603125
0.0009665629,0.9175533,0.08147116,8.9533405e-06,1,9865,1702992213
0.0003709777,0.91632557,0.08329132,1.2124698e-05,1,9865,637542663
0.00010278087,0.8314351,0.16844502,1.7149829e-05,1,9865,1659900307
2.2216375e-06,0.72337013,0.2766264,1.298683e-06,1,9865,1831206522
3.5475186e-05,0.06386978,0.93545836,0.00063641736,1,997,873425464
7.0037294e-07,0.081629686,0.91836596,3.75267e-06,1,997,2129119612
3.9595267e-05,0.6190763,0.380867,1.7118946e-05,1,997,1487679918
3.1872075e-06,0.08245844,0.9175212,1.7247901e-05,1,997,1775983513
