class_0,class_1,class_2,class_3,target,study_id,image_id
4.353233e-06,0.101640575,0.8982438,0.0001112748,2,10226,461614796
1.3583983e-06,0.1378452,0.8620906,6.2896615e-05,2,10226,530620473
3.059188e-05,0.22347866,0.77643913,5.157747e-05,2,10226,309353373
6.828762e-05,0.23520662,0.7646116,0.000113506656,2,10226,348710745
0.00026938302,0.35074347,0.6479736,0.0010136158,2,10226,806376890
7.5075304e-06,0.04140923,0.95827705,0.00030618164,2,10226,1943220805
6.766793e-05,0.0017802513,0.21387641,0.7842756,3,10243,130367763
0.00016512112,0.0042233043,0.43836734,0.55724424,3,10243,1716961366
0.00020204084,0.0011261354,0.15831931,0.8403526,3,10243,1424382547
6.0004822e-05,0.00043104045,0.08148372,0.91802526,3,10243,1797657520
0.00052850175,0.7857673,0.21367219,3.202944e-05,1,1025,773597682
0.0012025929,0.76421887,0.23447368,0.00010488796,1,1025,1803952236
0.044156745,0.8883078,0.06653492,0.0010005087,1,1025,347069540
0.03856919,0.9329831,0.028402349,4.533945e-05,1,1025,1122776493
0.0010051918,0.793006,0.20585081,0.0001378793,1,10342,1523044954
0.0009639967,0.59839857,0.40040952,0.00022788245,1,10342,1981230598
0.0009601751,0.6928878,0.30599892,0.0001531171,1,10342,430541765
0.00045578746,0.66969436,0.329673,0.00017688944,1,10342,628578547
0.011023086,0.6511626,0.33612832,0.0016859489,2,10406,233967803
0.00022087501,0.19215187,0.8065328,0.0010945181,2,10406,1622454506
0.00089906284,0.6869126,0.3120747,0.000113621405,2,10406,1905942887
0.00034632132,0.50184226,0.49771804,9.338239e-05,2,10406,939620685
6.05763e-05,0.51230234,0.48761544,2.1607097e-05,2,10406,1121301491
4.825202e-06,0.065953955,0.93394107,0.00010015941,2,10406,1205849672
0.34630114,0.64901364,0.004579809,0.00010537926,1,10442,342203223
0.7929414,0.19521509,0.009013277,0.0028302844,1,10442,604882069
0.14868243,0.83711374,0.013994818,0.00020895386,1,10442,1119390120
0.16429853,0.8205048,0.015036051,0.00016057106,1,10442,1605097365
0.55190456,0.44043568,0.006639129,0.0010206053,1,10442,1755756186
0.087371655,0.8630657,0.049237102,0.00032555903,1,10442,506148695
0.015225194,0.87179583,0.11282196,0.00015699225,1,10442,560290012
0.013988408,0.95517415,0.030829223,8.161108e-06,1,10442,652344784
0.0056749424,0.9081038,0.08610462,0.00011657014,1,10442,1833418626
0.13862467,0.8374619,0.02340603,0.0005073114,1,10442,1962451444
0.038374532,0.93977404,0.021814534,3.7017642e-05,1,10442,2078023734
0.0049882866,0.78550154,0.2089734,0.00053682586,1,10468,435970835
0.0007413748,0.86304736,0.13615948,5.1753876e-05,1,10468,1159975979
0.004364923,0.65489656,0.3404784,0.00026013376,1,10468,243972300
0.0005518624,0.80458903,0.19479604,6.3140986e-05,1,10468,1400960750
7.0973115e-06,0.105690904,0.89428216,1.9824882e-05,2,10739,1308949510
1.6936194e-06,0.027270723,0.97271144,1.6065764e-05,2,10739,1858761621
5.987794e-05,0.011482977,0.98356116,0.004895959,2,10739,2068922317
0.0023184144,0.42411515,0.5731325,0.00043395054,2,10739,643651118
0.00019514361,0.3315703,0.6681063,0.00012824722,2,10739,761142587
1.4777765e-05,0.2760362,0.7237682,0.00018083256,2,10739,1176657590
0.036517322,0.81564724,0.14364295,0.0041925125,1,10851,808241086
0.5189685,0.45024356,0.028236648,0.002551314,1,10851,1120382217
0.19187216,0.6184893,0.15985358,0.029784935,1,10851,1285202241
0.050984718,0.42366907,0.50958276,0.015763443,1,10851,1441952045
0.34762254,0.5336144,0.11551896,0.0032440997,1,10851,1547415696
0.00047471654,0.24529323,0.7482848,0.0059471913,1,10851,504613176
0.0007047541,0.56141216,0.43662667,0.0012564629,1,10851,1797968584
0.00025231394,0.14923324,0.844329,0.0061854157,2,10865,1215083449
0.00012776275,0.20855722,0.7908164,0.0004986567,2,10865,1676397365
4.315311e-05,0.10288827,0.89679646,0.00027211822,2,10865,149787458
0.0006317622,0.23400845,0.7645807,0.00077908125,2,10865,1873336201
0.40751746,0.58574605,0.006278291,0.00045816693,1,10924,112923789
0.5190313,0.45765302,0.02061296,0.0027027272,1,10924,1377138508
0.76905966,0.22966556,0.0010180677,0.0002567182,1,10924,1563151720
0.87992543,0.11954617,0.0003736987,0.00015465735,1,10924,1926557483
2.1095613e-05,0.2721875,0.7276387,0.00015269374,1,1100,880086705
0.047501016,0.55501163,0.36791334,0.02957401,1,1100,1209315961
0.00064244884,0.29281974,0.70576805,0.00076980126,1,1100,1427603798
8.9163426e-05,0.34986615,0.6498313,0.00021338869,1,1100,1538849311
8.551341e-05,0.289795,0.7099068,0.0002126916,1,1100,98312675
0.0009205975,0.14375474,0.84647256,0.008852118,1,1100,362023212
0.00040480265,0.4556551,0.5437336,0.00020653322,1,1100,468462241
0.7704561,0.2287451,0.00057518296,0.0002235426,1,11032,646843040
0.8332904,0.16621749,0.0004059032,8.623119e-05,1,11032,1521956184
0.81057405,0.18817267,0.00086405047,0.00038924214,1,11032,2075246714
0.6939923,0.3051612,0.00072179234,0.00012463242,1,11032,618839560
0.61961675,0.37928018,0.0009639504,0.0001391059,1,11032,1579825622
0.83140576,0.16708541,0.0011310778,0.00037782048,1,11032,2085894046
0.8963018,0.10229022,0.0008378503,0.0005700124,0,11094,1086977375
0.96758336,0.032274164,7.612094e-05,6.636734e-05,0,11094,1417771843
0.8908955,0.10828391,0.00069290336,0.00012773444,0,11094,1882170663
0.91648644,0.08339363,8.1544305e-05,3.8384078e-05,0,11094,1926447510
0.9486439,0.0505086,0.00031266356,0.00053475646,0,11094,1069719282
0.95217645,0.0476187,9.3024515e-05,0.000111815134,0,11094,1569592890
2.995308e-05,0.0008595232,0.32597682,0.67313373,2,11097,135744075
0.00016147144,0.025030896,0.8708307,0.10397694,2,11097,162801043
0.0012481435,0.013189695,0.6948549,0.29070723,2,11097,1063696188
7.690424e-05,0.0027472775,0.4109301,0.5862458,2,11097,752170963
0.0006970295,0.007128661,0.41306135,0.5791129,2,11097,2126625832
0.00016156328,0.056114767,0.93989164,0.003831979,2,11098,601424809
7.5807257e-06,0.020084064,0.9797825,0.00012586151,2,11098,1292022412
0.00042718637,0.16954336,0.8283583,0.0016711663,2,11098,1265594762
1.4301385e-05,0.024248227,0.97334325,0.0023942632,2,11098,1490995644
6.3627354e-05,0.05096856,0.9480513,0.00091650966,2,11107,1166211296
0.00023781983,0.049685385,0.9276841,0.022392757,2,11107,1992353189
1.2847425e-05,0.025350418,0.97387433,0.0007623406,2,11107,2011862807
0.0001617067,0.53395545,0.46586975,1.3085976e-05,2,11107,75093114
0.0003877232,0.8431793,0.1561207,0.00031234548,2,11107,1843457717
0.6480152,0.34908274,0.0026660205,0.0002360375,1,11169,1482850375
0.087097324,0.9070804,0.0057951855,2.7068421e-05,1,11169,1782545135
0.7152811,0.27786654,0.0054043736,0.001447922,1,11169,705260993
0.6287701,0.3649002,0.0049429177,0.0013867514,1,11169,1617219261
0.00930169,0.9359861,0.05466845,4.372556e-05,1,11272,800619116
0.0012392633,0.87208414,0.12665337,2.3209588e-05,1,11272,915970291
0.043903098,0.8469381,0.10833593,0.0008229879,1,11272,1842113265
0.005502979,0.857207,0.13710013,0.00018984443,1,11272,773193090
0.0037890186,0.82675374,0.16938414,7.310562e-05,1,11272,1076104858
0.00062402146,0.5750557,0.4242425,7.7779354e-05,1,11272,1875195919
2.3723574e-05,0.021948623,0.9754013,0.002626395,2,11294,812228127
2.6424354e-06,0.005074002,0.99438214,0.00054124976,2,11294,895146777
8.478593e-06,0.02741707,0.97186196,0.0007125482,2,11294,1824102234
0.00014587998,0.09775598,0.90144295,0.0006551132,2,11294,1349602681
8.4517205e-07,0.04297665,0.9570199,2.6044331e-06,2,11294,1409066065
2.186652e-05,0.16785474,0.8320998,2.3630068e-05,2,11294,1747838179
8.164899e-06,3.7642556e-05,0.043105252,0.956849,3,11330,1859340051
0.00030615903,0.0007827097,0.05954288,0.93936825,3,11330,2113821527
0.0006564408,0.002778802,0.21317147,0.78339326,3,11330,1929037711
0.00012583181,0.00068493676,0.18096909,0.8182202,3,11330,2109530754
2.1717944e-05,0.0046169893,0.9916046,0.0037567206,2,11357,2041036912
4.742597e-05,0.004908546,0.9422494,0.052794665,2,11357,2120226240
1.2822454e-06,0.0013029231,0.99537355,0.0033222858,2,11357,1339170303
8.6707405e-06,0.0015688143,0.9361062,0.06231626,2,11357,1802781738
0.00025807458,0.46891066,0.53058004,0.00025123227,2,11358,100531881
0.00016189381,0.528676,0.47003987,0.0011222686,2,11358,480059535
0.00035860913,0.48243997,0.516914,0.000287388,2,11358,1191615895
0.0034273982,0.89830256,0.09782793,0.00044219499,2,11358,1259210781
9.319647e-06,0.014498116,0.98401535,0.0014772897,2,11403,465285673
2.0055031e-05,0.0021700787,0.84909165,0.14871818,2,11403,1080572775
2.3657334e-05,0.008395405,0.9849406,0.006640403,2,11403,756751679
1.3479924e-05,0.0017065634,0.9121431,0.08613686,2,11403,971287547
0.46181193,0.50968504,0.02507723,0.0034257844,1,11421,578429039
0.42086443,0.57408255,0.0047922884,0.00026069014,1,11421,864460834
0.91849554,0.08141404,6.975128e-05,2.0691145e-05,1,11421,2065682925
0.59359956,0.40170044,0.0041359165,0.00056403916,1,11421,220684820
0.26322448,0.6871886,0.047892883,0.0016940278,1,11421,766028876
0.035812292,0.8426651,0.12065796,0.00086456427,1,11421,1030542061
5.6789366e-05,0.00030292818,0.37996617,0.619674,2,11446,1407646878
3.759898e-05,9.2748545e-05,0.11451991,0.8853497,2,11446,1680862182
9.193157e-07,0.00011350162,0.92773217,0.07215349,2,11446,252493965
2.8559645e-05,0.00034867856,0.526923,0.47269976,2,11446,1344266027
0.9831028,0.016871767,1.7121798e-05,8.310856e-06,0,11503,223391501
0.9828873,0.017085405,7.709235e-06,1.9568037e-05,0,11503,320906700
0.94869524,0.05110309,0.00016397439,3.7639657e-05,0,11503,390085683
0.89537823,0.1042518,0.0003088576,6.102397e-05,0,11503,1562697609
0.8200237,0.17978159,0.00016932581,2.5419286e-05,0,11503,332534551
0.97658783,0.023362754,3.0046827e-05,1.9411644e-05,0,11503,1970327379
8.729735e-05,0.45504877,0.5448444,1.9566158e-05,2,11514,365435745
0.0003789809,0.39917508,0.60022765,0.00021827093,2,11514,642804651
0.0007768346,0.55538815,0.44370914,0.00012590602,2,11514,2098499524
0.00022138542,0.4975099,0.5020171,0.00025165855,2,11514,63471846
0.00012803724,0.41079602,0.5890177,5.826319e-05,2,11514,2050760270
0.018467544,0.9251858,0.05625577,9.087744e-05,1,11559,142956131
0.25295952,0.7062819,0.04000283,0.0007557743,1,11559,2079752072
0.065269805,0.87800515,0.056560803,0.00016418977,1,11559,1034781820
0.060235374,0.8699013,0.069582745,0.00028055755,1,11559,1447556282
0.6693916,0.32334968,0.0061312374,0.0011274565,0,11596,1204482923
0.41256025,0.5792148,0.008127944,9.696377e-05,0,11596,1899756297
0.6767623,0.31444356,0.006349289,0.002444795,0,11596,455204256
0.85777974,0.14163284,0.00046371037,0.00012373638,0,11596,858160878
0.0003613256,0.0006048821,0.022940416,0.97609335,2,11631,877773253
3.2375574e-05,0.00012889471,0.10145748,0.8983812,2,11631,1073049948
0.00060950516,0.002436288,0.13056318,0.866391,2,11631,1156867790
2.445574e-05,6.461469e-05,0.13769577,0.8622151,2,11631,1721151785
6.918177e-05,0.00039155214,0.040559247,0.95898,3,11664,801982551
2.3052196e-05,9.526092e-05,0.02353276,0.976349,3,11664,2033849614
2.6900929e-05,0.00019181521,0.01551203,0.98426926,3,11664,354816390
4.955366e-06,2.2474398e-05,0.0071614534,0.99281114,3,11664,1178808620
0.00015505403,0.28677604,0.7130123,5.6637415e-05,2,11728,459878698
0.00050252845,0.41688013,0.5820697,0.00054772635,2,11728,1769822637
5.5719847e-05,0.18209217,0.8178323,1.9748666e-05,2,11728,1079334910
0.00035292385,0.13225096,0.86582047,0.0015756622,2,11728,1915803121
0.92800075,0.0718855,8.4580395e-05,2.9133744e-05,1,11755,792525089
0.8774814,0.12220515,0.00024285798,7.054426e-05,1,11755,2039406817
0.20422588,0.78939176,0.0063088434,7.347589e-05,1,11755,1062355012
0.74386835,0.25512728,0.00087103224,0.00013331579,1,11755,1952816084
0.6148113,0.38206226,0.0028353098,0.00029105844,1,11794,307771716
0.8883364,0.109692805,0.00090598123,0.0010648427,1,11794,1691462054
0.08574889,0.88433146,0.029852591,6.704401e-05,1,11794,626059719
0.2812216,0.70097685,0.017674888,0.0001266635,1,11794,1614276869
0.028445976,0.9562688,0.0152393775,4.5782876e-05,1,11794,1939031267
0.9689993,0.030910412,4.0529143e-05,4.9721082e-05,1,12064,1050262497
0.9666409,0.033135775,7.9250254e-05,0.00014409554,1,12064,1464744279
0.8687279,0.13096453,0.0001914327,0.00011606142,1,12064,1033150434
0.97285247,0.027106216,2.3730032e-05,1.7541737e-05,1,12064,1749823230
1.1485139e-05,0.021754842,0.9777053,0.0005283232,2,12065,1477394579
1.5727863e-05,0.03627666,0.96311784,0.0005897533,2,12065,1842578230
5.523402e-08,0.00084872637,0.99911183,3.938484e-05,2,12065,391500809
7.330832e-06,0.004597333,0.9873652,0.008030261,2,12065,1469752184
0.24194314,0.74916816,0.0085071465,0.00038151734,1,12091,845644976
0.25554618,0.73361593,0.010563313,0.0002745104,1,12091,1075061563
0.032530427,0.9256309,0.04162855,0.00021010789,1,12091,1670567147
0.26368055,0.7331638,0.0030853734,7.0306625e-05,1,12091,193239486
0.024485389,0.9663342,0.00915998,2.03881e-05,1,12091,909894915
0.21219888,0.78292793,0.0047935937,7.947393e-05,1,12091,1003865662
0.9240848,0.07247123,0.0014259119,0.0020181083,0,12111,235205659
0.8827943,0.11685777,0.00019808712,0.00014990378,0,12111,992291508
0.9168599,0.082498826,0.00036139085,0.00027996654,0,12111,1908054619
0.9648416,0.03505177,4.280054e-05,6.3852094e-05,0,12111,1958666116
0.91512585,0.0838248,0.000585207,0.0004642205,0,12111,4419843
0.9617954,0.03743021,0.00020534878,0.0005690289,0,12111,1166852260
0.6304596,0.36861145,0.0007144789,0.00021437064,0,12111,2071944688
0.8891376,0.11013377,0.0004216473,0.00030698,0,12111,2103956468
0.00065845274,0.008644376,0.3110476,0.67964953,3,12149,1006821991
4.9883787e-05,0.00042559174,0.12137419,0.8781503,3,12149,1787834927
0.00023291312,0.0004930066,0.073697075,0.925577,3,12149,1165372797
0.00090928667,0.004074235,0.14179276,0.85322374,3,12149,1792784474
0.0006211884,0.0014362532,0.1100939,0.8878487,3,12149,2134134659
0.13095662,0.8394824,0.029142464,0.00041853043,1,12166,1485562110
0.0031566382,0.8363833,0.16034628,0.00011379063,1,12166,1724299402
0.3344447,0.64532125,0.019075701,0.0011582724,1,12166,907296039
0.047799014,0.91227216,0.039773893,0.00015493279,1,12166,1157376930
0.77492326,0.22434369,0.00053899275,0.00019406836,0,12167,418708021
0.91868395,0.0812035,8.162112e-05,3.0923973e-05,0,12167,612410595
0.75124866,0.2474226,0.00092610146,0.00040258118,0,12167,938621742
0.7441969,0.2555365,0.00021805719,4.8624057e-05,0,12167,1491261943
0.63755524,0.3622421,0.00017350522,2.9140172e-05,0,12167,1962254134
0.0009037005,0.73795915,0.26108283,5.435176e-05,1,12250,10719291
0.0007388651,0.88643485,0.11282036,5.9352037e-06,1,12250,534785176
0.0813484,0.87755114,0.04037456,0.0007259467,1,12250,1513047386
0.004408588,0.90939236,0.08618444,1.46650245e-05,1,12250,1901256691
0.26224932,0.7177702,0.019122466,0.00085797725,0,12305,1995339680
0.80343527,0.1945245,0.0009878195,0.0010524445,0,12305,2026358482
0.83153504,0.16670132,0.0008779783,0.0008856825,0,12305,746439348
0.50649744,0.48682797,0.005677904,0.0009967178,0,12305,1147731478
0.07340128,0.6521007,0.22793747,0.04656057,1,1234,43382331
0.002866445,0.54784256,0.4475864,0.0017046472,1,1234,708512491
0.0018775782,0.7673252,0.23063579,0.00016131652,1,1234,787188483
0.5296523,0.42254463,0.030417548,0.017385509,1,1234,2071252218
0.23464014,0.74713266,0.0178024,0.0004248208,1,12393,335847400
0.48642695,0.51095366,0.0024621682,0.00015725801,1,12393,1461202655
0.41048533,0.5819097,0.0074171517,0.0001878207,1,12393,1643562919
0.12677003,0.841042,0.031791672,0.0003962998,1,12393,118544819
0.5366026,0.45474252,0.008145573,0.0005093076,1,12393,810451955
0.072541155,0.8492902,0.077938065,0.00023066951,1,12393,873736292
0.68342483,0.31461608,0.0017036597,0.00025544406,1,12480,299982441
0.44151387,0.5539396,0.004416071,0.00013046022,1,12480,1037476776
0.67402846,0.32277223,0.002349559,0.00084973057,1,12480,1293679574
0.7309959,0.26717684,0.0017205373,0.00010667631,1,12480,91326312
0.22854257,0.7532706,0.01801991,0.00016681496,1,12480,513379364
0.2749579,0.7052179,0.019658454,0.00016574447,1,12480,2023955360
0.25552285,0.7414549,0.0029029588,0.00011933317,1,12501,306501826
0.11278753,0.8666664,0.020355893,0.00019023404,1,12501,865056445
0.03782666,0.8830231,0.078716345,0.00043392758,1,12501,63750504
0.04980483,0.9249734,0.025019279,0.00020249799,1,12501,785986826
0.64158946,0.35447875,0.0035186086,0.00041320574,1,12550,553713668
0.023062732,0.9468099,0.030089676,3.7729e-05,1,12550,1838086301
0.3452422,0.64874893,0.005588489,0.000420442,1,12550,882602822
0.5994385,0.39084348,0.0071844277,0.0025335667,1,12550,1789625167
0.57340324,0.42497307,0.0013811453,0.00024255848,1,12608,208024474
0.69484395,0.30220744,0.002141878,0.0008067356,1,12608,477106886
0.2506451,0.74322975,0.005822471,0.00030269998,1,12608,1519686055
0.5281056,0.46058875,0.010405331,0.0009002556,1,12608,285313482
0.1520062,0.82961637,0.017858053,0.0005194283,1,12608,677186927
0.7108114,0.28743702,0.0016420264,0.000109577675,1,12608,1366158176
0.020707026,0.94368917,0.035399128,0.00020466119,1,12735,1011374421
0.0030482158,0.8143147,0.18250453,0.00013250623,1,12735,1152713088
0.018809639,0.8987711,0.08209249,0.0003267401,1,12735,374223336
0.063558154,0.93053097,0.005548418,0.00036250858,1,12735,1171672801
8.635456e-06,0.006117408,0.9923613,0.0015126141,1,129,460565604
0.0004373479,0.0145005165,0.90041304,0.08464904,1,129,593561341
5.013402e-06,0.013651938,0.9861879,0.00015513167,1,129,636847368
8.766205e-07,0.01701735,0.98293036,5.1465944e-05,1,129,1290552022
0.00013127233,0.001370293,0.41429967,0.5841988,2,12943,164195334
0.00024761548,0.007067277,0.8047404,0.18794467,2,12943,1532841026
6.115269e-05,0.018915938,0.97285074,0.008172186,2,12943,1660434599
2.2265234e-05,0.0071317405,0.9778791,0.014966915,2,12943,823801773
0.0037027828,0.2483637,0.7353246,0.012608974,2,12943,1950538456
1.568377e-05,0.024296986,0.973932,0.0017552816,2,12965,530152346
1.2704741e-05,0.061567325,0.93812335,0.0002965427,2,12965,1386978412
0.0013114725,0.535845,0.4625875,0.00025604796,2,12965,940555165
2.715878e-06,0.5851504,0.41484278,4.0675786e-06,2,12965,962879394
0.21292257,0.71293825,0.06942437,0.0047148494,1,13009,1005559617
0.22312643,0.6209369,0.1490066,0.0069301203,1,13009,1814014828
0.04936106,0.83966976,0.110459566,0.0005096928,1,13009,256282867
0.07042488,0.82481086,0.10397232,0.0007918799,1,13009,573935520
0.45853838,0.53728557,0.0038642613,0.00031179856,0,13016,1272777722
0.93085045,0.067981154,0.0006892071,0.00047920208,0,13016,2121983429
0.3966008,0.59219044,0.011088507,0.00012019672,0,13016,902887092
0.13015816,0.86715394,0.0026794465,8.446185e-06,0,13016,1046149748
0.8444181,0.1535399,0.0013473321,0.0006946785,1,13080,867972758
0.9562807,0.043261535,0.0002629334,0.00019488635,1,13080,1234645275
0.9254364,0.07361961,0.00053505035,0.00040890658,1,13080,203562424
0.95953995,0.039686304,0.00026889922,0.00050486333,1,13080,1584830464
0.007107841,0.6987002,0.2939739,0.0002180345,1,13081,141913252
0.010328894,0.865168,0.123781964,0.0007212122,1,13081,1705277057
0.00030958847,0.78342634,0.21625866,5.41903e-06,1,13081,196339795
0.0017316093,0.8581949,0.14005224,2.129471e-05,1,13081,1838430826
0.0034509865,0.010063783,0.26632017,0.7201651,2,13128,77527444
5.224035e-06,0.0034605497,0.98923945,0.0072948723,2,13128,1281880653
0.0029355907,0.023151377,0.5410184,0.4328946,2,13128,580430558
0.0003878591,0.022672273,0.91647124,0.06046861,2,13128,1053152425
0.93023574,0.06969072,4.849972e-05,2.5086665e-05,0,13162,322539523
0.8840497,0.11570026,0.0001462924,0.000103756036,0,13162,1520295331
0.9179678,0.081671484,0.00018899133,0.00017177049,0,13162,2030850520
0.9535902,0.046004716,0.00019523452,0.00020995724,0,13162,2146326410
0.9335101,0.066357166,8.338813e-05,4.9386756e-05,0,13162,104693931
0.9738782,0.026081476,1.7341355e-05,2.3058246e-05,0,13162,785945334
0.97780013,0.02205784,5.244024e-05,8.951216e-05,0,13162,1389037743
0.004552807,0.57161665,0.42355978,0.0002707827,1,1322,1056265302
0.001562462,0.892573,0.105830155,3.432555e-05,1,1322,1444164845
0.000313114,0.24614893,0.75284916,0.0006888371,1,1322,1008790576
3.3181997e-05,0.22156747,0.7781372,0.0002620844,1,1322,1474527718
0.0015601449,0.83206224,0.16632757,4.9990023e-05,1,13247,795534080
0.057503846,0.8130693,0.12557244,0.0038544673,1,13247,1667805972
0.03061889,0.86693347,0.101846434,0.0006011252,1,13247,1919542840
0.001162343,0.65312153,0.34516817,0.0005479495,1,13247,1161274778
0.01072719,0.7691064,0.21957162,0.0005948631,1,13247,1784766914
0.00076540036,0.71177787,0.28737506,8.174429e-05,1,13247,1785591182
0.059676286,0.53959394,0.36401257,0.036717217,1,13247,2057018586
4.6356494e-05,0.0012684648,0.7820874,0.21659784,2,13267,69917988
1.16007595e-05,0.00084819726,0.504366,0.49477425,2,13267,1303801780
0.00056122785,0.0036298109,0.2478155,0.7479934,2,13267,1222788247
0.00020197024,0.004930966,0.47750878,0.51735824,2,13267,1789731455
4.3143307e-05,0.0009657875,0.42143852,0.5775526,2,13267,2024785721
0.0014221682,0.60395026,0.39448002,0.00014752347,1,13293,1194998320
0.00010087975,0.26050022,0.7392101,0.00018877182,1,13293,1482218157
0.00047932906,0.45084316,0.54861826,5.921475e-05,1,13293,1562571552
7.452242e-05,0.17339773,0.82648027,4.7531157e-05,1,13293,196944914
5.119189e-05,0.14669763,0.85311085,0.00014033931,1,13293,301233937
0.00020023217,0.21467417,0.78453636,0.0005892491,1,13293,2118363087
0.98996955,0.009987382,6.800927e-06,3.617052e-05,0,13302,188584446
0.9792554,0.020644875,1.7812963e-05,8.190462e-05,0,13302,1045302635
0.9865752,0.013323625,1.5015945e-05,8.611637e-05,0,13302,2145423651
0.88588667,0.11345768,0.00042341067,0.00023225627,0,13302,1390328797
0.91765255,0.081918515,0.0001897301,0.00023919236,0,13302,2002953124
0.047351263,0.9404872,0.012136199,2.5358315e-05,1,13312,340896505
0.00019352946,0.58423376,0.41553193,4.079433e-05,1,13312,358808391
0.41253087,0.58131933,0.0059562414,0.00019345015,1,13312,1008199745
0.13770793,0.8529826,0.009232466,7.700412e-05,1,13312,1953250523
0.00878861,0.7733726,0.21718809,0.0006507362,2,1349,788034359
0.0004673623,0.52329165,0.47595632,0.00028469233,2,1349,1622723373
5.4078424e-05,0.2363727,0.7634161,0.00015712935,2,1349,1650528096
7.824638e-06,0.39254543,0.6074435,3.2304843e-06,2,1349,140724108
5.7492183e-05,0.20934641,0.7905177,7.836002e-05,2,1349,1177432508
0.5689632,0.43047032,0.00051577995,5.076593e-05,1,13508,726620095
0.8704442,0.12915197,0.00032869724,7.50926e-05,1,13508,845243682
0.5670218,0.43211815,0.00079536065,6.468913e-05,1,13508,464678102
0.47415045,0.5199124,0.0052034645,0.0007336294,1,13508,1092497391
0.0154612325,0.92167443,0.06282301,4.1267343e-05,1,13511,42353101
0.08698264,0.8621607,0.04950147,0.0013552099,1,13511,150077557
0.011357198,0.7846671,0.2037558,0.00021990608,1,13511,696017063
0.15940914,0.733692,0.102637485,0.004261378,1,13511,1222743534
0.00034969844,0.00076154416,0.05533213,0.9435567,2,13524,999272331
0.0001430401,0.00032895032,0.043743063,0.9557849,2,13524,1367132807
0.0001626,0.00081988535,0.057695106,0.94132245,2,13524,892610097
0.00025653723,0.0014551951,0.09816636,0.9001218,2,13524,1647761003
0.00049160095,0.002107379,0.077181354,0.9202196,2,13524,2071067473
6.7798214e-06,0.03357721,0.96627444,0.00014154983,2,13539,286846505
0.00010110223,0.03356848,0.9557564,0.010574054,2,13539,509574470
2.4144992e-05,0.01890926,0.9793301,0.0017363791,2,13539,1456516855
7.933985e-06,0.08373846,0.9162289,2.462368e-05,2,13539,652910211
1.6067421e-06,0.019872488,0.979502,0.0006239107,2,13539,953038641
3.1742104e-05,0.15626886,0.84356165,0.00013769824,2,13539,1608356095
8.319217e-05,0.050094828,0.9387561,0.011065955,2,13578,469263808
6.0982395e-05,0.23792264,0.76188684,0.00012959636,2,13578,1847322644
5.651665e-05,0.181584,0.81815493,0.00020454836,2,13578,1992687456
1.3270651e-05,0.07281736,0.9266048,0.00056452706,2,13578,230648064
3.5386e-06,0.039050482,0.9608081,0.00013789898,2,13578,307960873
0.0008990791,0.4840933,0.51494443,6.314919e-05,1,1360,155546057
0.00016411787,0.6358618,0.36393017,4.3874563e-05,1,1360,1217480062
0.00046674773,0.45869508,0.54078543,5.2724743e-05,1,1360,1826482669
1.5637332e-05,0.09531725,0.9041858,0.00048134945,1,1360,22962485
1.7477106e-06,0.09540222,0.9045871,8.947062e-06,1,1360,126305614
5.847448e-05,0.27051008,0.7293915,3.9871647e-05,1,1360,1799497271
6.2932e-05,0.31246468,0.6874095,6.292365e-05,2,13623,45991475
1.2974675e-05,0.5659048,0.43406478,1.7500039e-05,2,13623,1288373946
4.952206e-06,0.23014015,0.7698499,4.9815408e-06,2,13623,1502862823
0.0023293768,0.41825998,0.57781047,0.0016001757,2,13623,2133628885
0.8912951,0.10851392,0.00010032879,9.075888e-05,0,13635,1237813932
0.8443463,0.15432237,0.0010907537,0.0002405878,0,13635,1456852975
0.9281252,0.071843326,2.1790565e-05,9.728685e-06,0,13635,2058935694
0.25443852,0.7370572,0.00823348,0.000270778,0,13635,661594494
0.61420995,0.38175973,0.0037510218,0.00027932267,0,13635,1618424977
0.5014681,0.4928158,0.005175418,0.0005406515,0,13635,1960264281
0.12536795,0.75922996,0.11323659,0.002165477,1,13653,88912957
0.0020984034,0.8117263,0.18608484,9.052179e-05,1,13653,668548691
0.03885731,0.80980897,0.15011658,0.0012171213,1,13653,1708578388
0.000804184,0.7675317,0.23122309,0.00044105592,1,13653,2023790095
0.8680763,0.13026486,0.0009850077,0.0006737559,0,13858,1617913892
0.6209351,0.3771846,0.0015237666,0.00035657483,0,13858,2063625645
0.5937308,0.4050439,0.0011067123,0.00011861626,0,13858,262670104
0.62344426,0.37273917,0.003399063,0.00041760033,0,13858,1070002162
0.5902225,0.40819874,0.0013647586,0.00021404315,0,13868,406720029
0.7239385,0.27521595,0.00067349675,0.00017201024,0,13868,1004286980
0.9183407,0.080895334,0.00046907988,0.00029480792,0,13868,1631171838
0.6393651,0.3589925,0.0014680852,0.00017432614,0,13868,2073081392
0.84902364,0.15066455,0.00022206908,8.979054e-05,0,13868,46209567
0.74084336,0.2585765,0.0005074346,7.267261e-05,0,13868,1213780187
0.8200119,0.1795296,0.00036074742,9.780078e-05,0,13868,1856911958
2.6158677e-05,0.00013407113,0.0632195,0.93662024,3,13909,1426466271
0.0007778258,0.0030637837,0.13299483,0.8631636,3,13909,1939963533
4.3121858e-05,0.00024052725,0.03581415,0.96390224,3,13909,1054329984
2.2931526e-05,0.000181731,0.09454939,0.9052459,3,13909,1804435654
0.015173151,0.80522686,0.17902729,0.0005726352,0,13918,63731680
0.0055593406,0.8812759,0.1129789,0.0001858001,0,13918,1178907559
0.0026023304,0.80332756,0.1939148,0.00015532417,0,13918,232178927
0.01685842,0.8789554,0.104091674,9.4519084e-05,0,13918,755876684
0.029125342,0.9532717,0.017590163,1.2791919e-05,1,14048,379054974
0.03977347,0.93785393,0.022308862,6.375511e-05,1,14048,553411156
0.61743945,0.37281474,0.0067809736,0.0029648668,1,14048,1077338558
0.061215766,0.91616344,0.022497445,0.00012332418,1,14048,1379638734
0.0002894411,0.91518474,0.08451911,6.7645688e-06,1,14123,1236782782
0.0056988737,0.78697884,0.20697947,0.00034281466,1,14123,2009772454
0.004360922,0.9145298,0.08101138,9.7868935e-05,1,14123,634025923
0.010209904,0.86183095,0.12677176,0.0011874198,1,14123,1641748045
0.020803459,0.8784384,0.10039676,0.00036135383,1,14123,1702128001
0.5015264,0.49797103,0.00045823047,4.4338292e-05,0,14166,831488326
0.1633063,0.83189964,0.0045808707,0.00021321907,0,14166,1206206935
0.64774317,0.35129878,0.0007897812,0.00016834748,0,14166,570368246
0.4611992,0.5382052,0.0005651619,3.0386533e-05,0,14166,1100076228
0.00013142561,0.36457297,0.6351499,0.00014571095,2,14316,766403430
4.8895477e-06,0.2745782,0.72540176,1.5086887e-05,2,14316,1927362097
2.1472719e-05,0.14951617,0.85038024,8.215101e-05,2,14316,1161537649
0.0005204158,0.31432295,0.6809484,0.004208228,2,14316,2081383435
0.015211806,0.8347577,0.1482769,0.0017535408,1,14454,397741535
0.68787026,0.31164286,0.00046475427,2.2076649e-05,1,14454,1585204195
0.32262936,0.67364407,0.0034447245,0.00028184915,1,14454,900990707
0.36723304,0.6253773,0.006797809,0.00059187086,1,14454,1185853651
5.3783824e-05,0.029931698,0.9667463,0.0032682715,2,14491,1449551658
0.0005720014,0.022076774,0.8412437,0.13610755,2,14491,1531025418
0.0001339509,0.043375105,0.94822425,0.008266734,2,14491,219164448
5.836678e-05,0.01981667,0.96932226,0.0108026555,2,14491,1641803982
0.3825931,0.6160618,0.001306813,3.830464e-05,1,14519,671108432
0.50446475,0.49216372,0.0032758424,9.5690964e-05,1,14519,2080907900
0.05556799,0.8519534,0.09172528,0.00075337675,1,14519,1411524954
0.29414174,0.69991916,0.005860007,7.911556e-05,1,14519,1511326749
0.00011970494,0.18544155,0.8143636,7.515186e-05,2,14627,136950268
0.00044262325,0.09699219,0.9016211,0.0009441039,2,14627,1524785659
0.0003786156,0.02019191,0.91864866,0.060780827,2,14627,1109961581
7.739214e-06,0.038872767,0.96110237,1.7124556e-05,2,14627,1249214094
0.0001950162,0.0061749797,0.9591773,0.034452684,2,1475,518278862
2.1464088e-05,0.001132977,0.9094576,0.08938797,2,1475,602438976
2.1574082e-05,0.0030469412,0.9791899,0.017741553,2,1475,86778676
1.1700414e-06,0.0008157467,0.99495703,0.0042261058,2,1475,1806186392
1.06977195e-05,0.3377608,0.6622149,1.3674791e-05,2,14756,139276086
0.00038515733,0.26432422,0.7344999,0.0007907122,2,14756,284492205
3.4707818e-06,0.1160354,0.883907,5.4162985e-05,2,14756,437701424
6.3227926e-05,0.09540866,0.9034787,0.0010494792,2,14756,1546281137
0.0001407167,0.1441652,0.8541382,0.0015558944,2,14756,1620565359
0.002528991,0.29488048,0.7001974,0.0023931568,2,14835,714080360
0.004164725,0.268027,0.72311944,0.004688844,2,14835,819430609
0.0005093184,0.19633012,0.8023527,0.0008078613,2,14835,1901147927
0.0007437841,0.14793922,0.8500826,0.0012344411,2,14835,776141017
0.0012544779,0.3255863,0.67303514,0.00012406002,2,14835,860682771
0.00073442893,0.54844415,0.45058897,0.00023243621,2,14835,2029422648
2.0463582e-05,0.36313668,0.6368132,2.9577275e-05,2,14887,615525269
4.284659e-05,0.16110754,0.83870363,0.00014598416,2,14887,2128001591
7.066446e-06,0.036686577,0.9628417,0.0004645852,2,14887,1367892077
4.2136664e-05,0.44407076,0.5557269,0.00016029668,2,14887,1715537229
1.4367409e-05,0.39195153,0.6080137,2.0463327e-05,2,14949,1190686386
1.5270758e-05,0.14857782,0.85139513,1.1851066e-05,2,14949,1681159042
4.842248e-05,0.1463979,0.8534236,0.00013007942,2,14949,629244346
9.046618e-05,0.19978872,0.7998192,0.00030165358,2,14949,1114135049
0.0009450655,0.38881665,0.60959566,0.0006426402,2,14978,81259255
1.5474467e-05,0.4651725,0.534807,4.9042656e-06,2,14978,1192785820
2.6645106e-05,0.22770305,0.772244,2.6348547e-05,2,14978,530056989
7.824325e-07,0.07885311,0.9211409,5.2208125e-06,2,14978,1468645610
7.280163e-05,0.09489976,0.9034735,0.0015539331,2,14978,1853143958
0.4996127,0.49466744,0.004680377,0.0010394794,1,1498,527092720
0.2742068,0.7033231,0.017696477,0.0047736997,1,1498,677983159
0.6515126,0.34760207,0.00075467664,0.00013067329,1,1498,586000336
0.60075176,0.39359507,0.004364747,0.0012884479,1,1498,600321327
5.6915607e-05,0.3461365,0.65368927,0.00011733707,1,14990,52757273
7.397475e-05,0.65156233,0.348341,2.2726264e-05,1,14990,772144878
8.787703e-05,0.4631775,0.5367284,6.3233692e-06,1,14990,138351851
0.00023811685,0.52841765,0.4712957,4.8525202e-05,1,14990,2013358797
1.9301679e-05,0.07395224,0.9252648,0.00076361647,2,15026,157991712
9.5306736e-05,0.23891838,0.7608066,0.00017972817,2,15026,745319358
0.00042882355,0.19284534,0.805428,0.0012978151,2,15026,618446165
1.0744379e-05,0.010540686,0.9816248,0.007823759,2,15026,710604054
0.00012309426,0.0013361534,0.3838076,0.61473316,2,15066,110218682
1.9977742e-05,0.008573254,0.96533173,0.026074992,2,15066,1708980845
0.0006428305,0.043597925,0.9075947,0.048164643,2,15066,26143320
0.00022898758,0.0052503506,0.57379556,0.42072505,2,15066,242966393
0.00020908551,0.01972344,0.65611297,0.32395452,2,15066,508546223
0.00011399715,0.04346006,0.9136617,0.042764112,2,15066,1054832095
5.0038594e-05,0.47071624,0.5292191,1.4646016e-05,1,15117,123079102
6.3189173e-06,0.19633001,0.80362314,4.053913e-05,1,15117,1434562406
1.4367619e-05,0.065456875,0.9344327,9.600548e-05,1,15117,1969807118
2.3913068e-05,0.051169813,0.9479041,0.000902197,1,15117,31100464
0.0010736659,0.29524046,0.70266336,0.0010224817,1,15117,1448969820
0.00016591679,0.08742201,0.9105791,0.0018330521,1,15117,1630151354
3.4534456e-05,0.0026547753,0.97914886,0.018161815,2,1519,311477967
0.00059293077,0.0034516861,0.57725483,0.41870064,2,1519,1995842403
0.00071436603,0.054533634,0.9414263,0.0033257909,2,1519,67670593
2.2507671e-05,0.054077573,0.94558084,0.00031904466,2,1519,586064999
0.027794745,0.85994554,0.112010874,0.0002487604,1,15192,664614509
0.009891087,0.7613315,0.22801839,0.0007590456,1,15192,1160336369
0.0021824217,0.96385384,0.033929676,3.405143e-05,1,15192,89566940
0.0050812685,0.7939021,0.20039278,0.00062381604,1,15192,1301288925
0.86889917,0.13086046,0.00018072697,5.9673697e-05,0,15228,251590053
0.96680105,0.033138856,3.1329775e-05,2.8679657e-05,0,15228,1674941712
0.9632214,0.03671317,3.6870824e-05,2.8600973e-05,0,15228,1256554595
0.97574735,0.024108015,5.0274608e-05,9.44047e-05,0,15228,1604157615
0.9121955,0.08769863,7.6002434e-05,2.9930863e-05,0,15228,2129231764
4.5934783e-05,0.14578575,0.8535461,0.00062228396,2,15259,188126001
2.8812026e-05,0.21599968,0.7835179,0.00045365322,2,15259,239517752
9.745023e-06,0.16476247,0.83519,3.7856862e-05,2,15259,910952066
1.5288013e-05,0.20044535,0.7992461,0.0002933351,2,15259,1233060909
6.6519915e-06,0.028153805,0.9700219,0.0018175617,2,15281,1217109395
0.0015043115,0.028431863,0.71829003,0.25177383,2,15281,1701106163
0.0032988703,0.20565258,0.6840857,0.106962815,2,15281,376290448
0.006654161,0.083695546,0.4429636,0.46668673,2,15281,968576820
0.027621578,0.10121897,0.4630005,0.40815893,2,15281,1691130627
9.3572845e-07,0.018322172,0.98166627,1.0705914e-05,2,15472,381796840
0.00040218755,0.210876,0.7867833,0.001938457,2,15472,674255496
2.1727342e-06,0.05679271,0.9432012,3.9619613e-06,2,15472,1720527315
1.9540686e-05,0.2526244,0.74734724,8.8678125e-06,2,15472,938064816
0.0017303579,0.48239478,0.51476395,0.001110905,2,15472,1221657198
0.97403616,0.025854085,3.216493e-05,7.758853e-05,0,15673,252015763
0.93234944,0.066997245,0.00029443527,0.00035886373,0,15673,260952996
0.93492603,0.06332,0.0007892656,0.00096463173,0,15673,1131384894
0.8025281,0.19566429,0.0013959724,0.00041159912,0,15673,1948209471
9.900951e-05,0.022826724,0.9739562,0.0031180228,2,15674,976891524
4.354588e-05,0.04449729,0.9550179,0.00044127626,2,15674,1517470249
5.759134e-05,0.057856046,0.94082963,0.0012567816,2,15674,667255843
0.00018311932,0.10342844,0.8957677,0.0006207295,2,15674,673930318
0.92151904,0.07718768,0.0006237375,0.00066958833,1,15756,281984829
0.95677084,0.042741008,0.00025224194,0.0002358949,1,15756,919855065
0.9252283,0.074380875,0.0002467496,0.00014410743,1,15756,1605137309
0.736635,0.26206988,0.0010922475,0.00020288656,1,15756,1833135619
0.9481406,0.051723182,6.127333e-05,7.492238e-05,1,15756,31297658
0.9439977,0.055724133,0.00013379038,0.00014438032,1,15756,1062095857
0.9244504,0.075133376,0.00029623316,0.000119991535,1,15756,1211636441
0.74658483,0.25134557,0.0018188404,0.00025073247,1,15756,1787403822
0.7732527,0.22588275,0.00068550237,0.0001790389,1,15756,2013942329
5.789738e-06,0.0003593477,0.8636396,0.1359953,2,15911,484480
2.6943993e-05,0.0005784961,0.41443336,0.5849612,2,15911,1182594405
0.00038153687,0.0025017376,0.48131973,0.51579696,2,15911,1713112320
5.7100046e-06,0.00040899005,0.48784497,0.5117403,2,15911,1017412
5.856531e-06,8.84479e-05,0.423267,0.5766387,2,15911,1237033188
4.133565e-05,0.00020570253,0.122472875,0.87728006,2,15911,1981553982
1.3388529e-05,0.06508979,0.93483716,5.9688005e-05,2,15941,174415167
3.200758e-06,0.025116501,0.9746841,0.0001961352,2,15941,1499824279
0.00030166248,0.46252415,0.5369749,0.00019925993,2,15941,835160304
0.00011824591,0.014879658,0.9760394,0.008962642,2,15941,871328251
5.0722723e-05,0.078163326,0.9204561,0.0013299078,2,15943,223835972
2.7568518e-05,0.05871488,0.9409727,0.0002847709,2,15943,1976792080
2.1082651e-05,0.005724031,0.97849953,0.015755273,2,15943,1366546385
2.2261013e-06,0.018223,0.9811933,0.00058149383,2,15943,2008681298
0.0006376034,0.6282687,0.36986303,0.0012307104,1,15951,390162528
0.63483536,0.29726708,0.029472161,0.03842545,1,15951,448381406
0.0034203618,0.32792407,0.61158985,0.057065688,1,15951,1368910304
0.013125431,0.9567514,0.029887442,0.00023577698,1,15951,834918356
0.007602437,0.8857907,0.106498525,0.0001083371,1,15951,1860111492
0.000119028875,0.12175857,0.87760884,0.0005136088,1,15971,97660380
6.916816e-05,0.22346638,0.77633154,0.00013294093,1,15971,641814457
0.0008392254,0.4178158,0.58121777,0.00012719574,1,15971,1802552036
0.0027477872,0.18308699,0.80263484,0.0115303835,1,15971,1355185060
0.00878585,0.5286253,0.45780155,0.0047873436,1,15971,1378233912
0.0011712699,0.21159467,0.78653014,0.00070392736,1,15971,1510777733
0.0005661101,0.39380774,0.60467255,0.0009536291,2,15979,516547413
0.00015052517,0.22648591,0.77259266,0.0007709171,2,15979,1928593284
0.0005652924,0.41550618,0.583481,0.00044752465,2,15979,471643474
0.0021247007,0.42041975,0.56276023,0.014695359,2,15979,1369426452
0.9757662,0.024032008,0.00010158502,0.000100248064,0,16056,343839081
0.93784225,0.06190814,0.0002099468,3.9616854e-05,0,16056,415933816
0.9439892,0.055440173,0.0003618942,0.00020871892,0,16056,1944759055
0.90776587,0.088345,0.0026162397,0.0012729048,0,16056,1511920057
0.93215424,0.067277335,0.0003141919,0.00025430275,0,16056,1581775619
0.5477564,0.445067,0.006155387,0.001021277,0,16195,201111881
0.17463423,0.8173192,0.007997318,4.9247446e-05,0,16195,638792196
0.38444635,0.6108499,0.0043144566,0.00038922983,0,16195,1731903979
0.691892,0.30536973,0.002135465,0.00060276885,0,16195,85346148
0.73563135,0.2632637,0.00091452495,0.00019041378,0,16195,638158199
0.85668343,0.13872299,0.0019777005,0.0026158479,0,16195,1063426888
0.4097389,0.5814361,0.008406047,0.00041894367,0,16195,1395014144
3.307847e-06,5.8073263e-05,0.6425686,0.35737002,3,16208,789454009
3.1270472e-05,0.00017593225,0.22213435,0.77765846,3,16208,804637886
1.0101158e-05,0.000115443414,0.6015756,0.3982988,3,16208,1596311133
0.00039831747,0.0011674194,0.19005932,0.80837494,3,16208,1808016508
0.4721733,0.51753795,0.009879354,0.000409358,1,16258,1455244273
0.00015355622,0.52921,0.47063434,2.0594036e-06,1,16258,2106091686
0.034357972,0.88894194,0.07648779,0.00021234421,1,16258,429749273
0.00051967433,0.33989045,0.6595417,4.8166294e-05,1,16258,1462283621
9.0484355e-06,0.045928434,0.9525448,0.0015176708,2,16282,344098407
1.8687728e-05,0.021206163,0.9764479,0.0023272475,2,16282,1362623735
4.925114e-06,0.019257316,0.9749083,0.005829526,2,16282,1544104109
2.071432e-05,0.024587361,0.969429,0.005962951,2,16282,1999570636
8.078285e-06,0.1415983,0.8582695,0.0001240634,2,16372,340837767
7.596402e-05,0.42257056,0.5772539,9.957837e-05,2,16372,575872419
0.0020020287,0.3982907,0.5968075,0.0028997776,2,16372,1172333923
5.894234e-05,0.06569477,0.93318206,0.0010641353,2,16372,926624312
9.059787e-06,0.02236851,0.9772719,0.00035049854,2,16372,940286717
0.00041636787,0.08785385,0.90496933,0.0067603868,2,16372,1247995608
1.9316405e-05,7.9265934e-05,0.12260617,0.87729526,3,16481,630217849
3.1441996e-05,8.873559e-05,0.07526671,0.9246131,3,16481,783229013
4.7372683e-05,0.00041137906,0.25669888,0.7428423,3,16481,1686476356
2.9945313e-05,9.1835616e-05,0.08569788,0.9141803,3,16481,1693915360
0.00015097864,0.00032511784,0.035620444,0.9639035,3,16481,1725263085
5.263177e-05,0.23413305,0.76572067,9.353753e-05,2,16526,875404832
0.00021526791,0.45736048,0.5414341,0.000990128,2,16526,1917144602
0.00065904926,0.4607765,0.538383,0.00018148396,2,16526,96373593
0.000734367,0.6795196,0.31971532,3.08103e-05,2,16526,428094049
0.004044188,0.24101426,0.72870266,0.026238957,1,16530,583924462
1.7045229e-06,0.029908722,0.96970415,0.00038538023,1,16530,1923194507
2.0653135e-05,0.29389235,0.706017,7.00176e-05,1,16530,85541670
0.00014332692,0.20790017,0.7916858,0.00027067197,1,16530,645692601
3.8565588e-05,0.037154406,0.95972776,0.0030792244,2,16613,11319137
7.371797e-08,0.003306597,0.996626,6.731023e-05,2,16613,279323360
6.2634845e-06,0.11403691,0.8859205,3.6339003e-05,2,16613,990583458
5.3132495e-05,0.045235835,0.9527954,0.0019156496,2,16613,97187007
3.4929053e-05,0.0021292672,0.6082836,0.38955218,2,16613,1145515711
1.0842555e-05,0.010630155,0.9804448,0.008914188,2,16613,1208705082
2.4312163e-05,0.014338612,0.9781148,0.007522251,2,16703,87510051
0.0001190996,0.1180258,0.88175213,0.000102973085,2,16703,612451325
2.216722e-05,0.06298484,0.9369044,8.872453e-05,2,16703,1930741343
3.511553e-05,0.08074876,0.91892517,0.0002909044,2,16703,304734585
0.0018158949,0.01967448,0.8425064,0.13600321,2,16703,959874006
0.00047967787,0.3224636,0.67339975,0.0036570125,1,1674,297769392
3.681025e-05,0.17494918,0.8247642,0.00024989157,1,1674,621776904
1.4827787e-05,0.21279575,0.7871184,7.1016686e-05,1,1674,1278240734
5.2826323e-05,0.24200937,0.75773346,0.00020433842,1,1674,5523712
0.00021941883,0.57399,0.42517057,0.00062003505,1,1674,218358232
0.0012722765,0.56150407,0.43549338,0.0017303204,1,1674,1028974035
0.014198726,0.94560504,0.040086698,0.000109535395,1,16912,689319408
0.0030200751,0.9226513,0.07431197,1.6738448e-05,1,16912,948799605
0.024840225,0.8991513,0.07567462,0.00033381564,1,16912,965950499
0.009014906,0.8985397,0.09240494,4.0361123e-05,1,16912,175702715
0.15377721,0.81269985,0.032642227,0.0008807209,1,16912,242638065
0.13296995,0.8559918,0.010797328,0.00024088778,0,16994,1194551561
0.69116634,0.29978362,0.0068784887,0.0021715728,0,16994,2083556461
0.4803675,0.50571686,0.012395938,0.0015196049,0,16994,938307290
0.36501518,0.629495,0.004985051,0.00050470204,0,16994,1705601436
0.08234864,0.8913398,0.02612856,0.00018305644,0,1710,389308620
0.21339273,0.76914364,0.017056366,0.00040726672,0,1710,904395183
0.25853452,0.7149228,0.026038192,0.00050455396,0,1710,1155316112
0.46688184,0.5270562,0.005260549,0.00080137793,0,1710,658863988
0.82900345,0.1689396,0.0009889794,0.0010679862,0,1710,1443104298
0.6225528,0.3735816,0.0029239787,0.0009416735,0,1710,1861682438
0.1788307,0.095901586,0.12921599,0.59605175,1,17111,543347978
0.16153827,0.65350854,0.18371847,0.0012347044,1,17111,553375133
0.06386199,0.40618166,0.4393497,0.090606675,1,17111,998909338
0.08325663,0.72149307,0.19493136,0.00031891227,1,17111,1425512792
0.23407656,0.2327645,0.15427035,0.37888864,1,17111,1809890037
0.8451148,0.14486144,0.00870432,0.0013194325,1,17111,955062669
0.45923313,0.45435494,0.081460275,0.004951634,1,17111,1057081367
0.2887686,0.46492064,0.21884398,0.027466755,1,17111,1400240217
0.57926434,0.3815857,0.0386194,0.00053057546,1,17111,1505408999
0.45653573,0.4866491,0.05589549,0.00091975735,1,17111,1843156127
1.4520608e-05,0.0041197203,0.9558967,0.039969146,2,17181,327475620
2.0974094e-06,0.0019569432,0.9904694,0.0075715603,2,17181,466277614
4.757483e-05,0.007366872,0.97311413,0.019471388,2,17181,948053698
9.828694e-06,0.0050176773,0.98608565,0.0088867415,2,17181,2133610525
0.00014896346,0.71335083,0.28645918,4.0982188e-05,1,17231,1719494815
0.0030879166,0.62538546,0.3706662,0.00086043286,1,17231,1986860049
0.006285327,0.8212104,0.17220439,0.00029994326,1,17231,688778787
0.0058183777,0.70517385,0.28861225,0.00039550537,1,17231,1755435853
0.00017503547,0.0067148204,0.93604994,0.057060152,2,17233,243300177
0.0008141628,0.025791362,0.9067986,0.06659585,2,17233,1721794937
0.00028808057,0.017173909,0.9664596,0.016078567,2,17233,180203219
0.0020759827,0.13965845,0.8241644,0.034101147,2,17233,724992685
4.9523132e-05,0.014689636,0.92371875,0.061541993,2,17275,1235184709
7.320562e-07,0.014524299,0.9854305,4.4488766e-05,2,17275,1902277943
4.070997e-05,0.028913377,0.9611725,0.009873397,2,17275,101328387
5.2907177e-05,0.022385594,0.9611477,0.01641379,2,17275,806486933
0.98985755,0.010063328,2.455271e-05,5.4590102e-05,0,17346,488419651
0.9854205,0.0141944,7.371018e-05,0.00031145068,0,17346,1112712537
0.9865015,0.013432063,1.645361e-05,5.001506e-05,0,17346,520291212
0.9968323,0.0031403666,4.5503552e-06,2.276252e-05,0,17346,1845152496
0.8971045,0.10197452,0.00074289204,0.00017808226,1,17376,736863172
0.883522,0.11602866,0.00037283302,7.648943e-05,1,17376,1938370084
0.5446293,0.4525948,0.002335346,0.00044062478,1,17376,2144487171
0.6106692,0.3852011,0.0039925794,0.00013710723,1,17376,154971332
0.17377658,0.81641245,0.009548443,0.00026246713,1,17376,358299725
0.45619565,0.5062242,0.01542942,0.022150738,1,17376,1980950585
4.6670957e-05,0.051826492,0.947301,0.000825824,2,17377,2115832382
3.565956e-07,0.027239872,0.972741,1.880823e-05,2,17377,2141578423
4.619472e-05,0.04834395,0.95145416,0.0001557449,2,17377,825253618
4.1453197e-07,0.008863195,0.99080503,0.0003312692,2,17377,843286527
0.00016075802,0.01713166,0.96448517,0.018222457,2,17377,1549357262
0.43841898,0.55940855,0.002080927,9.158209e-05,1,17390,540552070
0.2777411,0.7155028,0.0065378705,0.00021815058,1,17390,772004563
0.23322074,0.7084096,0.054076165,0.004293571,1,17390,342908717
0.0026833387,0.9645668,0.032722197,2.756e-05,1,17390,992064135
0.71075094,0.28788295,0.0010974054,0.0002687674,0,1740,104655445
0.6026678,0.39445597,0.0026619632,0.00021422352,0,1740,1189243598
0.38798994,0.6066572,0.0051419763,0.00021099085,0,1740,746183448
0.58055407,0.41646817,0.0026518188,0.0003259367,0,1740,886468142
0.082725085,0.8211154,0.095908135,0.0002514245,1,17445,997158008
0.008976038,0.8326493,0.15834191,3.271556e-05,1,17445,1241002681
0.21107459,0.7667943,0.022076057,5.5042136e-05,1,17445,880825414
0.27893394,0.7073668,0.013602982,9.6300275e-05,1,17445,1181984139
0.06362268,0.81884074,0.11722024,0.0003163888,1,17445,1787311744
0.088138774,0.8630192,0.048218757,0.0006232301,1,17518,378631618
0.038138572,0.9457805,0.016039146,4.175668e-05,1,17518,1224867167
0.0025807219,0.8581039,0.13832691,0.0009884286,1,17518,1258576007
0.0024499707,0.9407798,0.056625575,0.00014461963,1,17518,1527823220
0.7702521,0.22947706,0.00022864577,4.2160467e-05,0,17535,492541558
0.4234905,0.575437,0.0010077095,6.474626e-05,0,17535,1722469056
0.67447364,0.32389072,0.0014022833,0.00023333704,0,17535,952275239
0.6479003,0.3503508,0.0015505004,0.0001984099,0,17535,967529354
1.9236986e-05,0.1845583,0.81539136,3.110571e-05,1,17552,381441252
6.438298e-05,0.4192785,0.58064085,1.631677e-05,1,17552,2020448477
5.839545e-06,0.08746562,0.912433,9.544139e-05,1,17552,2137383100
0.0009699668,0.38474,0.61366236,0.0006276929,1,17552,578044758
0.0010552445,0.85932064,0.13960966,1.4442296e-05,1,17552,1852096732
0.006173725,0.6243849,0.36798808,0.0014533491,1,17552,2063352927
0.00020439632,0.58980304,0.4099762,1.6360502e-05,2,17599,315341090
0.00010737665,0.43050304,0.56933355,5.6012737e-05,2,17599,601498834
9.974897e-07,0.08472934,0.9152678,1.8858018e-06,2,17599,264631518
8.1354425e-05,0.10353909,0.895505,0.00087453704,2,17599,2023443332
0.0001245471,0.048788585,0.9491098,0.0019771035,2,17711,1072440727
1.5219507e-06,0.037705477,0.9622829,1.0099251e-05,2,17711,1096061219
3.9291685e-05,0.011426109,0.9715314,0.017003207,2,17711,1289703450
1.3153881e-06,0.006300372,0.99304646,0.000651892,2,17711,2085109401
0.004015924,0.39706188,0.59341776,0.0055044587,2,17748,689002947
0.0003281241,0.28714934,0.71246964,5.2916763e-05,2,17748,1910415017
8.6659216e-05,0.13085936,0.8672389,0.0018151151,2,17748,2006811500
8.0406935e-05,0.07477759,0.9246727,0.000469318,2,17748,7128461
6.030063e-05,0.08658691,0.912887,0.00046584525,2,17748,620099873
1.4182858e-05,0.06834945,0.9306293,0.0010070071,2,17748,1471715401
6.0946877e-05,0.049213134,0.9498371,0.0008888946,2,17750,1079075675
0.0012602344,0.13217224,0.82591546,0.040652014,2,17750,1210853706
0.0009838737,0.122808926,0.8003174,0.0758897,2,17750,824970090
0.00048978924,0.024970343,0.36078292,0.6137569,2,17750,1959221773
0.0009770882,0.22099476,0.7412204,0.036807675,2,17752,898706277
0.00017218554,0.013802873,0.8615615,0.1244635,2,17752,1219347914
1.2251503e-05,0.047463905,0.9513537,0.0011701364,2,17752,1251291484
0.0025315036,0.07293531,0.75379086,0.1707423,2,17752,2129134142
0.00032317487,0.09788795,0.8663869,0.035402045,2,17752,623402213
0.0010328187,0.25834513,0.73943305,0.0011890199,2,17752,701610347
3.0520678e-05,0.0052757934,0.66421956,0.3304742,2,17752,867232469
3.393922e-05,0.030667633,0.9589432,0.010355178,2,17752,1734611757
5.751053e-06,0.03663696,0.9625945,0.00076279667,2,17774,492253488
4.3902646e-06,0.07263874,0.92730534,5.1448762e-05,2,17774,809414158
1.8521008e-06,0.03833134,0.9614046,0.0002622596,2,17774,300312794
8.9616515e-07,0.022680374,0.9773077,1.09727025e-05,2,17774,317368420
7.942842e-06,0.0011158278,0.8121441,0.18673213,2,17797,707817461
4.7310856e-05,0.0039935024,0.8919938,0.10396539,2,17797,1875559039
7.752833e-06,7.682995e-05,0.14516206,0.8547533,2,17797,557462406
1.4736241e-05,0.003281711,0.92663974,0.07006384,2,17797,767014351
0.00022414856,0.0017104273,0.17479673,0.82326865,2,17797,1531462531
0.00037189134,0.14825383,0.8502326,0.0011416904,2,17808,97569529
0.00014896157,0.14549103,0.84948146,0.004878578,2,17808,797829458
0.00014463329,0.1254094,0.8726678,0.0017782593,2,17808,95636018
1.8408235e-05,0.036648642,0.96199095,0.0013420238,2,17808,1431788631
6.474154e-05,0.07065777,0.9148422,0.014435223,2,17808,2075516041
0.00068282173,0.1445132,0.84647363,0.008330257,1,17836,616007076
0.0017178021,0.04516622,0.5639783,0.38913763,1,17836,1983324546
0.00094176986,0.044031817,0.730257,0.22476949,1,17836,2028731091
0.00017461079,0.03421916,0.931549,0.03405733,1,17836,640646030
0.0003875625,0.11237931,0.8593364,0.027896771,1,17836,883313268
3.118838e-07,0.00057289266,0.99720544,0.0022212993,2,17853,688382750
0.00020476557,0.0013990619,0.638376,0.36002013,2,17853,2059423319
3.7626386e-08,0.0006558142,0.9987531,0.0005911527,2,17853,2082205119
6.358021e-07,0.004547228,0.993731,0.0017211362,2,17853,555605729
7.0824635e-06,0.0074456013,0.99115247,0.0013948886,2,17853,831632670
3.986233e-07,0.0063320347,0.99360293,6.46517e-05,2,17853,1599619293
0.12404663,0.8629696,0.0126401195,0.00034368972,1,17892,10291229
0.17619908,0.81862104,0.0051208823,5.893281e-05,1,17892,159695636
0.21709673,0.77478683,0.007994452,0.00012203448,1,17892,528128777
0.3412022,0.644442,0.01323435,0.0011214721,1,17892,1279779406
0.8929572,0.10670611,0.00023656506,0.000100086785,1,17892,964900795
0.32000124,0.6694518,0.01032812,0.00021881628,1,17892,1283964415
0.65238225,0.3408054,0.0058227065,0.0009896336,1,17892,1364513753
0.78161454,0.2108035,0.003739813,0.0038421652,1,17892,1834961516
0.40710708,0.5890944,0.0035840578,0.00021446077,1,17894,75408744
0.2993945,0.69183564,0.008297298,0.00047259196,1,17894,446858992
0.26580447,0.7167539,0.016559657,0.00088193465,1,17894,413493245
0.5587769,0.43460163,0.0061977827,0.00042365608,1,17894,653372914
0.9748983,0.024885654,5.045305e-05,0.00016562633,0,17922,1283960739
0.9741391,0.02502441,0.00012931142,0.0007071383,0,17922,2104119585
0.9803529,0.019247103,7.898313e-05,0.0003210198,0,17922,2141891903
0.9824828,0.0172148,6.7423694e-05,0.00023492594,0,17922,15601792
0.98624086,0.013636165,4.5424982e-05,7.761872e-05,0,17922,166075845
0.98108506,0.018861594,3.0544736e-05,2.2773533e-05,0,17922,1752210506
0.00013940297,0.023247603,0.93407583,0.04253718,2,1794,694634843
6.228977e-05,0.025295498,0.9442856,0.030356744,2,1794,1687362173
0.0007282395,0.00894446,0.50654274,0.48378453,2,1794,235258199
0.00016299362,0.0015246328,0.3722984,0.62601405,2,1794,777292807
0.0001179725,0.01057417,0.8865427,0.102765165,2,1794,1934811550
0.0006197944,0.87810326,0.12125596,2.1064669e-05,1,18014,1372582414
0.034812037,0.86320525,0.10164818,0.00033458354,1,18014,1401678684
0.007099111,0.88769877,0.10510027,0.0001018473,1,18014,1913181518
0.0002140206,0.7250143,0.27474123,3.0400322e-05,1,18014,2106902101
0.0004617508,0.731905,0.26757702,5.630407e-05,1,18014,664784028
0.0013495047,0.77218705,0.22643429,2.9122291e-05,1,18014,1960474755
0.0021301298,0.7094984,0.2882535,0.00011801206,1,18031,252921728
0.0076170545,0.89388317,0.0984721,2.7671458e-05,1,18031,1141715608
0.008760823,0.9341193,0.057109874,1.0039615e-05,1,18031,14899266
0.056700684,0.8874534,0.055763677,8.2226594e-05,1,18031,202436708
0.0023018462,0.93691367,0.06077254,1.1954844e-05,1,18045,876048138
0.0028110407,0.7789923,0.21758938,0.0006072948,1,18045,1648647452
0.0034047263,0.9089515,0.087620504,2.3344737e-05,1,18045,670746083
0.12508576,0.8365156,0.037947975,0.00045060294,1,18045,2002934355
0.00012452644,0.6192542,0.38059142,2.9849401e-05,1,18144,1172288631
0.0010206305,0.9679465,0.031025134,7.786785e-06,1,18144,1592907799
0.0004059701,0.9001821,0.099405475,6.415209e-06,1,18144,424435710
0.0005578133,0.6053644,0.39382082,0.0002570163,1,18144,1959388660
0.03831296,0.9452072,0.016420886,5.8952555e-05,1,18227,1374799779
0.390706,0.578752,0.025910048,0.004631952,1,18227,2033192024
0.0023311614,0.9159474,0.08170396,1.7437302e-05,1,18227,838516813
0.004914183,0.8683174,0.12669,7.838633e-05,1,18227,1726114514
1.8675453e-05,0.1186761,0.88118947,0.00011577902,1,18243,275252810
6.499219e-07,0.33472645,0.66526794,5.0180256e-06,1,18243,1526540449
7.6443175e-05,0.47056493,0.52933985,1.8803279e-05,1,18243,1362357046
6.4168353e-06,0.45751664,0.54246694,1.0067641e-05,1,18243,2026141593
8.486711e-05,0.76956385,0.23034112,1.0047053e-05,1,18265,926424534
0.00027129793,0.8146418,0.18494564,0.00014132117,1,18265,1508772384
0.042111352,0.8677633,0.08938412,0.0007411667,1,18265,491618791
0.0005285864,0.717378,0.2820105,8.287752e-05,1,18265,1365275826
0.005024714,0.88470954,0.11010621,0.00015954397,1,18265,1911839160
0.009319818,0.47145912,0.51505166,0.0041693887,2,18269,620558313
1.8399931e-05,0.5226658,0.4773151,7.018234e-07,2,18269,670461054
0.0005607843,0.20834963,0.7893318,0.0017577537,2,18269,1794668604
0.00025504167,0.35382253,0.6458785,4.401237e-05,2,18269,266264627
0.0009509032,0.63774574,0.36087126,0.00043202867,2,18269,1586935311
0.00018421287,0.11751937,0.8779564,0.0043401,3,18484,253848986
0.0017106449,0.059469707,0.8839605,0.05485914,3,18484,598967166
0.0008833401,0.024813551,0.79376477,0.18053833,3,18484,855731364
0.009712469,0.107968435,0.5855322,0.29678693,3,18484,179359143
0.00089990406,0.04815233,0.8349512,0.115996554,3,18484,1578051516
0.007380684,0.83461535,0.15775138,0.00025261793,1,1852,2035737047
0.253358,0.7436268,0.0029868053,2.8472772e-05,1,1852,2076003064
0.12072444,0.79083884,0.083298475,0.0051382054,1,1852,1350250333
0.00062408205,0.6262538,0.37170658,0.0014156027,1,1852,2096111098
0.9070869,0.08911547,0.0024617151,0.0013359106,1,18536,49811752
0.015728004,0.6284339,0.3285591,0.027278982,1,18536,899940683
0.61904246,0.24422409,0.025440022,0.11129344,1,18536,1570353235
0.79281867,0.112965904,0.031519774,0.06269566,1,18536,1588958298
0.30913225,0.27124083,0.25379932,0.16582762,1,18536,825734015
0.6855165,0.29190856,0.019444244,0.0031307356,1,18536,1006899114
0.30111358,0.4731675,0.12538157,0.10033728,1,18536,1635370726
0.02762301,0.72875357,0.24183908,0.0017843313,1,18536,1694035392
0.9466537,0.0531931,0.000100460435,5.2719664e-05,1,18586,548573704
0.5771773,0.41762015,0.004787889,0.00041471166,1,18586,729737300
0.40193775,0.5896118,0.007936742,0.0005136348,1,18586,1217878895
0.5520325,0.44378537,0.0037707575,0.00041139452,1,18586,1974763683
0.37955016,0.6148129,0.005441527,0.00019537221,1,18586,126229056
0.10946744,0.8797987,0.010347419,0.00038649095,1,18586,461819734
0.17365062,0.8051648,0.020764213,0.00042038033,1,18586,787531805
0.58481103,0.4149161,0.000258285,1.4605014e-05,1,18586,905812377
0.10716479,0.8625662,0.029375063,0.0008939394,1,18586,1729595318
0.00016505235,0.9001538,0.099673316,7.820086e-06,1,18626,56674518
0.0005968877,0.75803167,0.24136521,6.2729223e-06,1,18626,301699851
0.002277043,0.9504207,0.047276106,2.6188163e-05,1,18626,699686579
0.0014352719,0.84139085,0.15708695,8.68535e-05,1,18626,843894821
0.0015662735,0.92971694,0.06868692,2.9974111e-05,1,18626,888294382
0.0037309318,0.9570703,0.039193116,5.7154907e-06,1,18626,975797108
0.4553667,0.5327377,0.011156383,0.00073924585,1,18709,862867450
0.008933098,0.8751862,0.11580006,8.0636535e-05,1,18709,1774858262
0.044543054,0.9298451,0.025504898,0.00010699491,1,18709,403704207
0.00044390632,0.80617243,0.19329503,8.857787e-05,1,18709,932877061
0.00067469827,0.58989525,0.40933952,9.0542024e-05,1,18709,1843448086
0.93369424,0.06602882,0.00016587185,0.00011111879,1,18717,1251934061
0.8696735,0.12958114,0.00058497605,0.00016029185,1,18717,2038474899
0.7773597,0.22157118,0.0010121895,5.6840203e-05,1,18717,1196131818
0.592502,0.4023352,0.0048848265,0.0002779453,1,18717,1218498032
0.00075217366,0.04351335,0.77400625,0.18172823,2,18779,783802580
0.0005066762,0.087533236,0.88198614,0.029973937,2,18779,1126484447
0.00019582864,0.0069407793,0.52257717,0.4702862,2,18779,368835614
0.00061689666,0.030616565,0.90746987,0.061296586,2,18779,689260454
2.5066793e-05,0.0046477728,0.78809065,0.2072365,2,18784,480822125
2.7357424e-05,0.02951139,0.96001506,0.010446217,2,18784,1897712237
0.00037319673,0.03661665,0.89210635,0.070903875,2,18784,982292140
4.1811627e-06,0.008187991,0.99051124,0.0012966314,2,18784,1179403506
0.5864795,0.41074154,0.0026523715,0.00012657075,1,18797,821247789
0.90648574,0.09319165,0.00019936913,0.00012324183,1,18797,1571607440
0.08975172,0.8918224,0.017506603,0.0009193104,1,18797,849365885
0.40814936,0.588907,0.0027405007,0.00020316815,1,18797,971402072
0.8163343,0.1830973,0.00044819433,0.000120135446,1,18797,1707739022
2.0721114e-05,0.28848904,0.71147406,1.6176542e-05,2,18873,80120956
0.0007582789,0.51167405,0.48740074,0.00016700584,2,18873,1568302883
0.0002803376,0.49493492,0.5047417,4.3018146e-05,2,18873,696819971
0.00074768654,0.26122692,0.736454,0.0015713196,2,18873,1080940233
0.00023590468,0.43853962,0.56110567,0.00011874822,2,18873,2095257976
6.845064e-05,0.0005418905,0.14661662,0.85277295,3,18952,1238663835
3.5692315e-06,7.626617e-05,0.055277433,0.9446427,3,18952,1757565601
3.2600572e-05,0.0008177581,0.27002984,0.72911984,3,18952,286626449
3.6647554e-05,0.00042778393,0.20578867,0.79374695,3,18952,545110820
0.010013028,0.96661466,0.023183618,0.00018861574,1,19047,159989254
0.0046396754,0.9276662,0.06767538,1.877322e-05,1,19047,1082463861
0.0006580712,0.7379455,0.26135692,3.9460327e-05,1,19047,928749486
0.0007262439,0.708673,0.29058024,2.0476573e-05,1,19047,1083275629
0.0008637995,0.85289735,0.1461865,5.2401552e-05,1,19047,2094660356
2.8895454e-06,0.00013473515,0.8451613,0.15470107,2,19171,1523165025
0.000143072,0.0021341294,0.40311304,0.59460974,2,19171,1912780715
0.0003931331,0.0046916283,0.57477885,0.42013636,2,19171,312338109
7.116589e-05,0.0002591325,0.15200551,0.84766424,2,19171,1499100907
0.0006740982,0.11988015,0.8767203,0.0027254466,2,19175,118705721
0.00095732417,0.23385814,0.76487833,0.00030624436,2,19175,793513266
0.00015029694,0.015314816,0.9028863,0.08164867,2,19175,1016394394
0.0010467075,0.06780471,0.8397192,0.09142951,2,19175,1659000052
0.0006399372,0.07557193,0.9216717,0.0021164208,2,19175,454443587
0.011889713,0.29578492,0.69139576,0.0009296566,2,19175,489296141
2.1078497e-05,0.001858294,0.54182225,0.45629838,2,19175,1548006175
0.23356763,0.058308344,0.08427926,0.62384474,2,19175,1772963478
0.0005746652,0.008022989,0.33680484,0.6545975,2,19175,2023872627
0.030923119,0.9239308,0.044966362,0.00017977279,1,19268,183980707
0.02514133,0.8651728,0.10945068,0.00023520435,1,19268,1304625366
0.07739289,0.81080234,0.109233536,0.0025712564,1,19268,1368667448
0.21673681,0.76597434,0.016943716,0.00034511852,1,19268,1563935674
0.0063718418,0.8476023,0.1453253,0.0007004953,1,19268,2040244680
0.0015303042,0.97701913,0.02144689,3.7477653e-06,1,19449,925930752
0.23026818,0.7647004,0.0049186936,0.00011277312,1,19449,1423720340
0.00030417586,0.44759178,0.55201536,8.86631e-05,1,19449,69697378
0.011500462,0.9024054,0.08416746,0.0019266758,1,19449,334299187
0.00019134801,0.66405356,0.33552167,0.0002334198,1,19449,609824365
0.063900426,0.83035326,0.10475528,0.0009910878,1,19486,583119542
0.02773935,0.78531444,0.18379103,0.0031551223,1,19486,886797800
0.39868855,0.60027874,0.0009804767,5.2237738e-05,1,19486,1749776218
0.043925334,0.89537394,0.060482077,0.00021856964,1,19486,866648159
0.1169024,0.8819356,0.001160159,1.942125e-06,1,19486,1608758398
0.056951806,0.87976754,0.063130945,0.0001497857,1,19498,363872298
0.36946046,0.61898494,0.01108619,0.00046831815,1,19498,1587552974
0.07250056,0.8967607,0.03063303,0.00010577614,1,19498,105849292
3.76105e-05,0.7903197,0.20964175,9.3778596e-07,1,19498,510896442
0.011873571,0.86458844,0.12345304,8.496659e-05,1,19527,477484141
0.3100241,0.67968446,0.010068189,0.0002232571,1,19527,885167871
0.4461781,0.5487182,0.00485573,0.0002479122,1,19527,432836034
0.10107636,0.8840729,0.014830497,2.0281925e-05,1,19527,937610882
0.0007696285,0.10210882,0.88199353,0.015127953,2,19534,997635930
7.493203e-05,0.6712318,0.32866752,2.5799089e-05,2,19534,2131778426
5.943087e-06,0.012737038,0.9868487,0.0004082046,2,19534,404289746
7.319155e-06,0.003795352,0.99581295,0.0003842873,2,19534,1615726237
0.0020856152,0.9453103,0.052594926,9.176387e-06,1,19581,216021014
0.004567496,0.8506183,0.14418265,0.0006315139,1,19581,1338497788
0.0014128487,0.90360296,0.09491961,6.4605236e-05,1,19581,21129467
0.080334865,0.85781896,0.060765665,0.0010804615,1,19581,1343521046
0.007797352,0.8982738,0.093697794,0.00023108453,2,19589,367140351
0.0126092,0.9341351,0.053013366,0.00024235997,2,19589,1035241931
0.04041868,0.93742025,0.022036867,0.00012422033,2,19589,36770041
0.0019991833,0.8286556,0.16920325,0.00014203669,2,19589,962193832
0.00010325567,0.3760285,0.6238387,2.9552366e-05,2,19603,61048330
0.0047839447,0.43493542,0.55770355,0.0025770345,2,19603,1257189837
0.0023774141,0.5014361,0.49581686,0.0003696771,2,19603,1872102537
2.843803e-05,0.34588093,0.65408504,5.629224e-06,2,19603,17395361
0.011068348,0.48004586,0.4948863,0.013999424,2,19603,403821205
0.9015523,0.097445585,0.0005968218,0.00040528938,0,1968,1392193422
0.9921067,0.0076005375,3.0858053e-05,0.00026192798,0,1968,1861125663
0.93481386,0.06496418,0.00013599436,8.599072e-05,0,1968,765668143
0.8898302,0.10965819,0.00037742872,0.00013421728,0,1968,2119914947
0.00013931398,0.10731074,0.89226794,0.00028202005,2,19713,850013865
0.00054800656,0.08439892,0.91143274,0.0036203547,2,19713,1226242602
8.1002436e-05,0.41587105,0.58404046,7.4888603e-06,2,19713,1546457179
1.4469929e-05,0.08210105,0.9176073,0.00027720415,2,19713,837524134
1.5480939e-05,0.040660314,0.95914614,0.00017805313,2,19713,1797364735
8.351017e-06,0.0018893974,0.99131316,0.006789064,2,1977,1462616156
9.867715e-05,0.0074703745,0.9784232,0.014007755,2,1977,1890682725
1.8334229e-05,0.0008661575,0.70642,0.2926955,2,1977,15003387
2.8719114e-05,0.00090127636,0.7691618,0.22990818,2,1977,797388117
1.9184601e-05,0.00038839155,0.11910654,0.88048595,3,19807,101260102
7.482115e-05,0.0004015223,0.030804109,0.9687196,3,19807,296932283
2.5626237e-05,0.00017852886,0.03286893,0.9669269,3,19807,413702014
2.8830833e-05,0.00021404517,0.028449152,0.971308,3,19807,710429203
0.0004429836,0.02630607,0.8127949,0.16045599,3,19807,2108638071
4.2268484e-06,8.949804e-05,0.16344053,0.83646566,2,19824,732284526
6.489578e-05,0.00027267842,0.10146532,0.89819705,2,19824,1466354580
9.776334e-06,0.00012390714,0.15916266,0.8407037,2,19824,1311256924
6.902813e-05,0.00052738906,0.14006083,0.8593427,2,19824,1964586703
3.253451e-05,0.00089328986,0.5142686,0.48480555,2,19824,2086745040
2.7751803e-05,0.014104373,0.92708623,0.058781687,2,19919,200906308
0.00018532028,0.06166284,0.8885713,0.049580514,2,19919,604538909
0.0003214628,0.0960894,0.8193258,0.08426339,2,19919,1502102864
0.0004872336,0.053134456,0.8795649,0.066813394,2,19919,1413842125
7.3778065e-05,0.0644114,0.91899675,0.016518043,2,19919,1954464048
6.352501e-05,0.035661623,0.96271837,0.0015564329,2,20184,635294704
2.2807935e-06,0.017291673,0.98264736,5.8737292e-05,2,20184,1510826996
3.1908352e-05,0.19652125,0.80344087,6.023691e-06,2,20184,140434864
1.570962e-05,0.39924523,0.6007366,2.4679805e-06,2,20184,1236168241
0.0005242704,0.030921165,0.23296894,0.7355857,3,20189,118942314
1.35019e-05,7.309124e-05,0.034576967,0.9653365,3,20189,302836014
2.945956e-05,0.00015644594,0.018264031,0.9815501,3,20189,723919000
0.00014234343,0.003024015,0.15090689,0.84592664,3,20189,312180168
0.0004193654,0.0526336,0.8857243,0.06122272,3,20189,1422495880
1.2070978e-05,5.2346306e-05,0.042879365,0.95705616,3,20189,2109729183
0.6961848,0.29342502,0.008324886,0.002065228,1,20196,281268966
0.6539063,0.32398596,0.014177185,0.007930548,1,20196,793322869
0.79859394,0.19641341,0.0036841745,0.0013084966,1,20196,1442684690
0.62976897,0.34896624,0.018620117,0.0026446711,1,20196,1700935813
0.35664585,0.57738996,0.06008777,0.005876361,1,20196,1304395339
0.08477338,0.8914943,0.023602925,0.00012942681,1,20196,1819952969
0.0017365185,0.05968791,0.63689995,0.30167565,3,20198,1444766660
0.00016713563,0.003379692,0.4453892,0.5510639,3,20198,1482636895
0.00011292608,0.00022268985,0.07752252,0.92214185,3,20198,2143479844
0.00025319844,0.0010145484,0.23323908,0.76549315,3,20198,1874197897
0.000263319,0.0006579869,0.06331696,0.93576163,3,20198,1874681701
0.63241243,0.36550245,0.0019365967,0.00014850237,1,20199,467829091
0.9321799,0.06736374,0.00019042636,0.00026590074,1,20199,1822515374
0.9357158,0.06417041,6.293431e-05,5.091543e-05,1,20199,187190129
0.97427225,0.025643691,3.6430065e-05,4.7599297e-05,1,20199,694023056
0.7686775,0.22942789,0.001316527,0.0005781163,1,20199,818879708
0.021587376,0.6401214,0.3370674,0.0012237453,2,20218,1887383735
0.010441391,0.82533747,0.16408677,0.00013438582,2,20218,1909727236
0.011536332,0.74182385,0.24649218,0.00014767509,2,20218,868318743
0.061309166,0.7338163,0.19679502,0.008079419,2,20218,1966804014
3.800183e-05,0.0085654305,0.97449976,0.016896782,1,20227,1597577281
3.7312835e-05,0.0101911705,0.9811349,0.008636598,1,20227,1600562515
0.0010442849,0.28471428,0.7107245,0.0035169055,1,20227,133072186
0.003475585,0.3994452,0.59493583,0.0021434312,1,20227,997928982
0.0027253353,0.41667786,0.57986933,0.0007274848,1,20227,1233344454
0.7701914,0.22436659,0.0046976395,0.00074436696,0,20251,1189991461
0.8588439,0.13910533,0.0011681177,0.00088263466,0,20251,1616755366
0.67406106,0.28404966,0.026119282,0.01577007,0,20251,401181500
0.312576,0.5556728,0.07899613,0.052755017,0,20251,914071190
0.009743357,0.9478531,0.04234973,5.3797663e-05,2,20264,646013583
0.08184057,0.79909116,0.11727369,0.0017946102,2,20264,1415827741
0.0020365824,0.39808163,0.59942406,0.00045770194,2,20264,192769810
2.1054962e-05,0.6600439,0.3399305,4.5660877e-06,2,20264,518987553
0.0030162598,0.6395835,0.35665667,0.0007435572,2,20264,1483003704
0.0007897384,0.25054514,0.74245614,0.006208975,2,20302,328254457
0.014478538,0.07076044,0.25654522,0.65821576,2,20302,521849962
0.068659544,0.49597993,0.42681488,0.008545701,2,20302,884351550
0.0014481012,0.12285687,0.87042916,0.005265823,2,20302,2090052396
0.046713877,0.5053138,0.40887234,0.03909998,2,20302,169932945
0.13689256,0.2911329,0.45484164,0.11713295,2,20302,294208764
0.06625019,0.19617942,0.4237609,0.31380948,2,20302,311434476
0.05387512,0.32589984,0.5658638,0.054361217,2,20302,463564233
0.0126117915,0.41980323,0.47087944,0.09670548,2,20302,688370663
0.030428214,0.612322,0.35703233,0.00021746034,1,20345,126260437
0.0013097102,0.56011766,0.43850714,6.542352e-05,1,20345,423103974
0.0077684447,0.3521602,0.6397551,0.00031621294,1,20345,739525513
0.022714738,0.3921796,0.5835223,0.0015833525,1,20345,1471402125
0.17636576,0.7120094,0.099617146,0.012007764,1,20345,2106297317
9.36749e-05,0.60806096,0.39183548,9.841431e-06,1,20345,696887277
0.14535949,0.5722629,0.28067258,0.0017049806,1,20345,857727822
7.51965e-05,0.52616215,0.47367105,9.160498e-05,1,20345,898336604
0.027136898,0.52365947,0.44776988,0.0014337653,1,20345,1332778101
1.8736417e-05,0.1734108,0.8265445,2.594451e-05,1,20345,1775630980
1.0351487e-05,0.024980143,0.9747104,0.0002990982,2,20362,181373695
3.6604044e-05,0.08272622,0.9170648,0.00017238161,2,20362,905126843
0.00013988653,0.07471974,0.9247726,0.00036772405,2,20362,1840245325
5.1822512e-06,0.014767889,0.9848316,0.00039537842,2,20362,502540952
0.00024224647,0.07663939,0.9205608,0.0025576875,2,20362,1104033759
0.11642474,0.7500053,0.1329686,0.0006013641,2,20365,391231829
8.983382e-05,0.2889745,0.71092474,1.0890411e-05,2,20365,809534962
0.0016844319,0.16723971,0.82847965,0.0025963336,2,20365,1307175424
0.0005697868,0.26068613,0.73850536,0.00023870434,2,20365,404896658
0.00030300685,0.14508829,0.8541523,0.00045636232,2,20365,666027886
7.249899e-05,0.0548857,0.94180423,0.0032375706,2,20365,2045574612
0.014529858,0.8994394,0.08559772,0.00043304136,1,20368,415774191
0.0017725554,0.4119604,0.58347666,0.0027903891,1,20368,919560152
2.500728e-05,0.39980263,0.6001533,1.8980698e-05,1,20368,515228787
3.4086814e-05,0.34122872,0.6587296,7.544722e-06,1,20368,848155487
0.00014666053,0.17629188,0.82243466,0.0011267908,1,20368,1184643337
0.00019881516,0.06200062,0.92647064,0.011329956,2,20412,1162930913
0.00013448439,0.045420323,0.9326022,0.021842936,2,20412,1378505216
0.0009981208,0.14266133,0.8082535,0.048087023,2,20412,1865811911
1.5526586e-05,0.0033644282,0.8578102,0.13880982,2,20412,431198962
4.328516e-05,0.0013956951,0.35348347,0.64507747,2,20412,1430031859
6.1008534e-05,0.0109547805,0.7314786,0.25750563,2,20412,1538707905
0.0001190057,0.008711856,0.5460625,0.44510663,2,20412,1608325877
0.7033747,0.294579,0.0014801731,0.00056616944,1,20701,2019369136
0.63738525,0.35882366,0.0030478365,0.0007433372,1,20701,2123003592
0.075678684,0.91476166,0.009477092,8.2501254e-05,1,20701,269573736
0.013803599,0.9312416,0.05485268,0.00010210398,1,20701,1183989582
0.009599236,0.015379486,0.047158968,0.9278623,3,20765,114562861
8.712958e-05,0.00023959069,0.0060426006,0.9936306,3,20765,516734688
0.06531117,0.092485994,0.093265526,0.7489373,3,20765,612896699
0.0020715243,0.0042788475,0.010525296,0.98312426,3,20765,749307238
6.940444e-05,9.40921e-05,0.0017886735,0.9980478,3,20765,944412052
0.14621426,0.83441514,0.019108614,0.00026199367,1,20789,670910414
0.1729109,0.8188599,0.008076883,0.00015227095,1,20789,1883289719
0.0120824985,0.88773936,0.10010578,7.235228e-05,1,20789,143692956
0.004206505,0.89510393,0.100644805,4.468518e-05,1,20789,1243581779
0.0026441442,0.36227244,0.63191897,0.0031643938,2,20802,259090622
1.2306177e-05,0.32480976,0.6750967,8.121597e-05,2,20802,757398629
0.0004437639,0.3646261,0.6331815,0.0017485443,2,20802,558494954
6.8460395e-05,0.32199472,0.6776116,0.00032512232,2,20802,1927324962
0.00020017366,0.8085048,0.1912357,5.9252874e-05,1,2083,464233349
0.0050467458,0.8593528,0.13553995,6.0434824e-05,1,2083,485668007
0.0010581432,0.8808763,0.118013725,5.1883202e-05,1,2083,693829796
0.0029652885,0.70120573,0.2955828,0.00024616288,1,2083,84495334
0.0008765323,0.87569225,0.123395,3.6240068e-05,1,2083,331933117
0.012214168,0.7222391,0.26529768,0.00024904666,1,2083,1775123300
4.174348e-05,0.0018046707,0.86833036,0.1298233,2,209,274674161
6.8130516e-06,0.0011637294,0.9880584,0.0107710445,2,209,1953229819
1.6961358e-05,0.0041403137,0.96724474,0.028598038,2,209,8038644
1.6114664e-05,0.0014892205,0.92664534,0.07184926,2,209,1311952752
1.29981345e-05,0.003459911,0.9752518,0.021275217,2,209,1855316219
0.00015926114,0.16804075,0.8304584,0.0013416078,2,20903,1204027845
0.00022334373,0.00975785,0.85020286,0.13981588,2,20903,1367442455
4.7975175e-07,0.03928451,0.96068245,3.2618686e-05,2,20903,350846659
0.00012262222,0.27628154,0.7233161,0.0002797863,2,20903,1897717426
0.00010162679,0.49792165,0.5019567,2.0012896e-05,2,20953,1152706670
0.00013501167,0.33429083,0.6655373,3.679844e-05,2,20953,1185285247
6.487855e-05,0.15340023,0.8464148,0.00012013263,2,20953,156483578
0.00018867367,0.19120176,0.8083203,0.0002892828,2,20953,1538818748
5.4053933e-05,0.1278952,0.8719801,7.0629634e-05,2,20953,1839678749
0.033337403,0.7983255,0.16456279,0.0037742679,1,20980,438514068
0.0004700033,0.8456571,0.15376869,0.00010420634,1,20980,1437045436
0.12572452,0.7470302,0.12563531,0.0016100074,1,20980,647847146
0.020126496,0.85836077,0.12107836,0.00043436405,1,20980,2118749599
0.05075549,0.92830676,0.020772452,0.0001653778,1,20989,1156988266
0.020837368,0.9543867,0.024763314,1.2684299e-05,1,20989,1685859255
0.46796873,0.52916753,0.0027666,9.715788e-05,1,20989,462794046
0.033922974,0.93425244,0.031491358,0.00033317815,1,20989,493187957
6.3410776e-06,0.0012813985,0.8592051,0.13950709,2,20992,320117024
1.4816865e-07,0.00017336762,0.9393189,0.0605076,2,20992,1095126044
1.2255106e-05,0.0011411197,0.81449705,0.18434952,2,20992,1966354375
7.2097905e-06,0.0022649358,0.944903,0.052824855,2,20992,294773451
1.8082005e-07,0.000600488,0.9917932,0.0076060644,2,20992,515952558
1.6724586e-07,0.012332596,0.9875975,6.9706985e-05,2,20992,769481342
0.0001368652,0.0007251395,0.17276427,0.8263737,2,21067,1911118071
1.9194222e-05,0.00015442661,0.23133585,0.7684905,2,21067,1979623028
3.8292583e-05,0.00080909353,0.55786633,0.44128627,2,21067,715321439
1.5139019e-05,0.00014213662,0.16482365,0.83501905,2,21067,1511749844
0.404968,0.55422217,0.03109358,0.009716207,1,21180,28639091
0.45709974,0.49857357,0.031085443,0.0132412035,1,21180,258293371
0.51547396,0.46785802,0.0121321315,0.004535883,1,21180,707793992
0.4854929,0.4634522,0.03687631,0.014178678,1,21180,2005051070
0.090576075,0.8460775,0.060833428,0.0025130839,1,21180,888808642
0.2654692,0.66091686,0.06884035,0.004773569,1,21180,1085290197
0.07945851,0.7898846,0.12651464,0.0041421405,1,21180,1433909801
0.48710117,0.48834836,0.019137004,0.005413494,1,21180,1610942978
0.00013046245,0.09921745,0.8972875,0.0033645441,2,21209,476821110
6.9102185e-07,0.0012190354,0.9906432,0.008137062,2,21209,676179342
0.00014899946,0.18657258,0.8019619,0.011316493,2,21209,567496969
2.0097998e-07,0.023593348,0.97630477,0.00010164614,2,21209,1503364948
1.4605633e-05,0.13822262,0.86172545,3.7285623e-05,2,21209,1862294544
4.2556132e-07,0.0048581823,0.9945478,0.00059353723,2,21214,655892738
1.5488893e-05,0.019846668,0.97704893,0.0030889418,2,21214,1970939400
7.392238e-07,0.002121662,0.9973326,0.0005450812,2,21214,213095459
1.1489584e-06,0.0050549647,0.9938355,0.0011083503,2,21214,649802037
1.7159073e-06,0.01559781,0.9843174,8.29677e-05,2,21214,665917803
0.8796935,0.11994466,0.00026824643,9.357958e-05,0,21224,779681721
0.9451985,0.054495916,9.263068e-05,0.00021305309,0,21224,2009095956
0.89171946,0.10716462,0.00036522225,0.00075064483,0,21224,1636016606
0.8814873,0.11824471,0.00013335433,0.00013465322,0,21224,1924927683
0.95906734,0.040300645,0.000103872204,0.0005281399,0,21228,415040001
0.8675648,0.13201085,0.00032203703,0.00010226701,0,21228,509736195
0.93790704,0.061331805,0.00035370892,0.00040735383,0,21228,1036168952
0.88797766,0.110426724,0.0009693048,0.0006262846,0,21228,1036455783
0.97964454,0.020195296,4.757153e-05,0.00011264396,0,21228,1277134794
0.94873065,0.05103318,8.839515e-05,0.00014770206,0,21228,1282767740
0.9595174,0.04028497,3.9939703e-05,0.00015773022,0,21228,2040231396
0.00036322942,0.36499995,0.6345331,0.000103732804,2,2128,1158224659
1.5050101e-05,0.4559139,0.5440615,9.494316e-06,2,2128,1558471205
0.00022116084,0.7402516,0.25951892,8.302668e-06,2,2128,184765903
4.230783e-05,0.25834298,0.7416014,1.3254046e-05,2,2128,577633257
0.0003648211,0.46636033,0.5332122,6.2675674e-05,2,2128,1051661155
0.0018233462,0.8820509,0.116064325,6.155751e-05,1,21310,1624737203
0.01347233,0.88568914,0.09929287,0.0015456866,1,21310,2107897536
0.0076264483,0.69394726,0.2975062,0.00092010124,1,21310,1775075022
0.00018344044,0.53224087,0.46751305,6.2637744e-05,1,21310,1826567385
0.104268536,0.8340686,0.06124102,0.00042190403,2,21315,266491339
0.015292487,0.8721403,0.11218291,0.0003843649,2,21315,1838768704
0.0026212698,0.8452715,0.15189457,0.00021262569,2,21315,58132425
0.00071047415,0.35125244,0.64758575,0.00045133746,2,21315,355971526
0.0004517844,0.65799385,0.34142545,0.00012896095,2,21315,842119228
6.7878796e-06,0.098094754,0.90162545,0.00027294375,2,21409,690318599
7.6219226e-06,0.05521646,0.9445435,0.00023232588,2,21409,2087736309
5.540773e-07,0.06307783,0.9369207,9.2257613e-07,2,21409,1295361113
2.2949574e-05,0.080667935,0.918625,0.00068407407,2,21409,1776520698
0.69787747,0.30088216,0.0009874991,0.00025285824,0,21431,83297018
0.8058822,0.19234553,0.0013847436,0.00038749434,0,21431,1267661046
0.8493734,0.15018813,0.00028407105,0.00015433441,0,21431,743492847
0.714286,0.28253007,0.002684475,0.00049942726,0,21431,2124992327
5.710473e-05,0.0010965912,0.37967443,0.61917186,2,21440,243894962
1.1115816e-05,0.0038918897,0.97975254,0.016344469,2,21440,388852576
3.903933e-06,0.00030485188,0.89329165,0.10639957,2,21440,2023635786
6.24293e-06,1.6033882e-05,0.07620663,0.9237711,2,21440,256514942
1.8483703e-06,0.0013275265,0.99263245,0.006038091,2,21440,1141954753
1.2314189e-05,0.0010074222,0.78922623,0.20975405,2,21440,1169381738
0.026909461,0.69744,0.2699167,0.005733725,1,21445,468265579
0.04486394,0.75284517,0.19822125,0.004069669,1,21445,871365777
0.002898345,0.8549874,0.14180714,0.00030711753,1,21445,1790818978
0.0042645014,0.9006443,0.094952196,0.00013901826,1,21445,132643082
0.1346771,0.8384529,0.026345627,0.00052436447,1,21445,326771787
0.21684493,0.7453703,0.0356474,0.002137333,1,21456,842493553
0.21353681,0.75917023,0.026516994,0.0007759233,1,21456,1263262672
0.17252064,0.80557555,0.020444952,0.0014588416,1,21456,1911885035
0.009144694,0.9639884,0.026810603,5.6334302e-05,1,21456,285788128
0.091282375,0.8691309,0.03909105,0.0004957051,1,21456,863419705
4.477769e-05,0.00025085465,0.061362952,0.93834144,3,21464,495378265
0.00051828113,0.0042666136,0.18079379,0.8144214,3,21464,705550992
0.000679106,0.0029284882,0.11121082,0.88518167,3,21464,1112281356
0.00011450476,0.00069088675,0.06906621,0.93012834,3,21464,589355252
5.5617264e-05,0.0034971752,0.22988792,0.7665593,3,21464,1222390337
1.2227509e-05,6.873034e-05,0.07132149,0.9285975,3,21464,1771134977
0.16219385,0.78928834,0.046834975,0.0016828302,1,21479,1498517690
0.35453245,0.6384349,0.006224518,0.00080807577,1,21479,1845964323
0.07458948,0.8510236,0.07212028,0.0022665833,1,21479,769817234
0.09522785,0.8835366,0.02104003,0.00019555155,1,21479,1423692450
0.61873895,0.37732747,0.0026996785,0.0012338307,1,21479,1972490697
0.00015936315,0.22318582,0.77638155,0.00027320773,2,21520,24011738
8.7006374e-05,0.18377496,0.8156394,0.0004986766,2,21520,542158564
0.0011519683,0.3501647,0.6460703,0.002613005,2,21520,1227145819
0.0013032855,0.480872,0.51607525,0.0017494841,2,21520,1542713553
0.0026835136,0.38521498,0.6109208,0.0011807365,2,21520,54649644
0.0002951076,0.26108024,0.73761964,0.0010050149,2,21520,108779245
3.428392e-05,0.08220637,0.9175378,0.00022158098,2,21520,545232657
0.0006763977,0.25510916,0.7419653,0.0022491966,2,21520,1071683632
0.004719861,0.9114036,0.0837726,0.000103959166,1,21524,1432190374
0.0011561415,0.77391094,0.22486192,7.0946226e-05,1,21524,1486813355
0.00073019566,0.72911614,0.27007183,8.190764e-05,1,21524,1469977784
0.022184836,0.87491363,0.100950666,0.0019508979,1,21524,1935969791
0.0034865718,0.2686424,0.71925986,0.00861127,1,21552,119224608
0.0002102496,0.27100727,0.7286607,0.00012183361,1,21552,1311590775
0.002726632,0.31401438,0.67833126,0.0049277525,1,21552,1376184883
0.0012386565,0.21302249,0.78250045,0.0032383963,1,21552,837570216
0.004454008,0.17737806,0.78581977,0.032348227,1,21552,937966187
0.0014966832,0.21958767,0.77528894,0.0036266763,1,21552,964467610
0.603796,0.390698,0.0048993463,0.0006066253,1,2159,1873228678
0.08113174,0.9109107,0.007848988,0.000108526496,1,2159,1978625257
0.1487119,0.8247132,0.023705687,0.002869321,1,2159,191189759
0.015055375,0.9166902,0.06784244,0.00041196705,1,2159,310935708
0.49578553,0.49943024,0.004632332,0.00015189701,0,2163,1188948682
0.9210898,0.07873845,7.9298006e-05,9.2518254e-05,0,2163,1923728788
0.40418106,0.59177154,0.0040050275,4.238903e-05,0,2163,899252395
0.939923,0.05995294,5.870153e-05,6.530792e-05,0,2163,1935638479
0.04654958,0.8256631,0.12730189,0.00048544264,1,21678,351625203
0.027261006,0.8708429,0.100518316,0.0013777985,1,21678,1400217976
0.00043149333,0.7720337,0.22752109,1.3689072e-05,1,21678,2024828753
0.1698372,0.7952844,0.034607492,0.00027092127,1,21678,949184823
0.27996576,0.6718829,0.046597265,0.0015541079,1,21678,1108829334
0.5668334,0.41770774,0.014099974,0.0013588291,1,21678,1555219451
0.0155683765,0.5482826,0.42599136,0.010157637,1,21713,1050345861
0.00013366064,0.57816064,0.42164898,5.670818e-05,1,21713,1192705244
6.892302e-05,0.4612967,0.53860885,2.5485306e-05,1,21713,1990429390
0.0012016013,0.20836681,0.7638663,0.026565267,1,21713,491155635
7.941641e-06,0.24380447,0.7561829,4.6737287e-06,1,21713,655534116
0.0010451003,0.5456318,0.4529026,0.00042053964,1,21713,974420536
0.8785864,0.12097895,0.0002094167,0.00022520119,1,21744,137087280
0.83468205,0.16471219,0.00045938365,0.00014640827,1,21744,583621111
0.9445051,0.055188514,0.000119324795,0.00018701966,1,21744,656330523
0.8953299,0.104388654,0.00020310393,7.8338504e-05,1,21744,1603828499
0.75618625,0.24230924,0.0010718672,0.00043259512,1,21744,1870570286
0.75786513,0.24189392,0.00022721915,1.3785817e-05,1,21744,5186053
0.76625586,0.233414,0.00028270483,4.747184e-05,1,21744,914840750
0.8651767,0.13447589,0.00020720213,0.00014020225,1,21744,1494457072
0.8361257,0.16360427,0.00019676264,7.335877e-05,1,21744,1804333793
0.7258571,0.2734654,0.0006080651,6.955021e-05,1,21744,2067448009
0.0032192704,0.85053164,0.14576328,0.00048578824,1,21765,4596707
0.002097378,0.70050097,0.29620463,0.0011970359,1,21765,1090520916
0.00026487338,0.41847053,0.5811481,0.00011651911,1,21765,1301601300
5.5942004e-05,0.38587502,0.6140227,4.6423353e-05,1,21765,1943278681
0.0012634164,0.6301709,0.36737216,0.0011935327,1,21765,811924383
0.00034889948,0.5144482,0.48509964,0.000103185856,1,21765,1065008946
0.00443532,0.71647483,0.27817228,0.0009176013,1,21765,1423935903
0.0016134336,0.7951344,0.20314139,0.00011068696,1,21781,887862453
0.005303066,0.8835679,0.11098255,0.00014655205,1,21781,1878001809
0.050736707,0.9136651,0.035431806,0.00016635864,1,21781,130979147
0.028346453,0.933458,0.0379208,0.00027473923,1,21781,1801374924
0.84678376,0.15279216,0.0002761529,0.00014793724,0,21784,465198714
0.36030117,0.62948304,0.00974052,0.0004753137,0,21784,1312257531
0.88775986,0.112072855,0.00011046663,5.683754e-05,0,21784,1686183485
0.4882212,0.5085656,0.0025440166,0.0006691659,0,21784,217479749
0.4780185,0.52084845,0.001067447,6.5570086e-05,0,21784,1315940354
0.72190255,0.2777167,0.00031894006,6.179454e-05,0,21784,1705587598
0.0027512005,0.14657612,0.8350769,0.015595794,2,21809,313182205
7.002472e-05,0.18970048,0.81006074,0.00016882227,2,21809,2059332617
4.644691e-05,0.17642726,0.8232641,0.00026220427,2,21809,359410081
0.000121467034,0.027739977,0.96004903,0.01208954,2,21809,1307476428
2.2417273e-05,0.041278865,0.95860857,9.0166875e-05,2,21928,1275734041
0.00035713636,0.09987008,0.89687246,0.002900303,2,21928,2073181720
0.00047802032,0.1881756,0.81091475,0.0004316725,2,21928,769477628
8.7159184e-05,0.055885848,0.9434984,0.0005286775,2,21928,1498981680
3.5544465e-06,0.07155001,0.92843986,6.5939184e-06,2,21963,209297544
4.7089023e-05,0.32572177,0.6741886,4.255697e-05,2,21963,2022230979
1.5089157e-05,0.1475269,0.8524079,5.0234543e-05,2,21963,259014189
4.2316656e-06,0.010650229,0.9891261,0.00021943128,2,21963,1295838199
0.15224925,0.84618896,0.0015323247,2.9453391e-05,1,2205,75545464
0.37130252,0.6263631,0.0022302654,0.00010416228,1,2205,555102122
0.43779844,0.5568133,0.0052351933,0.00015306065,1,2205,834604161
0.5592271,0.43727738,0.003321036,0.00017443884,1,2205,263700115
0.24786599,0.7477592,0.004320014,5.4792494e-05,1,2205,485105280
0.08725183,0.90546674,0.0072504897,3.0960782e-05,1,2205,693854644
0.27379677,0.71748215,0.008547477,0.00017364665,1,2205,1922546139
0.25358534,0.7448225,0.0015790826,1.3099588e-05,1,2205,2044128060
6.139726e-05,0.07842561,0.92024344,0.0012695428,2,22053,1060449744
2.4639535e-06,0.037861142,0.9620985,3.7902133e-05,2,22053,1665527327
4.425471e-05,0.012824957,0.9805593,0.0065715304,2,22053,13139179
2.975341e-06,0.034735803,0.9652447,1.651361e-05,2,22053,2019080665
0.9824278,0.016768541,0.00016066096,0.00064304663,0,22130,144755236
0.9797395,0.018758012,0.0002954491,0.0012070233,0,22130,1515505198
0.95701766,0.04291048,3.93389e-05,3.2473865e-05,0,22130,1899244345
0.99398214,0.005860662,1.9678657e-05,0.00013748815,0,22130,924769750
0.97692126,0.021234112,0.0005161062,0.0013285107,0,22130,1539519019
0.9704004,0.024714667,0.0008616843,0.0040232125,0,22130,1870344236
0.0033357618,0.5002293,0.49573117,0.000703798,2,22253,193300844
0.00043982675,0.55318767,0.4440696,0.0023029435,2,22253,230691265
0.0033455777,0.34204063,0.65325314,0.0013606092,2,22253,1638327503
6.566726e-05,0.30946088,0.69043916,3.4290548e-05,2,22253,47808467
0.00026305005,0.26698858,0.7326728,7.551391e-05,2,22253,221414555
0.00016932287,0.3888402,0.6107518,0.00023864533,2,22253,1994195689
0.11992759,0.8750008,0.0050527384,1.8931592e-05,1,22321,498670445
0.021323107,0.9683281,0.01032603,2.2736447e-05,1,22321,1034353496
0.03166304,0.86682427,0.10133748,0.00017510347,1,22321,1052964500
0.05125905,0.9376147,0.011010613,0.00011569815,1,22321,1185349134
0.026624296,0.9617206,0.011599043,5.608714e-05,1,22321,2017553878
0.043676004,0.82878655,0.122448154,0.0050892336,1,22330,459296727
0.009151576,0.9589169,0.031807628,0.00012392418,1,22330,1298677090
0.084079556,0.89596105,0.01905742,0.00090202317,1,22330,351516461
0.017930636,0.8930058,0.08855883,0.00050469866,1,22330,1475725068
0.0021032712,0.7043025,0.29330003,0.00029422686,2,22359,836548015
1.303772e-05,0.7764259,0.22349408,6.7035e-05,2,22359,907140921
0.00029107428,0.8707257,0.12890917,7.395885e-05,2,22359,1364844215
0.059348024,0.8864403,0.053767473,0.0004442243,2,22359,1762445904
0.018426336,0.9013229,0.080089286,0.0001614551,2,22359,1894222824
0.0022016717,0.18280531,0.8100878,0.004905246,2,22369,901592831
0.012179521,0.726387,0.26107702,0.00035641773,2,22369,2100058222
0.001188359,0.16521119,0.8269412,0.006659256,2,22369,387012585
0.0028151204,0.29542392,0.6980033,0.0037576105,2,22369,1235570197
0.00023293447,0.10918435,0.89015615,0.00042660674,2,22369,1328072139
0.010882075,0.45970035,0.5271256,0.002291976,2,22369,2083134012
9.9760946e-05,0.5403552,0.45944646,9.853966e-05,2,22393,111587136
0.0008527122,0.6224922,0.37614575,0.00050928845,2,22393,677961251
2.0471833e-05,0.48527887,0.5146849,1.5659622e-05,2,22393,923675188
0.0010322562,0.6141203,0.38476273,8.4728636e-05,2,22393,169981073
0.00016071998,0.39952797,0.6002072,0.0001040979,2,22393,418866686
0.00012266403,0.6016822,0.3981699,2.5264992e-05,2,22393,627354927
6.271499e-05,0.32385248,0.67601234,7.251225e-05,2,22393,2082500802
0.00018741112,0.10179164,0.8911181,0.0069028516,2,22562,168026535
0.00032276116,0.29194626,0.7071782,0.0005528403,2,22562,1491977729
0.00019002317,0.23628473,0.76224685,0.0012784085,2,22562,1698906790
1.0454472e-06,0.010551901,0.9893672,7.98905e-05,2,22562,1762637461
1.9804475e-05,0.1839889,0.81597894,1.2278304e-05,2,22562,184187010
9.03237e-07,0.019250832,0.98048925,0.00025905448,2,22562,1512279672
0.55067664,0.4474702,0.0016693551,0.00018377343,0,22653,119641830
0.4889843,0.50623447,0.0045297015,0.0002515217,0,22653,668879889
0.7124626,0.28646103,0.00097362767,0.00010270542,0,22653,307520062
0.23037611,0.76384914,0.00573873,3.6036177e-05,0,22653,1517345892
0.5753239,0.4196858,0.004534987,0.00045525885,0,22653,1829316911
0.960919,0.03797292,0.00050265883,0.0006054083,0,22687,125769615
0.9886468,0.011299738,2.3583949e-05,2.9875979e-05,0,22687,362303403
0.98649186,0.013461793,1.3621345e-05,3.2642616e-05,0,22687,765642365
0.9862343,0.013715063,1.5138706e-05,3.5510628e-05,0,22687,2123324023
0.994146,0.0057337643,1.4685918e-05,0.00010558555,0,22687,258947692
0.98931956,0.010325604,6.6515604e-05,0.0002882855,0,22687,515800754
0.9471445,0.052644424,0.00011208994,9.891459e-05,0,22687,1999772196
0.0005331631,0.5520057,0.4472461,0.00021499909,1,22703,1715720547
3.175007e-06,0.16108179,0.8388905,2.4476372e-05,1,22703,2128343739
3.37846e-05,0.25979486,0.7401578,1.3524004e-05,1,22703,694656201
0.00013503846,0.51307297,0.48678446,7.535288e-06,1,22703,1034696973
1.1433225e-05,0.003118649,0.937238,0.059631962,2,22766,1183214834
2.6427085e-06,0.00057906104,0.89050716,0.10891109,2,22766,1253966080
9.742027e-05,0.014359758,0.9505026,0.03504023,2,22766,200520414
3.2670654e-05,0.013422872,0.9772744,0.009270092,2,22766,478904995
3.1507137e-05,0.009400496,0.8993903,0.091177635,2,22766,1144373872
0.000121139616,0.008044217,0.78825104,0.20358361,2,22766,1285868936
2.3197729e-06,0.004309039,0.99429023,0.0013983874,2,22766,1696722394
6.201571e-05,0.017230505,0.9712975,0.011409906,2,22817,918012251
2.8444404e-07,0.011052502,0.98890954,3.775498e-05,2,22817,1123527498
8.982164e-05,0.051236153,0.931631,0.017042918,2,22817,625895875
2.7330063e-06,0.0062195933,0.9752617,0.018515917,2,22817,950063228
0.437896,0.5531673,0.008271074,0.0006656473,1,22826,690125725
0.5912594,0.39504468,0.012788606,0.00090730813,1,22826,1161526333
0.17893784,0.812206,0.008757647,9.858989e-05,1,22826,419140975
0.35514808,0.6401833,0.004540268,0.0001282726,1,22826,907556597
0.20543082,0.7879193,0.0066420836,7.7635e-06,1,22826,1624383188
0.0063657607,0.8592557,0.13435717,2.1404274e-05,1,22860,1938449367
0.0029389185,0.72307223,0.27382106,0.00016782328,1,22860,2025091558
0.76600045,0.23199126,0.0017662488,0.00024203485,1,22860,211811677
0.0013430848,0.9461321,0.052509546,1.52529565e-05,1,22860,768375237
0.53702545,0.45508698,0.006980353,0.00090720586,1,22937,179977289
0.6069013,0.39183375,0.0011843026,8.068271e-05,1,22937,1051182396
0.5210594,0.46952158,0.008495805,0.00092328445,1,22937,455627632
0.73687315,0.26277235,0.0003052268,4.9239785e-05,1,22937,1930272915
0.00026537947,0.73587596,0.26385242,6.2685294e-06,1,23082,1066840569
0.00020670061,0.709536,0.29024783,9.490969e-06,1,23082,2028845048
0.00019509361,0.39635468,0.60332555,0.00012465134,1,23082,175796559
0.00040779242,0.43719542,0.56230557,9.1177404e-05,1,23082,775905981
3.618333e-05,0.36573786,0.6342214,4.53448e-06,1,23128,752293679
7.8779e-05,0.29060808,0.7092765,3.6643112e-05,1,23128,1339357847
0.00083013397,0.7420651,0.2570843,2.0469843e-05,1,23128,154651696
0.00043807505,0.6475223,0.35200384,3.5879886e-05,1,23128,1356437896
0.00089506904,0.75299424,0.24609,2.077178e-05,1,2317,1115643101
0.003265977,0.48646596,0.5086012,0.0016668986,1,2317,1935829544
0.000706362,0.3000919,0.69875854,0.00044321537,1,2317,159628149
0.0001719859,0.3950788,0.6043668,0.00038242387,1,2317,1551743306
0.005309419,0.30975547,0.6837885,0.0011465639,2,23338,675194585
0.0024153567,0.2002485,0.79293156,0.004404539,2,23338,1032653021
0.0035366204,0.065105475,0.627241,0.3041169,2,23338,1395631511
0.0002040918,0.026066542,0.96748406,0.006245253,2,23338,1986793649
0.03556757,0.21931645,0.71166825,0.033447724,2,23338,787652499
0.00054041616,0.04260385,0.95537436,0.0014813773,2,23338,917833421
0.0003106389,0.1915822,0.8079644,0.00014281513,2,23338,1514395554
0.06309317,0.28753194,0.6131911,0.036183834,2,23338,1626114519
0.0004735127,0.13380355,0.86483777,0.00088522135,2,23338,1779521402
0.0012508235,0.12011728,0.86939,0.009241849,2,23344,661352576
5.1717966e-06,0.09555046,0.90443534,9.00999e-06,2,23344,1029939477
9.431241e-06,0.065906614,0.93407154,1.2320486e-05,2,23344,1456038172
0.00041343027,0.077798426,0.91989386,0.0018942843,2,23344,1416093920
0.00052296196,0.14223498,0.8565305,0.0007115281,2,23344,1485759556
0.0006160353,0.20025145,0.79876876,0.000363706,2,23344,1926946495
0.18033147,0.80933714,0.010245978,8.5361244e-05,1,23345,445421651
0.41673827,0.5721623,0.010956276,0.00014322203,1,23345,2048604577
0.063963875,0.9251097,0.010902114,2.4245917e-05,1,23345,2106686626
0.84678346,0.15257093,0.00057167804,7.399128e-05,1,23345,1254266003
0.5319312,0.46538174,0.002583889,0.000103170656,1,23345,1791547904
0.103395715,0.86722726,0.028804429,0.00057250104,1,23345,2146141205
0.00027800378,0.04850448,0.77108365,0.18013397,2,23419,665997729
0.010684652,0.32255313,0.5502378,0.11652442,2,23419,919331182
0.014191957,0.63150114,0.35320282,0.0011040538,2,23419,1205359306
0.00013512737,0.005801564,0.46190897,0.5321543,2,23419,1776833694
0.001471289,0.06596056,0.76929414,0.16327399,2,23419,949631286
0.00069467345,0.004626303,0.18006173,0.8146173,2,23419,1302446422
0.026705138,0.35354254,0.44631746,0.17343481,2,23419,1428980376
0.0022402033,0.1219302,0.78862906,0.08720055,2,23419,1640890791
1.15176435e-05,0.002434324,0.97424793,0.023306206,2,23540,1436996388
8.456392e-07,0.00092227233,0.9985079,0.0005689877,2,23540,1911180846
1.0278583e-06,0.0044889273,0.9949215,0.0005884722,2,23540,2040462482
0.00018162538,0.009459412,0.9421388,0.04822015,2,23540,392067061
1.5666323e-05,0.0011237443,0.8650764,0.1337842,2,23540,793836288
1.0348308e-06,0.00017907866,0.966199,0.033620887,2,23540,1287075444
1.9359417e-05,0.00044442064,0.7168449,0.28269124,2,23540,1670754453
0.0008807515,0.17912742,0.8115941,0.008397744,2,23608,471010287
1.373044e-08,0.0036740678,0.9963242,1.8337405e-06,2,23608,891637304
1.9503354e-07,0.011860826,0.98809975,3.9174407e-05,2,23608,243955895
0.00015820294,0.14171195,0.8565639,0.0015659912,2,23608,939842535
0.012745156,0.76153815,0.2219833,0.0037333528,1,23643,694225462
0.0020928679,0.71758807,0.2796223,0.0006967728,1,23643,1879604768
0.00091708143,0.45498562,0.5437512,0.00034609184,1,23643,366903286
1.7980112e-05,0.11385078,0.8860256,0.000105632564,1,23643,966753341
7.0577145e-05,0.004124165,0.54226,0.45354524,2,23652,266998934
1.5475549e-05,0.004839166,0.8936499,0.10149551,2,23652,699161877
5.6234483e-05,0.00706861,0.88334376,0.10953137,2,23652,1033355998
4.769587e-05,0.048122134,0.947958,0.0038722204,2,23652,1688319449
0.46645498,0.5307981,0.0026687405,7.817778e-05,0,23798,40756199
0.15561485,0.8169407,0.026942333,0.00050212006,0,23798,1205643916
0.6159236,0.3789281,0.004815812,0.00033254668,0,23798,157871832
0.3629524,0.6294526,0.007352739,0.00024229006,0,23798,1476068626
0.6431641,0.35458812,0.0019858903,0.0002619125,0,23798,1735232732
0.00019149436,0.7373323,0.26246276,1.3421429e-05,2,23862,114504506
0.0017901347,0.78175294,0.21604626,0.00041067152,2,23862,1423954497
0.00017858784,0.5207858,0.4790038,3.1819363e-05,2,23862,249158083
0.00013097009,0.2955088,0.7041274,0.00023285637,2,23862,796803972
0.00016140951,0.004593247,0.7794038,0.21584152,2,23909,277523961
1.3465396e-06,0.006034773,0.9932608,0.00070315646,2,23909,2078079301
0.00013005418,0.01675266,0.9576398,0.025477512,2,23909,985491328
0.00017297546,0.006610244,0.8062232,0.18699354,2,23909,1087001112
0.00012482677,0.0021427488,0.38707933,0.6106531,2,23940,1099649351
3.2446384e-05,0.0010842306,0.41684064,0.5820427,2,23940,1308267993
2.9419029e-05,0.00028001503,0.30638516,0.6933054,2,23940,197756162
8.981758e-05,0.00031348458,0.14076924,0.85882753,2,23940,2008553925
1.3298948e-06,0.007282248,0.9924005,0.00031584772,2,24086,55778582
3.6246888e-07,0.024249436,0.9757269,2.32972e-05,2,24086,984393876
5.3141714e-05,0.06071988,0.9384719,0.00075507996,2,24086,1522411976
0.0010073854,0.0452824,0.92898124,0.024728857,2,24086,320934778
1.573433e-05,0.042802114,0.9564571,0.00072504795,2,24086,795016809
6.7079534e-05,0.020590952,0.95969516,0.019646907,2,24086,1496834430
0.00010103288,0.00024818024,0.01774877,0.981902,3,24121,227876514
0.00023535706,0.0010987847,0.0396573,0.9590086,3,24121,1297059693
5.0715447e-05,6.5499604e-05,0.033714205,0.9661696,3,24121,193725339
7.823029e-06,2.3610553e-05,0.041066203,0.95890236,3,24121,1047449999
9.956206e-05,0.00076117954,0.12974745,0.86939186,3,24121,1103401820
0.0002455095,0.0016328612,0.22350307,0.7746185,3,24121,1666141346
0.0019016624,0.1031826,0.8577995,0.03711623,2,24141,1066710235
0.00030007993,0.028557014,0.8156549,0.15548806,2,24141,1349153465
0.00025395546,0.013584572,0.6609855,0.3251759,2,24141,264121965
2.2609609e-05,0.00017298221,0.073169276,0.9266351,2,24141,1584076835
0.53919303,0.4545233,0.0049294876,0.0013541093,1,24204,310760509
0.39763993,0.5822856,0.019063672,0.00101071,1,24204,895229633
0.604486,0.38711238,0.0071995514,0.001202091,1,24204,1461309443
0.19148682,0.7931057,0.014763618,0.00064388337,1,24204,1948164128
0.33534196,0.6543491,0.009915746,0.00039325544,1,24204,447215002
0.7551955,0.24118894,0.0030598866,0.00055564544,1,24204,1638544593
0.5389886,0.44556648,0.013227868,0.0022171377,1,24204,1640250691
0.47317448,0.520603,0.005451924,0.00077062286,1,24204,1991399451
1.3591259e-05,0.08991736,0.9099284,0.00014068282,2,24233,322305519
4.524997e-05,0.07706145,0.9199339,0.0029592824,2,24233,505255398
6.833877e-05,0.1254006,0.87388206,0.00064898026,2,24233,249829419
3.1707637e-05,0.034551214,0.9577573,0.007659793,2,24233,1763862116
0.079161935,0.77255046,0.14754462,0.00074304163,2,24243,404518975
0.00010343911,0.21891646,0.78076965,0.00021043982,2,24243,1893171117
0.26905847,0.47420806,0.25133938,0.00539416,2,24243,1915026110
0.00748205,0.7024511,0.28948715,0.00057961664,2,24243,688580795
0.029262686,0.5477969,0.42261776,0.00032265304,2,24243,1357878426
0.0006291037,0.5122219,0.48710507,4.395683e-05,2,24243,1482751222
0.004989092,0.9187019,0.07562461,0.00068453857,1,24269,152851346
0.21101463,0.77886695,0.010008626,0.00010984328,1,24269,760258995
0.08897945,0.8760844,0.034137283,0.0007988448,1,24269,1313972129
0.336774,0.6604111,0.002740385,7.448123e-05,1,24269,2114118593
0.9859995,0.013968159,9.386617e-06,2.294244e-05,0,24298,893078519
0.98990333,0.009964557,3.3685894e-05,9.853821e-05,0,24298,1675612540
0.9714162,0.028459711,4.2931104e-05,8.1104874e-05,0,24298,767079749
0.9629603,0.03661976,0.00014497188,0.0002749593,0,24298,1099920497
6.316633e-06,0.12544061,0.87444603,0.000107011096,2,24310,137039509
0.00031135985,0.4466081,0.5477249,0.005355586,2,24310,418038517
0.00026194652,0.51830435,0.48128018,0.00015346645,2,24310,625697618
2.1656058e-06,0.07696781,0.92281896,0.00021100942,2,24310,169573827
3.0309448e-05,0.2888158,0.7110889,6.4951804e-05,2,24310,1234603388
0.00040890355,0.32919776,0.67016894,0.0002244379,2,24336,741271206
0.00040932244,0.4865535,0.5129716,6.562382e-05,2,24336,762019464
0.0045499266,0.4156626,0.57782733,0.0019601462,2,24336,1860912111
0.00032563548,0.83769256,0.16192448,5.7283978e-05,2,24336,600165706
0.025914988,0.6441957,0.32698733,0.002902006,2,24336,1293986007
0.006549302,0.72601235,0.2668962,0.0005421152,1,24432,206265254
0.0017624199,0.41506717,0.57767254,0.0054978933,1,24432,425102640
1.8466015e-05,0.038958106,0.95826524,0.002758125,1,24432,827138876
4.5033907e-05,0.1853369,0.8144011,0.00021693906,1,24432,1308110398
0.016705832,0.8564268,0.12662557,0.00024174682,1,24547,541986614
0.00078649906,0.7545213,0.24461673,7.54894e-05,1,24547,1601378533
0.25083598,0.7351517,0.013944322,6.8017776e-05,1,24547,1255665594
0.044863176,0.9420771,0.013038608,2.1109436e-05,1,24547,2053483061
0.015551187,0.08480704,0.6332102,0.26643157,2,24553,179593899
0.00027552602,0.16156803,0.8330007,0.0051556495,2,24553,498259559
0.009397515,0.09477229,0.8575684,0.038261846,2,24553,742734272
4.7652396e-05,0.02718874,0.8857478,0.087015875,2,24553,810528820
0.02624618,0.085300915,0.6538549,0.23459801,2,24553,152999581
0.017093027,0.29730645,0.64215815,0.04344241,2,24553,510349153
0.12483424,0.3076238,0.47215086,0.09539115,2,24553,714234152
0.0058349944,0.14969897,0.78946346,0.05500258,2,24553,1166874654
0.0006843328,0.03169959,0.942903,0.024713155,2,24557,240659199
0.00067853165,0.052407995,0.9185398,0.02837362,2,24557,526549687
1.31493925e-05,0.004409505,0.94911677,0.046460595,2,24557,1190427783
9.798193e-05,0.010596603,0.8597097,0.12959574,2,24557,7345871
0.0004151646,0.009034682,0.887284,0.103266194,2,24557,534896684
0.63454914,0.34160247,0.017743725,0.006104634,1,24564,1095396480
0.64941406,0.34950003,0.00068214966,0.00040378387,1,24564,1109475818
0.47949466,0.49471563,0.015795985,0.009993731,1,24564,360716168
0.2979253,0.6953771,0.0050004544,0.0016971508,1,24564,1638694017
3.0444127e-05,0.15906529,0.8406455,0.00025877284,2,24566,453137519
7.600041e-06,0.03850287,0.9610951,0.00039448467,2,24566,2113818633
4.5076666e-07,0.0038206035,0.9960388,0.00014011838,2,24566,182623219
7.430408e-05,0.0451491,0.94661623,0.008160489,2,24566,942041246
6.1082005e-06,0.03572064,0.96411496,0.00015836905,2,24581,111454965
2.0663663e-05,0.05199038,0.9458328,0.0021561887,2,24581,882925909
8.7602086e-05,0.14185724,0.85565126,0.0024039217,2,24581,726573843
0.00023337027,0.042009287,0.86973137,0.08802598,2,24581,1234748992
0.2115251,0.71168566,0.07328057,0.0035087029,1,24585,8122367
0.002817313,0.7437824,0.25271726,0.00068300875,1,24585,168221615
0.24602965,0.71179944,0.040987935,0.0011829584,1,24585,487375159
0.083904676,0.80461925,0.10595657,0.0055195577,1,24585,480456805
0.001765186,0.6876907,0.31010923,0.00043486813,1,24585,1405513413
0.07588725,0.70066744,0.2101501,0.013295184,1,24585,1431346577
0.0005752635,0.033558782,0.75326586,0.2126001,2,24599,173454910
0.013042604,0.13219452,0.5679449,0.28681797,2,24599,1259645023
0.00026575173,0.005412483,0.3183618,0.67596006,2,24599,1410242946
8.935884e-05,0.089912094,0.89746326,0.012535304,2,24599,1946658043
0.0001320255,0.025842763,0.8386292,0.13539596,2,24599,302397459
0.016383393,0.08078447,0.4057436,0.4970886,2,24599,1074357139
0.0004991818,0.07962238,0.7740307,0.14584771,2,24599,1183857547
0.00052036636,0.010295386,0.3426334,0.64655083,2,24599,1794254610
2.7306254e-05,6.492008e-05,0.027462395,0.9724454,3,24636,1118092364
0.00011000761,0.00039476363,0.04751389,0.9519813,3,24636,1684930922
2.4965966e-05,9.9719015e-05,0.034101572,0.9657738,3,24636,1080914793
1.7357097e-05,2.1146228e-05,0.014886073,0.9850755,3,24636,1483474091
0.9774047,0.022462187,3.3440145e-05,9.9678284e-05,0,24644,252013216
0.98024726,0.019666974,2.8773407e-05,5.7008958e-05,0,24644,1383830113
0.9629185,0.036962107,4.7936977e-05,7.144994e-05,0,24644,249677
0.98943967,0.010532058,7.707023e-06,2.0568923e-05,0,24644,636410662
0.9542517,0.045681454,3.556031e-05,3.1222666e-05,0,24644,1217832977
0.19732445,0.7083892,0.09354359,0.0007427442,0,24710,1328485202
0.282072,0.7085415,0.00924082,0.00014558694,0,24710,1923389718
0.3994387,0.58754927,0.01262859,0.00038337422,0,24710,336101230
0.5039773,0.4906677,0.0047083083,0.00064668315,0,24710,1021618321
0.31566235,0.6687478,0.0151715735,0.0004181765,0,24710,1666777642
0.005466092,0.6184863,0.3684271,0.007620509,2,24782,288765902
0.023374537,0.3469749,0.6234809,0.006169604,2,24782,736217997
0.001506047,0.13570933,0.86199075,0.0007938679,2,24782,743119245
0.0025238064,0.13999215,0.8562177,0.0012664283,2,24782,1029331922
0.0006657473,0.11704054,0.87785006,0.004443633,2,24782,1987965672
0.0513076,0.92431,0.024175046,0.00020733326,1,24823,941419694
0.12054314,0.84823686,0.030901216,0.00031884975,1,24823,1879228124
0.007601288,0.9715504,0.020802587,4.579948e-05,1,24823,2115046188
0.0065717464,0.5078606,0.4853177,0.00024998488,1,24823,1967002780
0.009411199,0.7326661,0.2576907,0.00023202857,1,24823,1983512783
2.2432365e-05,4.86193e-05,0.08583153,0.9140974,2,24824,823790196
5.05486e-05,0.00016321412,0.26134735,0.73843884,2,24824,1922374111
0.000108910834,0.00353841,0.7490725,0.24728017,2,24824,309785457
2.7410104e-05,6.985571e-05,0.09252186,0.9073808,2,24824,441263160
0.0015004402,0.027187185,0.51607037,0.455242,2,24845,1201333226
0.0013517822,0.10529862,0.48083538,0.41251415,2,24845,1419558211
0.019116167,0.30003732,0.6456554,0.03519104,2,24845,1551910843
0.044773422,0.3213875,0.5270375,0.10680151,2,24845,1642793937
8.7258006e-05,0.0044327495,0.2355538,0.7599262,2,24845,404790901
8.457791e-05,0.0042733676,0.4329549,0.5626871,2,24845,1707799086
6.706824e-05,0.0030820644,0.18826908,0.80858177,2,24845,1812239773
0.0031494289,0.04293795,0.65723366,0.29667902,2,24845,2051486099
1.03914645e-05,0.063545644,0.93625104,0.00019296039,2,24887,1500094188
5.7255143e-06,0.0034879865,0.99140584,0.005100459,2,24887,2002265115
4.6028713e-06,0.04030485,0.959508,0.00018262709,2,24887,134062349
1.5813914e-05,0.029674117,0.96748257,0.0028275491,2,24887,486884967
0.16481782,0.7409798,0.07893148,0.015270893,0,24906,511490556
0.3534494,0.6058658,0.03914398,0.0015408603,0,24906,822683321
0.4975394,0.47805008,0.0156713,0.008739207,0,24906,1204289874
0.06610386,0.80897367,0.12143479,0.0034876943,0,24906,1527195043
0.36019668,0.6355691,0.0041304193,0.00010381342,1,25101,14100413
0.28530946,0.7089414,0.005509214,0.00023994797,1,25101,94746098
0.51434517,0.47704297,0.007694046,0.000917778,1,25101,1260330255
0.7806677,0.2184165,0.00078498165,0.00013078473,1,25101,337080086
0.8703712,0.12926763,0.00028269037,7.8479396e-05,1,25101,1382430597
0.3540886,0.6401599,0.0051736026,0.0005778475,1,25101,1693107430
0.00022695228,0.014188287,0.6690163,0.31656846,3,25114,616148738
0.0018684302,0.08728503,0.8519927,0.058853813,3,25114,1766504123
0.0035051429,0.053176407,0.37287205,0.5704464,3,25114,730039852
0.014777912,0.20092654,0.53116417,0.2531314,3,25114,1080096064
0.0017212151,0.020521535,0.4172758,0.5604814,3,25114,1668839768
1.899966e-05,0.0037494441,0.9604446,0.035786852,3,25129,1158149796
2.7319342e-05,0.02578003,0.973047,0.0011455792,3,25129,1649171056
2.6235315e-05,0.00794309,0.9600472,0.03198354,3,25129,519670691
1.4539195e-06,0.0023263157,0.99683255,0.0008396853,3,25129,1786467280
5.137679e-06,0.0036857056,0.9940253,0.0022839587,3,25129,1846317500
0.0012997484,0.52670854,0.4707096,0.0012821374,2,25325,812789747
0.001211044,0.39272615,0.60597783,8.500301e-05,2,25325,880801637
0.005029602,0.58314764,0.41135266,0.00047014182,2,25325,155851844
0.012404515,0.48809156,0.48721507,0.0122888535,2,25325,1082350590
0.0002463288,0.17791907,0.79727507,0.024559451,2,25369,1680253835
0.00034676644,0.39097723,0.60647327,0.0022027348,2,25369,1854899389
0.00013652034,0.25084057,0.74676186,0.0022610214,2,25369,821681566
8.103755e-05,0.13475187,0.85908717,0.006080002,2,25369,1134675907
0.012152706,0.9580199,0.029778894,4.8509628e-05,1,25378,143027758
0.0009207944,0.35655016,0.6417456,0.0007834492,1,25378,1513491731
0.029350383,0.8471771,0.12248376,0.0009887161,1,25378,243994735
0.0461746,0.9371054,0.0165776,0.00014232883,1,25378,577782072
0.17882293,0.8096427,0.011297858,0.00023658076,1,25378,1720792604
0.15218988,0.8370207,0.010649762,0.00013965325,1,25378,1998989904
1.9842732e-07,0.03427462,0.965719,6.1606597e-06,2,25402,1344686282
7.5910166e-06,0.064362094,0.935594,3.625134e-05,2,25402,1692762920
1.8497963e-07,0.018632274,0.9813628,4.6165455e-06,2,25402,1827476451
2.9132725e-06,0.016185677,0.98370945,0.00010192297,2,25402,353757771
7.417786e-05,0.09962827,0.9000079,0.0002896817,2,25402,633102402
0.07873378,0.7846861,0.13308813,0.0034920294,1,25433,608031823
0.20180911,0.7661777,0.027685791,0.0043273894,1,25433,1979131702
0.00058639084,0.5508305,0.44578162,0.002801555,1,25433,165655136
0.005899363,0.7899643,0.20364675,0.0004896019,1,25433,1214122943
0.0464029,0.8133,0.13825476,0.0020423254,2,25456,1743606971
0.06745258,0.80645865,0.12112761,0.004961165,2,25456,2038389150
0.11483242,0.80956197,0.075097494,0.00050807616,2,25456,948703286
0.024739787,0.6076201,0.3614714,0.0061686886,2,25456,1572195615
4.0695292e-07,0.0025309632,0.99737203,9.6659656e-05,2,25478,155391196
7.785175e-05,0.0016886431,0.47847733,0.5197562,2,25478,767154727
4.300271e-06,0.005020534,0.9929299,0.0020453513,2,25478,1415857117
4.905647e-06,0.00079820666,0.8817893,0.11740759,2,25478,1858484914
0.25588906,0.74011576,0.0039784247,1.673211e-05,1,2552,189350088
0.43393835,0.5511969,0.014427076,0.0004376755,1,2552,675625291
0.3554683,0.62985414,0.014287146,0.00039045513,1,2552,698117587
0.3521541,0.6251418,0.022113027,0.0005910232,1,2552,1536859701
0.28274044,0.7114978,0.005659354,0.00010241287,1,2552,223054388
0.59647715,0.40247157,0.0009806472,7.068764e-05,1,2552,1550160521
0.0012603732,0.6133929,0.38506547,0.00028130712,1,25520,465605442
0.0028973848,0.35554108,0.6400113,0.0015502298,1,25520,1880976133
0.00028491454,0.4308682,0.56858766,0.00025925564,1,25520,1789863177
9.981135e-05,0.58079755,0.41903684,6.579717e-05,1,25520,1987243243
0.0032286933,0.60762197,0.3887925,0.00035680603,1,25520,2053615556
0.95756996,0.04205912,0.00014149267,0.00022936714,0,25538,1408139656
0.94821376,0.050378874,0.0002998361,0.0011075095,0,25538,1944203904
0.8943858,0.10470086,0.0003894817,0.00052385754,0,25538,1608814541
0.8743006,0.12397323,0.0006080081,0.0011181129,0,25538,1922513800
1.9287872e-05,0.056618344,0.9430028,0.0003595394,2,2564,1653694497
8.4793255e-06,0.0041537667,0.99171996,0.004117798,2,2564,2109685949
0.00032722368,0.09536528,0.89944863,0.0048587993,2,2564,1425372395
7.91449e-06,0.019245693,0.98046875,0.00027769018,2,2564,1570678080
0.25905138,0.72769856,0.012682866,0.0005671344,1,25682,221546864
0.018898929,0.9369271,0.04400558,0.00016847164,1,25682,1585911173
0.54433835,0.45389128,0.0016264467,0.00014392758,1,25682,44154240
0.031073168,0.95154923,0.01707271,0.00030488215,1,25682,106935677
0.7867991,0.2116735,0.0011507849,0.0003766641,1,25682,212372161
2.115236e-08,0.00086333946,0.9990202,0.00011640808,2,25709,1082753612
0.00013816837,0.09838384,0.90108913,0.00038888102,2,25709,1410656943
0.0016543157,0.063074656,0.8287593,0.106511734,2,25709,1643117062
0.0001996885,0.097636625,0.89840126,0.0037623732,2,25709,1256103511
5.5786422e-06,0.16239999,0.8375865,7.927588e-06,2,25709,1532085069
0.72680247,0.2714923,0.0013244301,0.00038080994,0,25745,947265919
0.7097579,0.28898397,0.001178705,7.943795e-05,0,25745,2031824097
0.90393937,0.09552908,0.00042074965,0.00011079374,0,25745,2097469480
0.7429125,0.25655442,0.0005203663,1.2758589e-05,0,25745,2117402068
0.0012790867,0.30446425,0.69388884,0.00036783653,2,25806,78611385
0.0001263546,0.03788075,0.9586241,0.0033687472,2,25806,711574313
0.0006494408,0.101156965,0.8955632,0.0026304158,2,25806,1256593958
7.33082e-05,0.016049545,0.9805438,0.0033333525,2,25806,689611791
3.4616667e-05,0.08444075,0.91538435,0.0001403009,2,25806,1439055056
7.628022e-05,0.0543776,0.94319355,0.002352631,2,25806,1479620796
0.9175457,0.0806633,0.0009953511,0.0007956842,1,25972,692892617
0.94657403,0.053060655,0.00019375149,0.00017156365,1,25972,2009178043
0.9448398,0.054575052,0.00024100099,0.00034412075,1,25972,187852427
0.93508,0.06426437,0.00033876993,0.00031692832,1,25972,195615028
0.9336663,0.06584208,0.00026483016,0.00022686564,1,25972,1202061797
0.3793199,0.6194113,0.0012031713,6.56329e-05,1,26006,301874408
0.17827386,0.8185433,0.0031357196,4.715868e-05,1,26006,537536205
0.28645825,0.70678556,0.0065123956,0.00024382726,1,26006,522621343
0.5379996,0.4555613,0.0053317426,0.0011073782,1,26006,640844088
2.833999e-05,0.25007737,0.74986416,3.0146997e-05,2,26038,813152296
3.4848777e-05,0.07604928,0.9230473,0.00086856075,2,26038,1455635064
0.00014351978,0.1437417,0.8556174,0.0004973764,2,26038,1559991199
4.0709878e-05,0.1030509,0.89613736,0.0007711149,2,26038,1758716241
0.09543521,0.8719837,0.032520436,6.055563e-05,1,26059,821636830
0.16507883,0.8150794,0.019689653,0.00015213285,1,26059,888248312
0.33742842,0.65722823,0.005302157,4.117907e-05,1,26059,1296175004
0.6934781,0.3027408,0.002343268,0.0014377896,1,26059,236604157
0.7822395,0.21740809,0.00027271843,7.965586e-05,1,26059,702102734
0.00044149804,0.29394478,0.7032665,0.002347207,2,2606,230673267
0.0007155335,0.66382825,0.3354247,3.1503387e-05,2,2606,824029134
0.0022264663,0.36941037,0.62494326,0.0034198763,2,2606,1300332380
0.00015608818,0.1747779,0.8231642,0.001901788,2,2606,72547626
8.0688056e-05,0.15289293,0.8450765,0.0019498145,2,2606,477871193
0.00030718377,0.17378046,0.81186247,0.014049895,2,2606,1243766254
1.8856713e-07,0.0007585576,0.9991503,9.091364e-05,2,2612,767222515
5.253011e-07,0.007116535,0.99280304,7.989997e-05,2,2612,2146340154
1.5836047e-05,0.004953485,0.98826575,0.0067650382,2,2612,329275852
4.5394495e-06,0.007262815,0.9907504,0.0019822908,2,2612,1802348073
1.04738765e-05,0.0007528293,0.9171414,0.08209524,2,26180,451900759
3.522847e-05,0.024364894,0.97237206,0.003227863,2,26180,828420970
8.2526753e-07,0.0015930451,0.99568605,0.0027200466,2,26180,387635631
0.00021152469,0.009677341,0.9307802,0.05933095,2,26180,1176748917
0.000216831,0.599901,0.39983335,4.8796723e-05,2,26255,2011905059
0.00011027614,0.6041983,0.3956741,1.726322e-05,2,26255,2072472746
0.00021508649,0.20905817,0.7888518,0.0018749642,2,26255,189228751
0.00016272278,0.61671257,0.3830691,5.5583503e-05,2,26255,354941283
1.0587877e-05,0.27419215,0.72577274,2.4559211e-05,2,26333,156475979
3.8199607e-05,0.020573176,0.9732367,0.0061519947,2,26333,962405425
2.8316729e-06,0.0075313863,0.99108315,0.0013826261,2,26333,223941345
5.950229e-07,0.04961556,0.95037353,1.035091e-05,2,26333,795558910
0.0049574585,0.17336698,0.79050684,0.031168707,1,26390,867784405
0.0026105507,0.13977747,0.748921,0.108690955,1,26390,970226926
0.0041302764,0.39317954,0.6025873,0.00010285135,1,26390,1093399568
0.0018879909,0.19466129,0.80256027,0.00089042145,1,26390,1636089777
0.027645057,0.1785996,0.5267838,0.2669715,1,26390,28051321
0.01728131,0.04742966,0.22903517,0.7062539,1,26390,331723521
6.7277097e-07,0.0012731067,0.99492776,0.0037984862,2,26414,1113060686
8.031869e-06,0.009839758,0.9899839,0.00016829818,2,26414,1337534167
5.8102163e-05,0.025126783,0.973407,0.0014081014,2,26414,1347673116
7.7204857e-07,0.021841927,0.978091,6.6308115e-05,2,26414,137755250
9.943835e-05,0.04567953,0.95187557,0.0023455315,2,26414,1249877771
1.0295773e-05,0.034529082,0.96536237,9.833392e-05,2,26414,1568618766
4.816289e-06,0.09900395,0.9009567,3.4483302e-05,2,26528,947382743
0.00021405336,0.28156114,0.7180785,0.00014628444,2,26528,1072085703
0.00023094652,0.2352382,0.76431376,0.0002170968,2,26528,545901570
1.703516e-05,0.17463824,0.82528615,5.859448e-05,2,26528,1576591939
0.024645045,0.8828887,0.09159335,0.00087296433,1,26536,480882746
0.025495468,0.9501704,0.024113912,0.0002202493,1,26536,899723978
0.006043953,0.74981153,0.24301934,0.0011252151,1,26536,225907939
0.003069609,0.86463356,0.13204749,0.00024934436,1,26536,1615891373
0.07357688,0.87687355,0.04923536,0.00031422506,0,26549,95934556
0.5705593,0.4148361,0.011084255,0.0035203372,0,26549,681546408
0.20568253,0.76622,0.02754374,0.00055369415,0,26549,738936187
0.14012142,0.7101574,0.14498457,0.004736663,0,26549,995072313
0.035188872,0.8859832,0.0784835,0.0003444597,0,26549,1360842400
0.035220154,0.8561429,0.108104,0.00053293275,0,26549,1906953729
0.20231101,0.75813156,0.03879298,0.0007644883,0,26549,17400580
0.09238909,0.8869182,0.020444524,0.0002481585,0,26549,378928624
0.30132616,0.6534016,0.041033786,0.0042384476,0,26549,1281683145
0.25634646,0.7028868,0.039196536,0.0015701124,0,26549,1856697966
0.5510382,0.44202635,0.005933658,0.0010017767,0,26549,1956122416
0.5796006,0.4159362,0.0038575893,0.00060567004,0,26549,2099231071
0.021371659,0.44926238,0.5261395,0.003226499,2,26748,168282797
0.19901186,0.49675757,0.2518143,0.052416176,2,26748,236907246
0.039183788,0.62832177,0.29719034,0.035304073,2,26748,562266253
0.10214486,0.25693953,0.504194,0.1367216,2,26748,1650577718
0.0011562463,0.23486547,0.7561311,0.007847121,2,26748,1934143942
0.0067756753,0.3718289,0.6052193,0.01617613,2,26748,360024949
0.024822593,0.54333335,0.43069863,0.0011454333,2,26748,1729225013
0.035303988,0.5944824,0.3534462,0.016767474,2,26748,1873036918
0.08182201,0.33527058,0.5231606,0.059746854,2,26748,2122327268
3.5774756e-06,0.03540636,0.96437365,0.00021639468,2,2676,312067845
0.000111199064,0.044586238,0.94867206,0.006630587,2,2676,1287196502
6.579191e-06,0.0017397804,0.98112214,0.017131498,2,2676,118903240
3.2123683e-06,0.00086526707,0.9725408,0.02659069,2,2676,1713941648
0.007575458,0.5877464,0.40296203,0.0017161851,1,26832,191973146
0.20449647,0.5986174,0.12020951,0.0766766,1,26832,300167648
0.03337136,0.25303555,0.6827885,0.030804655,1,26832,493992791
0.022775576,0.60343087,0.36460093,0.009192696,1,26832,624651677
0.1232719,0.6893225,0.18454263,0.0028629461,1,26832,1151334492
0.15978736,0.35963967,0.45933938,0.02123353,1,26832,1800930670
0.091580875,0.859408,0.047484685,0.0015263632,1,26832,1845254356
0.37387404,0.41574794,0.19095653,0.019421449,1,26832,894812318
0.016677633,0.860212,0.12219093,0.0009194356,1,26832,1341469282
0.036174726,0.4606062,0.4666521,0.036567017,1,26832,1371729737
0.009839087,0.08397994,0.7140106,0.19217041,1,26832,1527312265
0.0029905546,0.76566803,0.23093484,0.00040653598,1,26832,1666694097
0.7289528,0.2707517,0.0002564371,3.907776e-05,0,26842,656562167
0.80860406,0.18829548,0.0023872356,0.0007131602,0,26842,1886884214
0.5892968,0.40922028,0.0013357775,0.00014710076,0,26842,2128022045
0.43937302,0.55919856,0.0012992873,0.00012912463,0,26842,534424516
0.77499056,0.22311401,0.0011680432,0.00072738144,0,26842,639363121
0.63242435,0.36695328,0.00055805076,6.428964e-05,0,26842,1996747001
0.042205036,0.91286576,0.04488156,4.7663645e-05,1,26889,1973964276
0.028995056,0.915029,0.055812746,0.00016323623,1,26889,1999736519
0.012476568,0.7281291,0.25895977,0.0004345316,1,26889,810457461
0.0004545925,0.40398762,0.595416,0.00014178905,1,26889,2016437426
6.3086925e-05,0.092630796,0.90703726,0.0002688562,2,26924,736214843
0.010395425,0.5228493,0.4599317,0.006823534,2,26924,1104374505
5.886063e-05,0.019685397,0.97811335,0.002142383,2,26924,491983842
0.0013032383,0.52271914,0.47540164,0.0005759457,2,26924,2103397352
0.3967956,0.60243726,0.0007357527,3.1408057e-05,1,27039,627690153
0.2909384,0.6740086,0.033276573,0.001776391,1,27039,914766396
0.6986289,0.30035797,0.00082677277,0.00018633265,1,27039,1613344301
0.19525713,0.7565328,0.04573078,0.0024792685,1,27039,804941903
0.05906865,0.91157156,0.029280325,7.94854e-05,1,27039,820505318
0.018582597,0.9210279,0.060342878,4.6699908e-05,1,27039,871528943
0.35140815,0.6393198,0.008872158,0.00039998392,1,27039,1392019691
0.025283536,0.9637189,0.010884795,0.00011284789,1,27039,1564350780
5.3770804e-05,0.6498065,0.35013735,2.395775e-06,1,27066,67496037
0.000833151,0.6061786,0.392682,0.00030628478,1,27066,348030774
0.0052321698,0.4656221,0.52879745,0.00034832233,1,27066,372701702
0.00053522305,0.7227004,0.27672315,4.1138934e-05,1,27066,2088655834
0.0005425966,0.44982556,0.5489764,0.00065537816,1,27066,339934947
1.1307812e-05,0.27296495,0.7270028,2.0984493e-05,1,27066,1104994408
3.682687e-06,0.18732058,0.8126715,4.230484e-06,1,27066,1440736542
0.0037928151,0.91982377,0.07635475,2.8665843e-05,1,27164,1073133672
0.031661343,0.93300885,0.035299037,3.08127e-05,1,27164,1231059707
0.0010026445,0.8948601,0.10404434,9.295412e-05,1,27164,1881727069
0.0028072835,0.956658,0.040504213,3.0498517e-05,1,27164,1957710235
0.0024525097,0.49886242,0.4984697,0.00021535372,1,27164,111957592
1.2443132e-05,0.4232494,0.5767232,1.4956884e-05,1,27164,2064909108
0.00014902012,0.23964052,0.759347,0.0008635047,2,27198,1003971672
0.00010457225,0.17578922,0.823477,0.00062919216,2,27198,2094234844
6.631556e-05,0.18310827,0.81654227,0.0002831919,2,27198,302099222
2.4831788e-05,0.106861934,0.8920695,0.0010436318,2,27198,1511273042
0.22176087,0.7682807,0.009578205,0.0003802215,1,27354,819482823
0.24751902,0.7387099,0.013396178,0.0003748431,1,27354,1123715997
0.039256666,0.9240906,0.036414195,0.00023848988,1,27354,1629524166
0.0036540702,0.7925014,0.20329817,0.00054636766,1,27354,618265123
0.037161037,0.8984815,0.06400554,0.00035194654,1,27354,1219273011
0.32309878,0.6418467,0.032159314,0.002895224,1,27354,1956776027
0.00026074756,0.56336975,0.4363146,5.4965672e-05,1,27371,1762126191
0.0013418829,0.7075784,0.29101303,6.675429e-05,1,27371,1956741949
0.007816602,0.5024667,0.4880007,0.0017159991,1,27371,407288580
0.0028922353,0.71684897,0.28001592,0.00024286301,1,27371,1672696958
0.00018235647,0.11435653,0.8807644,0.0046967086,2,27380,1795856359
2.3656958e-05,0.21474057,0.78485084,0.00038494694,2,27380,2009980052
9.041606e-05,0.05923578,0.91435724,0.026316455,2,27380,675799646
5.7045836e-06,0.0896492,0.9102344,0.00011071799,2,27380,1110652091
2.0233649e-05,0.096758686,0.90032405,0.0028969848,2,27465,295088085
0.00026877894,0.25458634,0.74376065,0.0013842458,2,27465,918357888
7.351525e-05,0.24601519,0.7535558,0.0003555347,2,27465,1109250922
9.127834e-06,0.07560264,0.92428017,0.00010798615,2,27465,379899235
3.331906e-05,0.1002682,0.8990007,0.0006977511,2,27465,918407048
5.133416e-05,0.0017308343,0.5704098,0.42780805,2,27473,873575526
0.00010457276,0.0037880142,0.65698606,0.3391214,2,27473,1501967742
1.6533835e-05,0.00014070724,0.13699959,0.86284316,2,27473,1976229482
0.0017028289,0.038021404,0.45986953,0.50040627,2,27473,669679792
2.2460288e-05,0.0006202712,0.2688465,0.7305107,2,27473,1433410612
4.5302793e-05,0.00095352397,0.1842046,0.8147966,2,27473,1630718481
0.0029506267,0.66885436,0.32724026,0.0009547275,2,27507,518465176
1.2905369e-05,0.13658121,0.86339146,1.4425664e-05,2,27507,1603478848
0.00095436134,0.7156339,0.28317815,0.00023360527,2,27507,620245866
4.6206645e-05,0.10091327,0.89806676,0.0009736858,2,27507,1641825899
0.3156058,0.68299466,0.0013723932,2.7198497e-05,1,27526,567345877
0.2652155,0.7172859,0.016897872,0.0006008158,1,27526,1450369342
0.6259909,0.37162977,0.002122094,0.00025723205,1,27526,2031232279
0.3666207,0.63153744,0.0017165582,0.000125357,1,27526,643866328
0.7182943,0.28069913,0.0008787361,0.00012786772,1,27526,817052819
0.9121679,0.08764544,0.000108067325,7.855815e-05,1,27526,1253455970
2.2797909e-05,0.06716363,0.9327099,0.00010364306,2,2760,18877836
3.023475e-06,0.049432468,0.95055264,1.1804567e-05,2,2760,900974638
6.76723e-08,0.015038168,0.98494893,1.2848855e-05,2,2760,1503643277
2.913188e-05,0.113163844,0.8867907,1.627309e-05,2,2760,357969173
0.00010357465,0.22730523,0.7724548,0.00013640962,2,2760,874510727
9.215714e-07,0.0762707,0.9237248,3.6357415e-06,2,2760,888477540
0.001424049,0.9022491,0.0963065,2.0376083e-05,1,27606,181594869
0.0028085632,0.57401633,0.42189702,0.0012781008,1,27606,1177795735
0.027852068,0.7501879,0.21962787,0.002332236,1,27606,197569416
0.00059243117,0.7336257,0.2657081,7.374233e-05,1,27606,319370153
0.0007277431,0.78333455,0.21586399,7.380372e-05,1,27606,705722323
0.00020679727,0.51756006,0.48218986,4.32785e-05,1,27606,1727950990
0.0007138376,0.011230802,0.504595,0.48346034,2,27661,198661502
0.00010034151,0.009840252,0.9562418,0.033817634,2,27661,798830149
0.0001013453,0.0015906879,0.4720518,0.52625614,2,27661,1723471355
0.00075170473,0.0054245233,0.45931384,0.5345099,2,27661,2011187454
0.00014141135,0.0048411638,0.54268855,0.45232886,2,27661,2080897129
0.71172744,0.2811574,0.0063653733,0.0007497832,1,27674,1021822781
0.3316053,0.61097455,0.052829966,0.004590239,1,27674,1933955326
0.031972192,0.6979362,0.26363236,0.006459245,1,27674,155246462
0.39766562,0.5787275,0.022264509,0.001342392,1,27674,619706859
0.7955258,0.1685293,0.018823532,0.017121369,1,27770,176859678
0.8135669,0.13859479,0.01766494,0.030173358,1,27770,2045216615
0.87970006,0.1038178,0.0045633973,0.01191876,1,27770,647254933
0.7374965,0.15533367,0.03149556,0.075674325,1,27770,1365270904
0.49911276,0.43360674,0.033874065,0.033406414,1,27770,1962061164
0.046087623,0.797051,0.15324411,0.0036172862,1,27815,182436520
0.00032520492,0.32955098,0.66972315,0.00040071452,1,27815,320065135
0.0008584023,0.37411147,0.6180635,0.006966616,1,27815,668321072
0.0036784876,0.84251,0.1533403,0.00047120784,1,27815,672346964
0.14253423,0.84860533,0.008683202,0.0001772206,1,27815,451194057
0.07767013,0.89348346,0.028476933,0.0003694901,1,27815,503584788
0.024180276,0.9476853,0.027988622,0.00014588887,1,27815,1057307150
0.024425423,0.9498003,0.02557419,0.00020004825,1,27815,1665887450
5.2666204e-05,0.05883865,0.84087604,0.1002327,1,27934,1517455619
2.3113158e-05,0.0029876968,0.5848291,0.41216013,1,27934,1602758114
2.999493e-05,0.031051345,0.8348502,0.13406856,1,27934,677540989
1.0325871e-05,0.013367316,0.985788,0.0008343736,1,27934,777326227
0.00087918015,0.6131378,0.38584578,0.00013725142,2,2814,525277600
0.0005984409,0.67057335,0.32855967,0.00026850676,2,2814,894607583
0.00012752609,0.4193882,0.5804427,4.160288e-05,2,2814,1247957281
9.760824e-05,0.5329865,0.46690574,1.0144991e-05,2,2814,1541445450
0.45179936,0.5382957,0.009542878,0.00036207505,1,2815,1222543220
0.23723744,0.7572203,0.00541824,0.00012402593,1,2815,1890050572
0.14805068,0.8172866,0.034250043,0.00041265387,1,2815,1060008647
0.031502545,0.8808505,0.08741803,0.000228935,1,2815,1971482084
0.000753397,0.20086049,0.7909219,0.007464206,1,2821,820433520
2.9326828e-05,0.14902793,0.84998345,0.0009593681,1,2821,1329945541
0.0015909455,0.42608833,0.56685466,0.0054660523,1,2821,494034978
3.3732238e-05,0.30704072,0.6929154,1.0246245e-05,1,2821,850182403
0.0001631819,0.010148438,0.83766544,0.15202299,2,28275,1347485144
0.0002316098,0.0048126853,0.71377355,0.28118214,2,28275,1368571682
9.640041e-05,0.00074563397,0.123186655,0.8759713,2,28275,15252124
7.6427066e-05,0.014823428,0.98123264,0.0038675638,2,28275,125246884
0.040526018,0.8875767,0.0710748,0.00082249235,1,2831,1674479129
0.0006163823,0.48914787,0.50989556,0.0003402453,1,2831,1768773007
0.0024205323,0.9494372,0.04811892,2.3325676e-05,1,2831,774466555
0.00081607915,0.3524229,0.64571,0.0010509978,1,2831,840692125
0.0032864148,0.8555798,0.1402591,0.00087469094,1,28375,1879245978
0.14400984,0.7932158,0.05991191,0.0028623794,1,28375,2111247597
0.01660143,0.75670636,0.22623913,0.00045308575,1,28375,1367041914
0.0052617574,0.3980566,0.5951814,0.0015003101,1,28375,1751752442
2.733688e-05,0.1252623,0.87402475,0.000685662,1,28375,2119501516
0.0001120877,0.046322566,0.95148474,0.0020806224,2,28377,2216561
5.648629e-05,0.04916037,0.9502279,0.00055526686,2,28377,772061157
0.00010740125,0.1592715,0.8391184,0.0015026346,2,28377,1356484055
0.038206644,0.6948459,0.26477328,0.002174194,2,28377,354241054
0.0021184096,0.49272522,0.504829,0.0003273462,2,28377,829934522
0.009475911,0.80553585,0.18321587,0.0017723402,2,28377,1949088348
0.0006598507,0.8640118,0.13529378,3.453159e-05,1,2841,1204520054
0.00045408803,0.8396633,0.1598512,3.128372e-05,1,2841,1961228533
0.007262503,0.96764463,0.0250714,2.1428377e-05,1,2841,734764646
0.013748467,0.9250831,0.06103067,0.00013768981,1,2841,2048753738
0.9749205,0.024656268,0.00011767593,0.0003054643,0,28416,560624869
0.99137974,0.008568788,1.1197664e-05,4.0267885e-05,0,28416,1133393891
0.95299524,0.04067224,0.001383218,0.0049493005,0,28416,1774816212
0.97805816,0.021883303,3.4599834e-05,2.3895287e-05,0,28416,2004222452
0.9800874,0.019741792,8.7337605e-05,8.338869e-05,0,28416,654528578
0.99266183,0.0072504063,1.6730633e-05,7.111736e-05,0,28416,1273878351
0.99465585,0.0053036115,1.0168028e-05,3.039691e-05,0,28416,1817810397
0.99539655,0.004543685,1.3567071e-05,4.6237994e-05,0,28416,1874362560
0.99099123,0.008702619,5.3749205e-05,0.0002523557,0,28416,1933459456
0.00026098161,0.35791078,0.64073855,0.0010896435,2,28422,601752984
0.00015596622,0.039814238,0.9518127,0.00821704,2,28422,879230812
0.0013722504,0.10201585,0.86166644,0.03494548,2,28422,1148724333
8.541077e-05,0.29837358,0.70052993,0.0010110248,2,28422,2097686547
5.2437386e-05,0.084733985,0.9130621,0.0021515419,2,28422,669333419
4.561187e-05,0.11833225,0.88085186,0.00077028776,2,28422,710230833
0.005494204,0.32248458,0.66297466,0.009046609,2,28422,736586842
4.3924432e-05,0.30011037,0.69975835,8.726831e-05,2,28422,994268462
0.000589936,0.08886877,0.9080171,0.0025242297,2,28422,2075197249
0.13818677,0.8053772,0.053450465,0.002985539,1,28437,970669287
0.1872993,0.747821,0.054039165,0.010840575,1,28437,1785063121
0.3701284,0.6088716,0.019696105,0.0013039905,1,28437,223518962
0.02686769,0.84477055,0.12599249,0.0023692558,1,28437,921434133
0.088838056,0.82336307,0.08251818,0.0052806786,1,28443,529097043
0.33369294,0.63190365,0.031583164,0.002820213,1,28443,909970520
0.01978423,0.9279366,0.05148436,0.0007947821,1,28443,427559566
0.14657462,0.8216122,0.029867772,0.0019454848,1,28443,1866053795
0.0019978182,0.42184928,0.57580864,0.0003442666,2,28462,98628848
8.125252e-05,0.22059701,0.7792807,4.0997395e-05,2,28462,1079344130
4.5323068e-05,0.20827904,0.7916132,6.2411826e-05,2,28462,1135646421
7.0867434e-05,0.13417894,0.86571294,3.722561e-05,2,28462,1688920169
0.20052041,0.79029185,0.008727637,0.000460107,1,28488,485727662
0.25695977,0.7417959,0.0011886676,5.564108e-05,1,28488,544311047
0.0818917,0.9119569,0.0057803323,0.0003710424,1,28488,889783240
0.53179216,0.46351093,0.0036168469,0.001080021,1,28488,1749818761
0.62142617,0.37633216,0.0018240524,0.0004176422,1,28507,2118051377
0.28300738,0.7060745,0.01013855,0.0007795689,1,28507,2141609070
0.73233175,0.2670469,0.00053877226,8.263207e-05,1,28507,86045152
0.89346194,0.103003226,0.002006563,0.0015283276,1,28507,945258418
3.2930733e-05,0.013394658,0.9792749,0.0072974903,2,28589,1581911438
2.0729334e-05,0.0032844117,0.9605564,0.036138523,2,28589,2038616100
9.452344e-06,0.0076647457,0.97674596,0.015579838,2,28589,198309131
0.0035226075,0.051893324,0.5367219,0.4078622,2,28589,1708629804
0.49740076,0.49036875,0.010863312,0.0013670943,1,28665,275794964
0.42349514,0.5487178,0.025156785,0.0026302668,1,28665,486193217
0.019909622,0.93172026,0.04812299,0.00024713343,1,28665,1121031318
0.3750817,0.61144495,0.012170331,0.0013030339,1,28665,2036565035
0.0017946672,0.15697457,0.8067794,0.034451395,2,28707,194282382
0.00052741374,0.019738333,0.68690604,0.29282817,2,28707,1136374606
0.0013911271,0.12575728,0.8439835,0.02886809,2,28707,244264276
0.00017233401,0.10290696,0.8918898,0.005030894,2,28707,972772984
1.1991673e-05,9.2524635e-05,0.068400145,0.9314954,3,28710,532877611
1.3907253e-06,3.5344474e-06,0.0060551874,0.9939399,3,28710,1894196464
5.2914453e-05,0.00022852843,0.027252084,0.9724665,3,28710,2097607057
0.00032033623,0.00424186,0.19461626,0.8008216,3,28710,630508639
1.5996273e-05,8.126498e-05,0.021621782,0.9782809,3,28710,1750369306
0.00015987897,0.0015630375,0.09104732,0.90722984,3,28710,2143211553
0.010760977,0.7898239,0.19838257,0.0010326366,1,28747,285721109
0.048653457,0.8775282,0.07255086,0.0012674622,1,28747,650006359
0.0016393497,0.8254395,0.17290488,1.6288563e-05,1,28747,1026238054
0.0052735945,0.8135959,0.1810254,0.00010515647,1,28747,2075658562
0.008758049,0.92349935,0.06759997,0.00014270136,1,28747,229952117
0.06572597,0.8507117,0.0822239,0.0013384179,1,28747,469381934
0.004577177,0.948605,0.04680296,1.47765695e-05,1,28747,706095203
0.11429464,0.860738,0.02457442,0.0003929976,1,28747,1081944961
0.018099448,0.929107,0.052516818,0.00027664116,1,28747,1978711368
1.7308013e-05,0.47983366,0.52013826,1.07436545e-05,1,28777,116759476
0.015482326,0.53577155,0.44592473,0.0028214336,1,28777,971247598
0.0009920053,0.57887065,0.4198661,0.00027126243,1,28777,1333097936
0.00026168895,0.41337773,0.5863154,4.5207493e-05,1,28777,946035961
0.00022142145,0.4429973,0.55666333,0.00011791194,1,28777,1060916157
0.0014360452,0.44041535,0.55707073,0.0010778668,1,28777,2077551195
0.007360046,0.52939266,0.46162772,0.0016195605,2,28782,643502901
0.00053256337,0.7926591,0.2067615,4.6874626e-05,2,28782,675434543
0.046363458,0.83588797,0.117211066,0.00053744455,2,28782,685680891
0.0024121283,0.61334366,0.38405573,0.00018843997,2,28782,770796094
0.0005099533,0.7847546,0.21470657,2.8921446e-05,2,28782,530433380
0.0037311336,0.7101114,0.28591573,0.00024180177,2,28782,1412061279
0.00015336728,0.5076871,0.49211505,4.4523294e-05,2,28782,1430679529
0.014847037,0.9336206,0.050826762,0.0007055828,1,28811,116830755
0.07862819,0.8873123,0.033159602,0.0008999853,1,28811,447687980
0.014738621,0.90242606,0.08068442,0.0021508848,1,28811,1369850751
0.57154197,0.4140576,0.009339633,0.005060807,1,28811,1335349892
0.6440547,0.34612742,0.0071849907,0.0026328904,1,28811,1538569455
0.99443614,0.0052742856,2.4208115e-05,0.00026537117,1,28817,178091922
0.9951768,0.0046636728,1.7108085e-05,0.0001424538,1,28817,779792926
0.987298,0.012627414,1.8013066e-05,5.655286e-05,1,28817,204401957
0.99485934,0.004920451,2.0837993e-05,0.00019941722,1,28817,885151891
0.9620182,0.036762502,0.00044822702,0.00077113934,1,28817,2073820183
0.004101225,0.65479356,0.3403117,0.0007935498,1,28910,223607244
0.00043657902,0.52563816,0.47387698,4.8255926e-05,1,28910,866757261
0.00023071235,0.47108492,0.52858126,0.00010316303,1,28910,1220817050
6.310385e-06,0.6843587,0.31563395,9.9042e-07,1,28910,979974007
3.8765666e-05,0.39666128,0.6032728,2.7185199e-05,1,28910,1369214105
0.0003841561,0.63700277,0.36255458,5.8489564e-05,1,28910,1466744386
0.7300271,0.2687042,0.0009336951,0.0003350012,1,28914,104616814
0.85069275,0.14922827,7.193426e-05,7.137184e-06,1,28914,294218626
0.41826427,0.580079,0.0016414439,1.5254773e-05,1,28914,340043727
0.65685105,0.3392025,0.0037272633,0.00021920816,1,28914,1080307280
0.004515488,0.93984985,0.055341415,0.00029328951,1,28916,569767194
0.00067796756,0.61061674,0.38848475,0.00022054203,1,28916,1175232250
0.00020734235,0.93027306,0.06943566,8.3963845e-05,1,28916,1094355847
0.006976526,0.6310423,0.36053935,0.001441776,1,28916,2087599778
5.635287e-05,0.28797898,0.7119507,1.3899883e-05,1,28925,1002876313
0.00014262676,0.5116395,0.4881976,2.0285106e-05,1,28925,1333352934
1.9190315e-05,0.63349825,0.36648038,2.1930089e-06,1,28925,293344794
0.00012263244,0.5659389,0.43393347,5.0087806e-06,1,28925,586541748
0.00063924695,0.30725887,0.6920136,8.8249864e-05,1,28925,1981134602
0.9460884,0.05388836,1.6458873e-05,6.756801e-06,0,28959,625875765
0.95738375,0.042576212,1.9082629e-05,2.0958647e-05,0,28959,1217044913
0.75611097,0.24327224,0.00049701275,0.00011984073,0,28959,1786596024
0.9749566,0.025033638,3.6135107e-06,6.231689e-06,0,28959,407797154
0.9165873,0.083057314,0.00017627625,0.00017908089,0,28959,1769275123
0.9695888,0.030360086,2.0768335e-05,3.0295052e-05,0,28959,1774988590
0.00046569976,0.100356296,0.8974728,0.0017052614,2,29004,184040635
6.523754e-05,0.1602655,0.83956283,0.00010641851,2,29004,551580648
7.00893e-05,0.019437212,0.97080785,0.009684849,2,29004,1111464932
7.4674117e-06,0.008366647,0.99101603,0.00060982245,2,29004,1248674660
0.00028102976,0.020333976,0.8360132,0.14337185,2,29020,523695617
4.3475564e-05,0.00021298966,0.285694,0.7140496,2,29020,2093257006
0.0005057388,0.005272573,0.42713875,0.56708294,2,29020,635405524
0.0015634731,0.01127206,0.37578094,0.61138356,2,29020,755593875
0.0009913441,0.010860481,0.58787006,0.40027815,2,29020,1039513167
0.49061716,0.50629157,0.0025392857,0.0005520428,1,29088,35706124
0.50123525,0.49624267,0.0022755547,0.00024656605,1,29088,679031381
0.08975547,0.893287,0.01664446,0.0003130545,1,29088,1224249698
0.19237766,0.8051231,0.0023650897,0.00013414296,1,29088,1665540274
0.0049106637,0.5771341,0.41765568,0.00029953415,2,29119,33129177
0.0024932951,0.80963165,0.18717796,0.0006971075,2,29119,987814768
0.0015034749,0.61820644,0.38010958,0.00018045053,2,29119,1084664784
0.0039323447,0.71752745,0.27815315,0.0003870499,2,29119,1303578144
0.013566289,0.586873,0.3983174,0.0012433472,2,29172,779922386
0.0056604873,0.47776812,0.5065956,0.00997582,2,29172,925325342
0.009546518,0.3756337,0.55893046,0.055889376,2,29172,1567569834
0.0019781059,0.45525113,0.5398913,0.0028794666,2,29172,739707856
0.0029376354,0.35549107,0.6388227,0.002748598,2,29172,1381451290
2.3412154e-05,0.046739094,0.9522748,0.00096271595,2,29224,42492788
9.8531906e-05,0.06753161,0.9304983,0.0018716062,2,29224,489382262
8.407376e-05,0.0633212,0.93325686,0.003337859,2,29224,1241393605
1.1742236e-06,0.03979388,0.9601346,7.037811e-05,2,29224,2021379435
1.146467e-06,0.0028720165,0.9966942,0.00043254675,2,2923,370141925
3.1068168e-07,0.033868607,0.9661279,3.250888e-06,2,2923,1607840657
3.4224968e-07,0.0402228,0.9597707,6.119479e-06,2,2923,909374161
1.4476755e-05,0.0778966,0.9220122,7.6647135e-05,2,2923,1354054125
0.04008813,0.7639057,0.18850492,0.0075012553,1,29238,332081165
0.102268286,0.7804611,0.10400807,0.0132626,1,29238,928499565
0.051670004,0.8525441,0.09340723,0.0023786477,1,29238,976834772
0.31736863,0.6748725,0.007309049,0.00044980622,1,29238,82396292
0.5449831,0.44753498,0.0059025255,0.0015794095,1,29238,484765345
0.00015571096,0.13641866,0.8625205,0.0009051295,1,29297,1012190710
0.0002148882,0.41225138,0.58743507,9.865024e-05,1,29297,1194095884
1.7698248e-05,0.21024597,0.7896393,9.706839e-05,1,29297,1713214584
0.0010218852,0.7196134,0.279089,0.0002757481,1,29297,473674756
0.00018119614,0.5816806,0.41809124,4.697892e-05,1,29297,511195816
0.00066221895,0.6615228,0.3377446,7.033906e-05,1,29297,1797685171
2.3890594e-05,0.29281357,0.70715666,5.9065906e-06,2,29319,406978011
0.013032492,0.69147986,0.2928248,0.0026627975,2,29319,1045807217
0.019260146,0.8027512,0.1770145,0.00097422104,2,29319,64054131
0.00042890056,0.3976584,0.6006383,0.0012743664,2,29319,198593196
0.000302895,0.48643616,0.51312023,0.00014070835,2,29319,1935242393
0.0015070802,0.11768178,0.87587595,0.0049352054,1,29333,38086424
8.403074e-05,0.017316474,0.9496657,0.032933846,1,29333,1192269369
0.011201919,0.51589996,0.46426544,0.008632631,1,29333,911833085
0.00049382576,0.04768448,0.9409267,0.010894962,1,29333,1070038319
0.004676398,0.3296565,0.66336477,0.002302278,1,29333,1830572577
0.4090845,0.57812107,0.012476148,0.00031829285,1,29432,710662530
0.35142156,0.640194,0.0077335406,0.00065089756,1,29432,1173619714
0.7881474,0.20962273,0.0018168673,0.00041302247,1,29432,1642617990
0.35582083,0.6272877,0.014514935,0.002376502,1,29432,2062975412
5.767209e-06,0.05285669,0.94683856,0.0002989633,1,29439,472273357
0.00015900351,0.15134645,0.8483488,0.00014573474,1,29439,762909887
0.00012734724,0.2682506,0.7294487,0.002173424,1,29439,620213939
0.00021311824,0.5201168,0.4796597,1.03442735e-05,1,29439,1883939835
0.000885901,0.50287783,0.49445423,0.0017820221,2,29791,1143959557
5.9001195e-05,0.6438772,0.35605344,1.0377755e-05,2,29791,2131278360
0.000580402,0.4850844,0.5138824,0.0004528213,2,29791,295590530
0.00065138564,0.9370319,0.06230836,8.240114e-06,2,29791,964104142
2.143341e-05,0.1431996,0.85674393,3.496985e-05,2,29851,205013928
1.3992639e-07,0.009565582,0.9903999,3.444844e-05,2,29851,790084507
2.1251375e-05,0.009682543,0.97851276,0.011783462,2,29851,167198251
5.2001727e-05,0.11003566,0.8894772,0.00043514275,2,29851,776092893
0.00011362634,0.22385603,0.775944,8.63593e-05,2,29874,440161628
0.00023328305,0.3440389,0.6554204,0.00030738965,2,29874,524184701
4.6130037e-05,0.27687323,0.7230408,3.9853177e-05,2,29874,1554271998
0.00010006291,0.23551531,0.7643331,5.154984e-05,2,29874,1567679591
2.6551522e-06,0.14471489,0.8552285,5.3949996e-05,2,29874,1929699528
0.5027055,0.49588126,0.0012808694,0.00013236268,0,29900,608100011
0.41918787,0.5754139,0.0052158763,0.00018233273,0,29900,1734348356
0.6668315,0.33103323,0.001692143,0.00044316566,0,29900,1790748888
0.58594084,0.4123237,0.0015275402,0.00020791311,0,29900,703521218
0.72789496,0.27107394,0.0008511345,0.00017989715,0,29900,1584366642
0.83707863,0.1619595,0.00058962294,0.00037221677,0,29900,1674633725
0.0003251423,0.70433533,0.29533067,8.8381485e-06,1,30015,7667615
0.00016017721,0.42862168,0.5711993,1.8899687e-05,1,30015,1966960463
0.00034391426,0.8074814,0.19216721,7.4508757e-06,1,30015,754816117
2.0235506e-05,0.58433676,0.41563442,8.539506e-06,1,30015,1484775079
4.9665127e-06,0.0014769371,0.97664285,0.02187522,2,30052,752465933
1.5973943e-06,0.0020124938,0.9892498,0.00873599,2,30052,1683139460
2.615179e-06,0.006966529,0.98941857,0.0036123577,2,30052,109297675
4.8043958e-06,0.003315321,0.9851135,0.011566406,2,30052,204333778
0.0002827734,0.048620805,0.9213542,0.029742267,2,30053,796175815
7.934819e-06,0.16969721,0.83028823,6.6681273e-06,2,30053,1036813417
0.00010331474,0.022192495,0.9586899,0.019014211,2,30053,631144988
9.9725585e-05,0.019179335,0.944074,0.036646936,2,30053,937370265
0.0018709754,0.5724824,0.4248613,0.0007853158,1,30110,442178426
0.0042145965,0.7782399,0.2174431,0.000102440514,1,30110,770296840
0.0012937178,0.5631296,0.43544072,0.00013599594,1,30110,351699139
0.012539391,0.8353936,0.1507355,0.0013314654,1,30110,1319687546
0.0019848899,0.5372139,0.46059972,0.00020149526,1,30110,1523948495
0.6607543,0.33783403,0.0012043435,0.00020729576,1,30188,639535102
0.9371162,0.06253748,0.0002149932,0.0001312565,1,30188,1291981593
0.5170065,0.47135717,0.008424725,0.003211558,1,30188,1711539056
0.66203666,0.33675224,0.00096655235,0.0002445523,1,30188,2041288507
0.0009850349,0.069756575,0.90468854,0.02456977,2,30241,944574364
0.00028233434,0.07707613,0.8976791,0.024962517,2,30241,1811402908
7.093926e-05,0.010487113,0.9533131,0.036128867,2,30241,105998238
0.0011631466,0.19744982,0.7925226,0.008864378,2,30241,1197357735
0.8886055,0.11029174,0.0007260627,0.00037678238,0,30323,275764255
0.9589181,0.04097005,5.730894e-05,5.457053e-05,0,30323,1727524959
0.89856344,0.10122111,0.00017396975,4.1564188e-05,0,30323,213491347
0.919546,0.08035974,7.420175e-05,2.0095715e-05,0,30323,1802733358
3.6751055e-05,0.00042345477,0.18404968,0.81549007,2,30326,738250629
0.0032438273,0.016880125,0.5152854,0.4645907,2,30326,2101177028
0.00017227072,0.005419025,0.8730256,0.12138307,2,30326,1480603620
0.0007817743,0.004370637,0.3168124,0.67803526,2,30326,1598540403
0.00017245296,0.00073242583,0.19169174,0.8074034,2,30326,1650082122
1.1558932e-05,0.23443447,0.7654929,6.105486e-05,2,30330,801763188
5.380724e-06,0.0060209236,0.9803131,0.013660532,2,30330,825211952
0.00038948184,0.37960735,0.61926174,0.0007414371,2,30330,362633763
2.008671e-07,0.014989339,0.985005,5.4553484e-06,2,30330,1915453074
1.455592e-05,3.6138357e-05,0.00609927,0.99385,3,30336,82783769
1.0473681e-05,5.51785e-05,0.030145252,0.96978915,3,30336,148101599
2.3635374e-05,0.00016435844,0.034761492,0.9650505,3,30336,1519248569
1.1761541e-05,0.00013844803,0.110273555,0.88957614,3,30336,2129682054
0.05482663,0.8183487,0.12595609,0.00086855935,1,3041,541344842
0.31668162,0.6666623,0.01645447,0.00020160545,1,3041,727255549
0.050248608,0.80190027,0.14620198,0.0016492218,1,3041,209431591
0.07267046,0.9050219,0.022271892,3.5715555e-05,1,3041,1651160393
0.75023013,0.2472215,0.0017771506,0.00077119196,1,30413,1368439632
0.8488715,0.15050313,0.0005821839,4.3171927e-05,1,30413,1700123317
0.5566077,0.430539,0.011995315,0.0008579248,1,30413,1819332003
0.26537693,0.66867083,0.06437001,0.0015822281,1,30413,730911470
0.44141808,0.54929787,0.008964147,0.0003198953,1,30413,1229116384
0.111619234,0.83858776,0.048840474,0.0009525707,1,30413,1244434781
0.8913998,0.107565746,0.00045274364,0.0005816438,0,30435,1029072430
0.9472855,0.05243527,9.467236e-05,0.00018458806,0,30435,1087769040
0.98965794,0.01029994,1.311273e-05,2.9066296e-05,0,30435,1634877223
0.9887931,0.011160918,1.0807327e-05,3.5171903e-05,0,30435,1649749593
0.9622624,0.03734553,0.00013268496,0.0002594122,0,30435,63956271
0.7514634,0.24688597,0.0012648256,0.00038582634,0,30435,137928966
0.7781002,0.2207118,0.00086259976,0.00032539445,0,30435,766498043
0.9878237,0.012107814,1.955608e-05,4.8872564e-05,0,30435,1261298563
2.540336e-05,0.0027664462,0.7802551,0.21695316,2,30521,597060905
7.089693e-05,0.021161743,0.9574817,0.02128565,2,30521,1741561505
1.36571925e-05,6.0620216e-05,0.05469194,0.9452338,2,30521,1747420894
0.00019321451,0.008994895,0.6338061,0.35700575,2,30521,2039566968
0.0063980017,0.19302823,0.7877313,0.0128424335,2,30521,837315935
0.0011578804,0.0509042,0.60561657,0.34232143,2,30521,920628381
0.03779986,0.13047956,0.23138525,0.6003353,2,30521,1107562537
0.00066752627,0.0675879,0.85297465,0.07876994,2,30521,1379005911
3.1133128e-05,0.0003100831,0.18860115,0.8110577,2,30521,1855217199
0.0025621078,0.09349089,0.89855677,0.0053902427,2,3057,703495895
0.0033480928,0.7485204,0.24791895,0.00021264059,2,3057,1325277873
0.0039692447,0.51838744,0.4766603,0.0009829645,2,3057,1380915125
0.0049883313,0.34608278,0.6483237,0.00060514465,2,3057,2132304367
0.00010087549,0.32979468,0.6697831,0.00032141307,2,30608,1271108101
0.0020312245,0.38668787,0.5938926,0.017388279,2,30608,2004177998
0.0021185556,0.41416425,0.57990915,0.003808022,2,30608,967149299
0.0004516151,0.2615875,0.7344545,0.0035064186,2,30608,1332853149
0.34427828,0.6420717,0.013444655,0.00020538222,1,30828,497229597
0.46754915,0.47223186,0.056668956,0.0035501153,1,30828,920859194
0.4071934,0.57787013,0.014348129,0.0005882723,1,30828,1916516690
0.044057008,0.8481798,0.1072829,0.0004803213,1,30828,491265116
0.012002085,0.9835451,0.004452287,4.773612e-07,1,30828,690016136
0.026918108,0.94081104,0.03190523,0.0003656082,1,30855,489971887
0.0007259132,0.80094326,0.19830655,2.4231513e-05,1,30855,886363719
0.040032476,0.87010425,0.089172706,0.00069054816,1,30855,946014231
0.09620365,0.86876994,0.03445478,0.0005716685,1,30855,1649405145
0.00031911646,0.58156955,0.41799587,0.000115526505,2,30868,528177164
0.01240166,0.7908418,0.19596726,0.0007892712,2,30868,1418780157
0.0010166256,0.6583548,0.34053445,9.4123e-05,2,30868,2047163822
0.0001351747,0.58460736,0.41516018,9.7385724e-05,2,30868,512608421
3.297015e-05,0.32289192,0.6770652,9.9608005e-06,2,30868,1792561771
0.57827026,0.40747765,0.013117761,0.0011343315,1,30896,605232427
0.029386533,0.93035054,0.040183913,7.89554e-05,1,30896,1552122743
0.22283831,0.76683503,0.01020255,0.00012410275,1,30896,1925231089
0.22097307,0.6307181,0.14459626,0.003712494,1,30896,145419211
0.4083197,0.56333,0.027708929,0.0006413301,1,30896,1611236124
0.18620434,0.43896326,0.1779924,0.19684002,1,30896,2021440765
0.15974031,0.807441,0.032145694,0.0006730584,1,30977,1230736508
0.0006319584,0.9085356,0.090828866,3.6217002e-06,1,30977,1666336141
0.48903266,0.5097998,0.0011366418,3.0935695e-05,1,30977,428127330
0.6756972,0.3195395,0.003973621,0.0007896589,1,30977,1239103734
8.273826e-06,0.15221338,0.847551,0.00022732028,2,31003,197817526
0.00012072616,0.1879964,0.81161714,0.00026565776,2,31003,1131375924
0.0010816582,0.47146714,0.52741283,3.836907e-05,2,31003,1146504809
0.00018347007,0.3511278,0.6486129,7.577515e-05,2,31003,1960771730
0.3749215,0.6176221,0.006448699,0.0010077385,1,31055,351970658
0.7665779,0.2331788,0.00020860431,3.468165e-05,1,31055,1938890436
0.7744092,0.22135817,0.0032787765,0.0009538581,1,31055,1969193760
0.054443486,0.92455685,0.020815311,0.00018428189,1,31055,342313164
0.017854711,0.96270245,0.019396048,4.6833742e-05,1,31055,569112096
0.48043528,0.51111853,0.007169613,0.0012765503,1,31055,1397519630
0.09110822,0.89929765,0.009547098,4.710003e-05,1,31055,1631417332
0.8398617,0.15994915,0.00014143721,4.769013e-05,1,31063,1167248818
0.9628775,0.03695318,6.361452e-05,0.00010576218,1,31063,1463029904
0.90466386,0.09511444,0.00013342066,8.8263594e-05,1,31063,1080298490
0.87982273,0.119917735,0.00019450499,6.505645e-05,1,31063,2005620932
0.9931417,0.0068437913,3.416437e-06,1.10304445e-05,0,31107,56487741
0.96530074,0.034533896,8.518391e-05,8.0265774e-05,0,31107,1117699183
0.9661629,0.03363932,0.00010003138,9.772264e-05,0,31107,1535897244
0.5041392,0.49520233,0.0006464536,1.20331015e-05,0,31107,561482287
0.9185349,0.08124605,0.00011816861,0.00010089545,0,31107,1542085304
0.98500973,0.014825875,6.6184555e-05,9.8183584e-05,0,31107,1830582850
0.00023131601,0.5876843,0.41205946,2.4910754e-05,2,31130,1608618004
0.004602451,0.7583728,0.23698336,4.1372983e-05,2,31130,1858994418
0.0023900243,0.9297884,0.0678122,9.351805e-06,2,31130,2034225662
0.01816459,0.7656558,0.21551892,0.00066063256,2,31130,89889811
0.0016084312,0.70616996,0.2921704,5.120488e-05,2,31130,111821056
0.0067004994,0.78729826,0.20595351,4.7680558e-05,2,31130,1421875451
0.030468626,0.6721518,0.2972155,0.00016402196,2,31130,2051417865
8.764846e-06,0.008031926,0.9910192,0.0009400712,2,31176,139215659
6.125837e-05,0.01884343,0.980644,0.00045138536,2,31176,1974511869
6.557285e-05,0.0046391077,0.9130583,0.08223704,2,31176,2045457179
1.7556471e-05,0.02742103,0.9724076,0.00015392626,2,31176,17419811
8.797138e-05,0.009650519,0.97334236,0.016919218,2,31176,1453351468
0.00013608253,0.009926919,0.90167683,0.088260114,2,31176,1624184425
2.471038e-06,0.0023539653,0.9958841,0.0017594248,2,31176,1982145721
0.00019223748,0.44517964,0.55448437,0.00014379308,2,3118,1302401203
1.954536e-05,0.3379652,0.66199094,2.4324081e-05,2,3118,1494625100
4.838263e-06,0.12384883,0.8761286,1.7755685e-05,2,3118,510544196
1.5593501e-05,0.24995922,0.74997365,5.1585794e-05,2,3118,1333444366
0.011432673,0.18220255,0.704361,0.10200373,2,31222,500740936
0.0009015287,0.45982593,0.53884155,0.00043099426,2,31222,881524151
0.00076092273,0.069685526,0.87712693,0.05242659,2,31222,1168923862
0.0003130587,0.08527231,0.90535897,0.009055645,2,31222,1415952415
0.00011521568,0.0058553605,0.93293655,0.061092906,2,31222,2020602577
0.059841216,0.8897019,0.05034385,0.00011296504,1,3126,16355052
0.052296128,0.84018785,0.10680083,0.0007151584,1,3126,1014932304
0.03269621,0.9283733,0.03885337,7.7147815e-05,1,3126,1328668706
0.19048576,0.795216,0.013954266,0.00034405277,1,3126,1514960040
0.12562948,0.861005,0.012938874,0.00042663357,1,3126,2059847068
0.19942193,0.07428184,0.07551859,0.65077764,1,31401,332590758
0.4266634,0.21912311,0.14910464,0.20510885,1,31401,884457810
0.019304812,0.058428314,0.3396732,0.58259374,1,31401,1422819488
0.58811677,0.35530308,0.03469525,0.0218849,1,31401,1659610502
0.10332353,0.08044152,0.06843222,0.74780273,1,31401,1903217915
0.24565065,0.4165425,0.29250294,0.04530392,1,31401,1087113930
0.009014582,0.024650257,0.18230805,0.78402704,1,31401,1381954362
0.021191066,0.8033681,0.17122144,0.004219343,1,31401,1612778776
0.17830004,0.6950614,0.12413239,0.0025062114,1,31401,1966603585
0.07108238,0.6332562,0.28083315,0.014828261,1,31401,2021827605
0.39400482,0.5740985,0.028381856,0.0035147371,1,3142,248151282
0.087961264,0.869659,0.039971944,0.0024077578,1,3142,1495895299
0.42515835,0.5479793,0.020387275,0.006475054,1,3142,6564018
0.045109518,0.89029664,0.06344832,0.0011455867,1,3142,319181664
8.434911e-06,0.070902154,0.9289139,0.00017549671,2,31477,840662575
1.417441e-05,0.015251528,0.97864187,0.006092424,2,31477,1844388794
3.958085e-07,0.05343329,0.94656163,4.626696e-06,2,31477,1888643108
5.1902157e-06,0.019093912,0.9803499,0.000551005,2,31477,1239389288
1.1291706e-07,0.010055057,0.98993754,7.32908e-06,2,31477,1881597105
2.4270656e-05,0.0052927374,0.9626239,0.032059047,2,31477,2056832119
3.012081e-05,0.034413468,0.9639892,0.0015671818,2,31509,248615029
6.183454e-06,0.025805704,0.9734247,0.0007634641,2,31509,267015266
9.576078e-05,0.09107443,0.9069017,0.0019280447,2,31509,1539308665
8.976829e-05,0.088728085,0.9097331,0.001449012,2,31509,1646391634
7.247227e-06,0.08447787,0.91547126,4.3601587e-05,2,31509,643074318
4.305826e-05,0.029373875,0.96360296,0.006980037,2,31509,1498952794
1.6237285e-05,0.005712528,0.92622465,0.068046585,2,31509,1930572070
0.047659557,0.9378087,0.01450794,2.3836577e-05,0,31511,1591339800
0.18472533,0.7929772,0.021813728,0.00048375237,0,31511,1710400525
0.22114202,0.76907873,0.009644109,0.00013512756,0,31511,954535283
0.01117772,0.9059283,0.082855195,3.874531e-05,0,31511,1246196873
1.4455812e-06,0.00054856914,0.98248786,0.016962191,2,31651,1094319765
2.3396287e-06,0.00093229726,0.9964469,0.0026184078,2,31651,1722034392
1.0340438e-05,0.0013282573,0.9853963,0.013265118,2,31651,573122260
2.8730747e-05,0.0016852992,0.8764009,0.12188506,2,31651,627830821
2.3938544e-06,0.00018688662,0.95733875,0.042471968,2,31651,843546906
3.592469e-05,0.091768004,0.9078894,0.00030664637,1,31683,521918200
5.705898e-05,0.08611678,0.9115697,0.002256463,1,31683,1059193709
7.155373e-06,0.046868388,0.95308596,3.8464837e-05,1,31683,1806677416
2.0579615e-05,0.11421473,0.8856456,0.00011907052,1,31683,1138529492
2.1955163e-06,0.032915447,0.9670574,2.4960817e-05,1,31683,1880771612
0.072792776,0.8897858,0.03684246,0.00057895517,1,31706,1419960401
0.46263498,0.52591985,0.010665733,0.0007793979,1,31706,1466563874
0.40818533,0.5876036,0.0038252014,0.00038590227,1,31706,1818446010
0.08114014,0.91187686,0.0069736256,9.295714e-06,1,31706,51382623
0.09214233,0.8643375,0.043373,0.00014709675,1,31706,1014017659
0.05306274,0.9202226,0.026668234,4.6504036e-05,1,31706,1945755323
0.008038025,0.8226147,0.16924298,0.000104193125,1,31837,75565376
0.00106838,0.8257593,0.1731441,2.8205783e-05,1,31837,975635220
0.046210296,0.9343028,0.019464318,2.264731e-05,1,31837,383357156
0.32108378,0.6695204,0.009200652,0.00019520056,1,31837,1307666945
0.36304626,0.6235817,0.013052181,0.00031985508,1,31837,1892798419
0.67579174,0.31961507,0.0033513284,0.0012419367,0,31909,441943880
0.8868688,0.111903325,0.0009081621,0.0003196808,0,31909,1438435744
0.932166,0.06635509,0.0009842071,0.00049479393,0,31909,59455684
0.9197048,0.07543574,0.0026581122,0.0022013357,0,31909,1610711841
0.86630374,0.13287032,0.0006770748,0.00014888885,0,31909,2147058980
3.5828096e-05,5.312723e-05,0.020772152,0.9791389,3,31931,208573311
0.00011841525,0.00024909052,0.09733221,0.9023003,3,31931,825691025
3.971613e-06,9.67313e-06,0.06108454,0.93890184,3,31931,44562264
4.4189826e-05,7.113594e-05,0.091881454,0.9080033,3,31931,2127613140
0.047496904,0.90197974,0.050131064,0.00039231524,1,31976,963491597
0.6243421,0.36486104,0.008821393,0.0019753878,1,31976,1513528091
0.69831014,0.2994482,0.0019134097,0.0003282856,1,31976,242021117
0.46175808,0.53007823,0.007670313,0.0004933398,1,31976,1535990544
0.25187558,0.73660004,0.011016246,0.00050811894,1,31983,1447638841
0.098430455,0.8971382,0.0043679965,6.3467545e-05,1,31983,2067610125
0.075574175,0.9216228,0.00278924,1.368393e-05,1,31983,1400177700
0.11121028,0.8723787,0.016273074,0.0001379066,1,31983,1717371872
8.2298203e-07,1.3553684e-05,0.02444023,0.97554535,3,32082,977001550
8.1468475e-05,0.00020070573,0.016864667,0.9828531,3,32082,1723400682
0.0002329108,0.001335458,0.04496388,0.95346785,3,32082,1221922857
0.00022631319,0.0009684032,0.061375134,0.9374301,3,32082,1974928360
2.2563434e-05,0.015801528,0.98240083,0.0017750122,2,32087,578684679
0.0002350366,0.02951456,0.9295379,0.040712588,2,32087,1919147280
0.0010451386,0.12883322,0.85804534,0.012076284,2,32087,885028867
9.2153896e-05,0.015820248,0.92175525,0.062332258,2,32087,2028684015
0.00070860336,0.6736687,0.32557994,4.2767886e-05,1,32225,1350931010
0.016002057,0.83901733,0.1418309,0.0031496712,1,32225,1798087171
0.00054423104,0.734979,0.2644396,3.7207155e-05,1,32225,531124157
0.009137508,0.6728587,0.31723672,0.00076702255,1,32225,611864831
0.0003236853,0.020930218,0.89850056,0.08024547,2,32233,963306069
9.880164e-05,0.092839465,0.9030866,0.0039750645,2,32233,1374443859
0.00010759761,0.20803367,0.7895198,0.0023389738,2,32233,1794346477
0.001028137,0.2510918,0.7454686,0.0024114137,2,32233,1963038340
0.0035666137,0.350749,0.64350235,0.0021820657,2,32292,142501842
7.0330614e-05,0.079348266,0.87474465,0.045836773,2,32292,247755458
0.009257532,0.060855504,0.85290974,0.07697729,2,32292,1196535505
0.0012427716,0.45117334,0.5331601,0.014423784,2,32292,1269795496
0.0030787617,0.053485658,0.88630843,0.05712715,2,32292,1650572658
0.003776778,0.15598387,0.6697223,0.17051706,2,32292,650074648
0.00048827805,0.1400283,0.8450306,0.014452826,2,32292,924198868
0.00027054694,0.05256053,0.9317248,0.015444127,2,32292,1415624198
0.018375812,0.06022699,0.17125574,0.7501415,2,32292,1758099538
0.0013582344,0.18304034,0.8028221,0.012779343,2,32292,1929671544
0.11317014,0.83418876,0.052561928,7.913901e-05,2,32355,139684026
0.02879492,0.8960839,0.074953444,0.00016767238,2,32355,1753106972
0.008112884,0.8603059,0.13131778,0.0002634291,2,32355,307868855
0.001983746,0.7291967,0.26849645,0.0003230264,2,32355,1176342859
0.00034217484,0.022966713,0.9141669,0.06252412,2,32472,137964000
8.986388e-05,0.026987433,0.9676683,0.005254382,2,32472,903499222
0.00032849575,0.009111192,0.8456124,0.14494786,2,32472,1533199704
4.049323e-05,0.018505367,0.96353245,0.017921628,2,32472,183781004
5.450646e-05,0.010492127,0.7807713,0.20868197,2,32472,415667305
0.00061564037,0.0067300797,0.5084733,0.48418096,2,32472,1134585098
0.00010111674,0.024346747,0.93343776,0.04211434,2,32472,1499774177
6.815549e-05,0.03373548,0.96311927,0.0030770416,3,32474,298973543
1.3240657e-06,0.010734393,0.9892454,1.8931029e-05,3,32474,1429811631
1.0932453e-06,0.0032684798,0.9965958,0.00013467284,3,32474,1356205659
4.620617e-07,0.010405476,0.98958606,8.016628e-06,3,32474,1866228354
4.81362e-07,0.0011404203,0.9986922,0.00016690638,3,32474,1977353328
0.076159984,0.61967605,0.19332898,0.11083501,1,32542,1039357189
0.00046727553,0.57724005,0.42191076,0.00038191729,1,32542,1488801296
0.0021988398,0.70243335,0.29384303,0.0015247872,1,32542,1005811323
0.012000778,0.70159054,0.26446155,0.021947095,1,32542,1329056769
9.363235e-05,0.0009564855,0.30945486,0.689495,2,32562,375184877
2.6047279e-05,0.0015068284,0.58380914,0.41465804,2,32562,1930787096
9.450828e-06,0.00047253625,0.66851884,0.33099908,2,32562,322247780
2.0327867e-05,0.0027967684,0.9594595,0.037723426,2,32562,1497408405
0.0004928472,0.0058271717,0.19723791,0.79644203,3,32588,195902570
0.00012808635,0.0058835414,0.58357906,0.41040936,3,32588,1217518709
0.00038282212,0.006079032,0.46750414,0.526034,3,32588,8834370
0.0002451502,0.002102224,0.29236764,0.70528495,3,32588,1673178175
0.00034186651,0.120871685,0.8754329,0.0033535366,2,32591,1663808733
8.420855e-06,0.030462144,0.9693663,0.0001631245,2,32591,2113316216
1.7481816e-05,0.121211074,0.87876076,1.0703158e-05,2,32591,1244450588
0.0005773678,0.16683477,0.82715833,0.0054295273,2,32591,1333160047
5.1277417e-05,0.3442797,0.65558815,8.0848855e-05,1,32614,1303963315
0.0030277348,0.55806273,0.4383975,0.0005119692,1,32614,2132053372
6.0868646e-05,0.038891155,0.95873684,0.0023111266,1,32614,1214547626
2.746962e-05,0.05589053,0.94285685,0.0012251694,1,32614,2016537179
0.0031993948,0.39735103,0.59021294,0.009236627,1,32677,382632675
0.035570458,0.60968375,0.34213126,0.012614526,1,32677,525134711
0.0029590998,0.051978547,0.6024621,0.34260026,1,32677,618160911
0.0037477943,0.41698724,0.56918985,0.010075126,1,32677,1586841890
0.0043728733,0.2950189,0.6618496,0.03875855,1,32677,1683942983
0.029999522,0.88815236,0.08113397,0.0007141018,1,32704,486886713
0.020784682,0.82520026,0.15237704,0.0016380269,1,32704,1043272151
0.044756554,0.8642517,0.08985115,0.0011405702,1,32704,119620685
0.038546886,0.92408305,0.03723244,0.00013758452,1,32704,395964409
0.15752734,0.8306449,0.0115650175,0.0002627226,1,32704,960896354
0.791766,0.20678759,0.0013746514,7.175966e-05,0,32735,290989381
0.6095219,0.3888013,0.0015453962,0.00013137927,0,32735,605081290
0.89683616,0.10272547,0.00037010777,6.825e-05,0,32735,525200751
0.8519613,0.14565739,0.0016600125,0.00072122476,0,32735,1262744240
0.29613677,0.69045967,0.012616974,0.0007865562,1,33,995020214
0.028990377,0.9625488,0.0084237335,3.7077472e-05,1,33,2057464302
0.0020019785,0.89878666,0.09918635,2.5016141e-05,1,33,567858385
6.807252e-05,0.89772826,0.102202296,1.3735547e-06,1,33,1579089732
0.018689651,0.8765762,0.10399999,0.0007342212,1,33,1863578666
0.563838,0.43312958,0.0024407024,0.0005917388,1,33040,1272784175
0.44661507,0.5469298,0.0057633356,0.0006918301,1,33040,1597045883
0.2267976,0.7522569,0.02032288,0.0006226958,1,33040,750517030
0.5022708,0.4952107,0.0023507588,0.00016771714,1,33040,789673666
0.0048818137,0.9376167,0.05739746,0.00010410757,1,3312,1337073335
0.042966615,0.81591946,0.13773122,0.0033828293,1,3312,1354118981
0.1442029,0.7845619,0.06821046,0.0030247667,1,3312,1924068015
0.006591265,0.46170333,0.5119201,0.019785304,1,3312,1678489594
0.0573828,0.5917901,0.3332662,0.017560964,1,3312,2123838450
0.0060636234,0.8087881,0.18272811,0.0024201418,1,3312,2131971824
8.228618e-05,0.0024301477,0.15974428,0.8377432,2,33212,661973990
1.4577988e-05,0.00028146864,0.053995125,0.94570875,2,33212,2133111967
0.00032552515,0.008856209,0.22169437,0.76912385,2,33212,1232093693
3.8822312e-05,0.0028897987,0.407866,0.5892053,2,33212,1610152411
1.5204295e-05,0.5243345,0.47564438,5.994826e-06,1,3327,629300252
0.0008255915,0.72415763,0.27498147,3.5331213e-05,1,3327,1337158608
6.780872e-05,0.7398805,0.26004195,9.800294e-06,1,3327,1097556666
0.00086737744,0.7493273,0.24971884,8.647798e-05,1,3327,1542259754
4.2382235e-06,0.082159154,0.91779435,4.2204905e-05,2,33303,50303129
3.6989097e-06,0.07617891,0.92380035,1.6951204e-05,2,33303,105074564
5.2145233e-06,0.07997097,0.9200013,2.2453805e-05,2,33303,1334184642
1.5001405e-05,0.030012408,0.9699525,2.0058442e-05,2,33303,393409553
3.3663878e-07,0.03648157,0.96351606,2.0653686e-06,2,33303,956464582
6.3571844e-07,0.0054120384,0.9943348,0.00025254826,2,33303,1965176579
0.00017991824,0.17929937,0.8175868,0.002933904,1,33334,696266296
3.333117e-05,0.07036586,0.92789716,0.0017036368,1,33334,983423578
0.00036625465,0.05942532,0.9002323,0.039976027,1,33334,151571124
2.1329546e-07,0.000921252,0.99871683,0.00036167275,1,33334,1662557146
0.00013608785,0.3078484,0.6919023,0.0001131925,2,33388,1268363533
6.016687e-05,0.48014104,0.51954615,0.00025265708,2,33388,1803909503
5.6325366e-06,0.24662776,0.7533205,4.6090674e-05,2,33388,1276548204
0.0010565568,0.39883137,0.59974986,0.00036220733,2,33388,1898725373
1.3216697e-06,0.008659956,0.9908664,0.00047226215,2,334,1137236673
3.8537833e-05,0.006550288,0.7947959,0.19861527,2,334,1516348274
5.2541647e-05,0.06594673,0.9328675,0.0011332617,2,334,64688863
3.8687904e-05,0.027819058,0.9642557,0.007886551,2,334,416273966
2.0302857e-06,0.021228414,0.97813463,0.0006348959,2,334,914225455
0.00036776127,0.22203098,0.75910443,0.018496854,2,33426,235708697
9.653337e-06,0.010616191,0.98264796,0.006726229,2,33426,608704305
0.00046667748,0.013708679,0.5091185,0.4767062,2,33426,1794316208
0.00021534163,0.015127197,0.9469681,0.037689347,2,33426,2059636334
0.00021587283,0.15384296,0.8314992,0.014441898,2,33443,429774757
2.5639543e-05,0.17409615,0.8256507,0.00022753504,2,33443,791444381
9.1335925e-05,0.16754466,0.8318524,0.0005116599,2,33443,182970904
0.00012382171,0.14858183,0.84499085,0.006303435,2,33443,1161296985
0.51756734,0.4756046,0.005217433,0.0016106543,1,33501,998350130
0.6286235,0.37096345,0.0003725829,4.0451963e-05,1,33501,1283747049
0.19931895,0.7922,0.008240036,0.00024092295,1,33501,616225938
0.5888675,0.40887046,0.0021055248,0.00015655984,1,33501,1913983896
0.0078192055,0.415696,0.5690969,0.0073878155,2,33583,132355752
0.04153814,0.7395744,0.21334171,0.005545784,2,33583,527092625
0.0024524538,0.83901155,0.15852655,9.358701e-06,2,33583,852762995
0.003305386,0.7299479,0.26664156,0.00010511399,2,33583,1301721360
0.0061029145,0.70460224,0.2876164,0.0016784759,2,33583,326653717
0.004307761,0.86215186,0.13348939,5.0960272e-05,2,33583,1017441251
6.016357e-07,0.00012157329,0.9525087,0.0473692,2,33719,168941800
5.4351017e-07,0.0006635391,0.99494815,0.004387755,2,33719,235404498
4.678304e-06,0.00015725044,0.9091494,0.09068868,2,33719,1474670582
0.0005724205,0.011781717,0.8562664,0.13137943,2,33719,177138270
8.16074e-08,0.00092506927,0.9989806,9.425309e-05,2,33719,2087709433
0.00012995175,0.38559327,0.61426914,7.642125e-06,1,33766,126141081
0.022389632,0.7635565,0.21170495,0.0023489192,1,33766,910482262
0.034821182,0.84195584,0.12193371,0.0012892246,1,33766,1240588204
0.00013016851,0.27518818,0.7245294,0.000152282,1,33766,250187774
7.945387e-05,0.3020034,0.6979011,1.5969104e-05,1,33766,352704528
0.0005628009,0.38292798,0.6142751,0.0022340969,1,33766,1548226269
0.0005039384,0.5327534,0.46435648,0.002386218,1,33766,1552341425
0.00033761153,0.0032190427,0.120937265,0.87550604,3,3386,1581687486
8.466592e-06,9.645974e-05,0.044080965,0.955814,3,3386,1984020825
1.2602966e-06,4.1026906e-06,0.0049526077,0.99504197,3,3386,318145499
4.0088387e-05,0.00015481305,0.018574066,0.9812309,3,3386,1258195376
0.19683689,0.785753,0.017191244,0.00021886773,1,33897,322533645
0.09493587,0.8944383,0.010589725,3.604997e-05,1,33897,1964781627
0.49651027,0.50056505,0.0027747469,0.00014996991,1,33897,44605717
0.010106689,0.91816854,0.07167364,5.11065e-05,1,33897,482017774
4.9156028e-05,0.0032367234,0.87139505,0.12531917,2,33961,1582223047
1.3119006e-05,0.016752124,0.98203665,0.001198082,2,33961,1659315317
5.782926e-07,0.0019242967,0.9965224,0.001552717,2,33961,494181445
7.0835074e-07,0.00029777325,0.98076445,0.018937014,2,33961,1101850618
0.0005226985,0.35335192,0.645921,0.00020447568,1,34061,136096935
0.010633667,0.7207945,0.26780543,0.0007664008,1,34061,1288066006
9.7322874e-05,0.2114677,0.7881688,0.00026615793,1,34061,2040489803
0.0039036393,0.8996357,0.09644901,1.1655007e-05,1,34061,1032949858
0.0003354483,0.13877785,0.8601153,0.00077141565,1,34061,1530231739
0.0005125547,0.68765384,0.31168962,0.00014400575,1,34061,1796819911
0.92393357,0.07524093,0.00043380112,0.00039170915,1,3411,821274420
0.9775414,0.022118807,9.423974e-05,0.00024560813,1,3411,1342477010
0.989031,0.010604506,7.95068e-05,0.0002849785,1,3411,821694376
0.9648609,0.033229165,0.00054840255,0.0013614695,1,3411,1521425232
0.47284663,0.5241623,0.0027940404,0.00019705821,1,34120,58530246
0.16213208,0.82437927,0.013141583,0.0003471178,1,34120,1496342133
0.46704745,0.52725214,0.004925845,0.0007745305,1,34120,1594347772
0.32543236,0.66968465,0.0046555735,0.00022738168,1,34120,136546494
0.28965995,0.70315915,0.0070750713,0.0001057576,1,34120,1685096929
0.08639021,0.90867317,0.004918599,1.7950773e-05,1,34121,3220756
0.0930844,0.9037891,0.003100642,2.5856554e-05,1,34121,477883727
0.22365232,0.77230704,0.00397343,6.722537e-05,1,34121,1357244727
0.13902755,0.85667425,0.004259307,3.8937487e-05,1,34121,509822766
0.047675967,0.9464514,0.005829141,4.3394597e-05,1,34121,872217877
0.071257055,0.9158789,0.012791444,7.2582334e-05,1,34121,1395663574
0.011592765,0.7751281,0.20993598,0.0033430844,1,34158,505612389
0.0011470895,0.6743364,0.32424697,0.00026956643,1,34158,662020296
0.004320459,0.8504816,0.14504702,0.00015085623,1,34158,1152761302
0.0045719077,0.67658305,0.3178189,0.0010260706,1,34158,1080939118
0.011772704,0.8168051,0.17103106,0.00039117958,1,34158,1113471226
0.023899823,0.9009739,0.07495721,0.00016904814,1,34158,1572373999
9.181736e-06,0.40393052,0.5960496,1.0728722e-05,2,3416,71560205
3.6694404e-05,0.113696635,0.88599783,0.00026882824,2,3416,137705147
0.0007126445,0.18260725,0.815244,0.0014360477,2,3416,1140777617
6.3855194e-05,0.36799726,0.6319318,7.0919305e-06,2,3416,1411708484
0.00013899978,0.1698233,0.8295198,0.0005178164,2,3416,660772117
8.339458e-06,0.3815746,0.6184127,4.403908e-06,2,3416,792862245
2.2785085e-05,0.056648344,0.94252336,0.00080544635,2,3416,1796613540
1.4099161e-05,0.08760075,0.91232365,6.145705e-05,2,3416,2114740136
0.010737119,0.7485181,0.23975986,0.0009849023,1,34189,76753850
0.6239811,0.28194636,0.05816257,0.03590991,1,34189,430434484
0.15584935,0.7959283,0.043798905,0.0044234516,1,34189,1017243340
0.88554096,0.09697426,0.007870982,0.00961382,1,34189,1286198019
0.010536758,0.85005397,0.13936575,4.3590757e-05,1,34189,1390463036
0.44594076,0.15727393,0.1467429,0.2500424,1,34189,732889327
0.053132504,0.873411,0.0725442,0.00091226667,1,34189,1032457425
0.6713615,0.10610438,0.022754375,0.19977981,1,34189,1076340476
0.23433131,0.7510657,0.014215795,0.0003872601,1,34189,1694489464
0.4717486,0.5227166,0.005186512,0.00034834724,1,34189,1760042524
6.500192e-06,0.0005107463,0.5971118,0.40237093,2,34205,230907983
1.1452909e-06,6.28387e-05,0.53454405,0.465392,2,34205,963541535
7.1823556e-06,6.3757616e-05,0.09503731,0.9048917,2,34205,1032357594
2.1982712e-06,0.00012945729,0.8086102,0.19125809,2,34205,647697559
5.2660666e-06,4.009039e-05,0.33233267,0.6676219,2,34205,962229550
1.1866275e-06,0.00021294091,0.34359416,0.6561917,2,34205,1363754127
2.1909952e-06,9.274577e-05,0.5960542,0.4038508,3,34253,574745806
2.7396718e-05,0.0015781857,0.6902303,0.30816403,3,34253,697739374
8.837034e-06,6.460472e-05,0.08300254,0.91692406,3,34253,1667170532
1.1097353e-05,0.0003009331,0.14304799,0.85664004,3,34253,422984092
1.3375237e-05,5.083782e-05,0.10450414,0.89543164,3,34253,445627062
0.00017586006,0.003579002,0.52732617,0.46891892,3,34253,645555094
6.5170784e-06,0.00014183663,0.06593985,0.9339118,3,34253,994471626
1.6245954e-06,1.6347229e-05,0.023121083,0.976861,3,34253,1844420556
5.9583044e-07,0.007531716,0.9924218,4.5953206e-05,2,34289,522415173
0.00061549275,0.08271182,0.90084285,0.015829926,2,34289,1092773429
1.0975918e-06,0.0050459933,0.9944764,0.0004765658,2,34289,71993746
0.00027881446,0.02063913,0.9411843,0.03789778,2,34289,1983896677
0.42971417,0.54052824,0.025226858,0.004530769,0,34423,818162490
0.8686414,0.13103813,0.00016142688,0.0001590312,0,34423,2074756889
0.25245318,0.7083152,0.037028644,0.0022029614,0,34423,1255338
0.8827067,0.11671496,0.00044219298,0.0001361925,0,34423,816400548
0.7835261,0.21556069,0.0006718425,0.00024131493,0,34457,1798065673
0.31235573,0.68566746,0.0019036138,7.3220726e-05,0,34457,1947379260
0.7342503,0.2651191,0.00047415486,0.0001564215,0,34457,719814434
0.97106576,0.028802216,4.2906002e-05,8.904696e-05,0,34457,1804268002
0.14376974,0.85452735,0.0016140061,8.892238e-05,1,34630,452869527
0.20382147,0.7938256,0.0022867518,6.6185195e-05,1,34630,1658606126
0.24063402,0.7568446,0.0023243122,0.00019707943,1,34630,1812500764
0.0803606,0.91434133,0.005284307,1.36916005e-05,1,34630,220119416
0.20540701,0.7897674,0.0046738535,0.00015172361,1,34630,247266566
2.269225e-05,0.07170291,0.9280374,0.00023705156,1,34747,125104697
0.00012565746,0.13517861,0.8645929,0.00010284129,1,34747,593668504
3.6545848e-06,0.039927304,0.95999026,7.872887e-05,1,34747,375488718
0.00040304277,0.18065438,0.8175569,0.0013857114,1,34747,1820687731
0.00012297912,0.32757494,0.67226595,3.60601e-05,2,34760,2109539792
1.4971373e-06,0.06190484,0.9380881,5.627191e-06,2,34760,2134891714
2.1495765e-07,0.05350655,0.9464906,2.6382525e-06,2,34760,868662889
1.799644e-05,0.14470711,0.8552069,6.799018e-05,2,34760,1896872623
0.29166195,0.7053503,0.0029420634,4.573617e-05,1,34824,527152308
0.49937207,0.49501538,0.00520211,0.00041033822,1,34824,701723949
0.002481092,0.9380928,0.059417717,8.369561e-06,1,34824,698380388
0.0045710397,0.95115364,0.04426269,1.2704017e-05,1,34824,947955118
0.0752873,0.89059806,0.034075055,3.964329e-05,1,34829,139200693
0.08129568,0.8406818,0.07729254,0.0007299597,1,34829,1020505317
0.0006575306,0.73168784,0.26760858,4.6054116e-05,1,34829,8431325
0.06921249,0.85672516,0.073873095,0.00018920863,1,34829,574822693
0.8083517,0.19074358,0.0006922874,0.00021244565,1,34855,459790749
0.9119632,0.0873671,0.0003027399,0.00036685806,1,34855,1873599306
0.9576206,0.042178895,0.00011503309,8.548053e-05,1,34855,222315332
0.65950966,0.3379053,0.0020510657,0.0005340054,1,34855,1559623893
0.0062213694,0.9178854,0.075888194,5.0466124e-06,1,34964,70816557
0.3429624,0.65197086,0.00475525,0.000311438,1,34964,540540193
0.0025406876,0.92007476,0.077291735,9.274271e-05,1,34964,688699364
0.1225022,0.8022888,0.074898355,0.0003106419,1,34964,2043349948
0.0017894289,0.8882803,0.10991378,1.6537346e-05,1,35045,274618206
0.00016039667,0.87705916,0.12277795,2.4909168e-06,1,35045,1168803214
0.17754568,0.7826651,0.039213624,0.0005756847,1,35045,1617727045
0.02119996,0.9136517,0.06511517,3.3219934e-05,1,35045,854994290
0.010269019,0.9690295,0.02068772,1.37555335e-05,1,35045,975358476
0.9544191,0.04481718,0.00040165836,0.0003620741,0,35145,542190316
0.9899092,0.009729689,5.7614096e-05,0.00030358168,0,35145,746174288
0.96421224,0.035227735,0.00019703645,0.00036301708,0,35145,1065069204
0.95124054,0.0473968,0.0005883295,0.00077436445,0,35145,1136090111
0.9815269,0.01758022,0.00017582867,0.000716973,0,35145,1201435475
0.9812773,0.018231701,8.150355e-05,0.00040943205,0,35145,1483912624
0.9920249,0.007875512,1.6421953e-05,8.316232e-05,0,35145,1259099955
0.9700457,0.025216663,0.00082394213,0.00391371,0,35145,1637329612
0.97760427,0.020988625,0.000291751,0.0011154729,0,35145,1644307068
0.9609156,0.03821634,0.0002031199,0.0006649073,0,35145,1787884253
0.9649907,0.034619506,0.00017954037,0.00021029827,0,35145,2088560402
0.004144932,0.863563,0.13226219,2.9811876e-05,2,35163,1140268595
0.08241733,0.87858874,0.03859409,0.00039989984,2,35163,1544942003
0.0027048942,0.7082955,0.2889578,4.176804e-05,2,35163,1901756990
0.039172858,0.86549354,0.09488451,0.0004490808,2,35163,1458360187
0.0013429315,0.7347694,0.26378947,9.819873e-05,2,35163,1989434910
0.0040084324,0.38861302,0.5931686,0.014210016,1,35175,172796659
0.044371746,0.80695355,0.14659789,0.002076758,1,35175,597882628
0.00624983,0.65150815,0.3398465,0.0023955284,1,35175,1950389247
0.017261233,0.8483208,0.13434152,7.647139e-05,1,35175,558427378
0.0009674623,0.44988918,0.54890877,0.00023466203,1,35175,1781319917
6.43778e-06,0.008304699,0.9881719,0.0035169544,3,35256,1163182191
0.00010608955,0.09425952,0.9051055,0.00052900193,3,35256,2073154835
1.7258884e-05,0.07217158,0.9277114,9.970846e-05,3,35256,2126145732
5.6782654e-05,0.0023250824,0.8791996,0.11841851,3,35256,1093233320
4.310795e-05,0.0042040865,0.9409782,0.054774687,3,35256,1172772380
2.6991564e-05,0.005890967,0.9747755,0.019306542,3,35256,1329624764
9.22705e-05,0.0007802207,0.05513905,0.94398844,2,3528,174011999
0.0003145857,0.00229237,0.1289774,0.8684156,2,3528,2059421627
0.00156872,0.012915119,0.16225901,0.8232571,2,3528,705314825
0.0015011566,0.00717685,0.102848165,0.8884738,2,3528,891680483
0.0011835006,0.007691816,0.09899456,0.89213014,2,3528,1930568481
0.012080908,0.9172165,0.070664674,3.7960337e-05,1,35368,30285177
0.011273377,0.95196307,0.036731128,3.243948e-05,1,35368,312931863
0.023054628,0.94631815,0.030532645,9.455747e-05,1,35368,2027719533
0.0023243204,0.8571746,0.14048237,1.8724635e-05,1,35368,653240312
0.001997672,0.89733744,0.100639835,2.5169891e-05,1,35368,1230479287
0.0019668096,0.89928424,0.098730884,1.799982e-05,1,35368,2111609118
4.541317e-05,0.003143932,0.9617088,0.03510183,2,3544,174022356
1.7988472e-05,0.0017223177,0.9785598,0.019699946,2,3544,1826143266
0.00011042018,0.003616213,0.8380993,0.15817405,2,3544,928469922
0.001169516,0.007509104,0.71625316,0.27506825,2,3544,1312004507
0.9075433,0.09061924,0.0013801301,0.00045734452,0,35518,512893377
0.95370936,0.03336973,0.0039727786,0.008948058,0,35518,589852208
0.88695824,0.063779786,0.016002394,0.033259615,0,35518,1155373414
0.87334245,0.052497823,0.016301852,0.0578579,0,35518,1816135001
0.33081642,0.63903874,0.029484382,0.0006604,0,35518,210428387
0.24593788,0.7414372,0.012380069,0.0002448721,0,35518,867365337
0.09259717,0.6258112,0.27250436,0.009087234,1,35534,361348891
0.0011719493,0.43930244,0.55866313,0.0008625016,1,35534,636149540
0.06370963,0.41607,0.49587715,0.024343254,1,35534,1700665773
0.015282496,0.45935756,0.5186184,0.0067415223,1,35534,1820576407
0.0048479396,0.46765888,0.5259953,0.0014978632,1,35534,250959890
0.004769476,0.20141771,0.7693736,0.02443924,1,35534,1752210014
0.000121760815,0.34368035,0.6560478,0.00015003125,1,35534,1824321225
0.0034156458,0.490988,0.5048005,0.0007958484,1,35534,1914396457
4.4480435e-05,0.008881292,0.74188995,0.2491843,3,35603,505690763
0.0005074232,0.010104769,0.6697224,0.31966543,3,35603,1366711355
0.0005812578,0.01174278,0.4141758,0.5735001,3,35603,2128329756
2.0907686e-05,0.00055322616,0.061119724,0.93830615,3,35603,1522629857
0.00016938183,0.0004381606,0.08425486,0.9151376,3,35603,2004178977
0.9797997,0.0201316,3.9788953e-05,2.8860062e-05,0,35608,390085700
0.9207418,0.07784354,0.001119474,0.00029518633,0,35608,534794960
0.90646064,0.08994088,0.0033430632,0.0002553708,0,35608,751147595
0.56222844,0.43594295,0.0016861883,0.00014250481,0,35608,1643349610
0.98080415,0.019050634,0.000112503476,3.2698877e-05,0,35608,278329425
0.9892512,0.010693534,2.5442027e-05,2.9761115e-05,0,35608,381838766
0.9289895,0.070042364,0.00057447987,0.00039364595,0,35608,973392856
0.9532234,0.046475515,0.00015100928,0.0001500595,0,35608,1363116623
0.9080852,0.09179458,6.79708e-05,5.220994e-05,0,35608,2048880273
0.00016041851,0.11448152,0.88312656,0.0022314491,2,35673,1084477933
0.00016122039,0.059348743,0.93163174,0.0088582095,2,35673,1232809610
1.3557305e-05,0.06870438,0.93119335,8.8724846e-05,2,35673,765771935
0.00015610333,0.06200983,0.9330019,0.0048321467,2,35673,1431954770
6.214543e-05,0.092410184,0.9072695,0.00025811803,2,35903,477103889
5.134217e-06,0.03422511,0.96384686,0.0019228564,2,35903,1072632799
1.8704192e-06,0.016643185,0.9833181,3.6785492e-05,2,35903,1686253621
2.6500235e-05,0.10373968,0.89577186,0.00046200704,2,35903,43231849
7.772723e-05,0.3555505,0.6442721,9.972543e-05,2,35903,877447382
7.045705e-05,0.13215949,0.8656124,0.0021576467,2,35903,2123536231
0.005345528,0.3871669,0.6048633,0.0026242996,2,35920,397722184
0.0037372771,0.8973953,0.09883867,2.8729943e-05,2,35920,628570272
0.0022460402,0.77279866,0.2248364,0.0001189477,2,35920,573279060
0.0013214018,0.93387544,0.064795054,8.148237e-06,2,35920,1990113311
8.7552435e-05,0.1747255,0.8233565,0.0018304794,2,35960,769734757
0.0001247455,0.30305183,0.6967855,3.788415e-05,2,35960,890424463
3.5736524e-05,0.31917375,0.6807709,1.963346e-05,2,35960,939941005
4.245317e-05,0.15043177,0.8494811,4.4735953e-05,2,35960,244112776
0.000491401,0.21856235,0.78008586,0.0008604179,2,35960,1349371530
0.0050869933,0.899203,0.0956579,5.20958e-05,1,35980,556062814
0.019958604,0.954324,0.02544638,0.00027099854,1,35980,2001287346
0.013426213,0.9307466,0.055632677,0.00019453891,1,35980,1234115691
0.0057784314,0.92213583,0.07201263,7.3133335e-05,1,35980,2139693566
3.8574297e-05,0.073401816,0.92506176,0.0014977998,2,36071,1214702109
1.187295e-06,0.017076936,0.9817177,0.001204131,2,36071,1378888411
5.2047335e-07,0.00562908,0.99365896,0.0007114486,2,36071,607232908
1.2777325e-05,0.077762865,0.92158586,0.0006384999,2,36071,2063808894
0.0054884492,0.80462074,0.18964553,0.00024529634,1,36109,747243800
5.869852e-05,0.4816169,0.51793563,0.00038875002,1,36109,2129809255
0.00021485952,0.63376045,0.36598995,3.467009e-05,1,36109,623935507
0.0013207085,0.86569226,0.13286762,0.00011936939,1,36109,1348260374
0.0017424999,0.69630164,0.30189613,5.965839e-05,2,36164,147249410
0.004032878,0.77961093,0.21617012,0.00018601587,2,36164,927654915
0.00029551872,0.32183522,0.677677,0.00019228579,2,36164,701080995
4.7008e-05,0.08487541,0.91421616,0.0008614125,2,36164,1261724345
0.0001891233,0.3112479,0.68841964,0.0001432647,2,36164,2033217228
0.02064472,0.59886914,0.37264434,0.007841768,2,36245,1076289596
0.0009551376,0.6116771,0.3870704,0.0002974347,2,36245,1721466077
6.833431e-05,0.27424726,0.7255077,0.00017674219,2,36245,126782782
0.00079078187,0.5340963,0.4649407,0.0001722125,2,36245,1001140083
8.390501e-05,0.45262793,0.5472419,4.6228302e-05,2,36245,1340627711
0.0011686783,0.5885315,0.41022977,7.00011e-05,2,36245,1924603813
0.001230816,0.004874754,0.105897255,0.88799715,3,36327,822062677
3.0800368e-06,1.19015895e-05,0.009446218,0.9905387,3,36327,2048738877
0.0003142319,0.0021133092,0.08947128,0.90810114,3,36327,945665956
1.7171398e-05,3.2189713e-05,0.011603996,0.98834664,3,36327,1209286377
0.35296202,0.64305645,0.0038357861,0.00014571934,1,36472,184652829
0.42194188,0.5775579,0.00047059104,2.9638128e-05,1,36472,1753656279
0.42664674,0.57107365,0.0021442256,0.00013543045,1,36472,1904659008
0.6195775,0.379477,0.0008723838,7.312517e-05,1,36472,1226692800
0.034249045,0.9565391,0.009195367,1.6406191e-05,1,36472,1377242293
0.415899,0.57991254,0.0038983996,0.00028997284,1,36472,1960885464
1.3970275e-05,0.0012431608,0.7030866,0.29565623,2,36484,850492291
0.00012053979,0.0016956308,0.8683249,0.129859,2,36484,972896398
0.00013084662,0.00392,0.90789753,0.08805161,2,36484,986545280
0.00010975133,0.0015710318,0.8379995,0.16031964,2,36484,234597212
2.7244338e-05,0.003053901,0.97085136,0.026067538,2,36484,397195007
0.00013846044,0.006416132,0.8707045,0.12274095,2,36484,1494191802
5.989942e-06,0.0013211326,0.86627674,0.13239619,2,36563,404531028
1.2418682e-05,0.023779027,0.9757791,0.00042941706,2,36563,545497638
1.3309423e-05,0.027508896,0.9717944,0.000683408,2,36563,700961017
2.6681136e-07,0.0050623603,0.9947871,0.00015033821,2,36563,115214200
1.7916983e-07,0.0044446345,0.99550736,4.7769427e-05,2,36563,1236602495
0.95887876,0.04091034,8.199518e-05,0.00012896172,0,36570,724756093
0.91740626,0.08240601,0.00011276564,7.4956806e-05,0,36570,979798108
0.8954093,0.10421113,0.00020980652,0.00016966168,0,36570,2139025292
0.9344795,0.06520085,0.00022293297,9.682174e-05,0,36570,877004548
0.90644073,0.093036965,0.00027693232,0.0002453487,0,36570,937674720
0.91251963,0.087094344,0.00026990613,0.000116082854,0,36570,1126989566
0.81799567,0.18136539,0.00043902878,0.00019990701,0,36570,1870071397
0.63724715,0.35874614,0.0038270613,0.00017960629,1,36582,600108485
0.8385882,0.16071452,0.00063784467,5.937815e-05,1,36582,950545761
0.6917497,0.3079078,0.00031043103,3.21457e-05,1,36582,1583776966
0.9944464,0.005542267,2.6249663e-06,8.716051e-06,1,36582,856918070
0.9859752,0.013950555,1.9307132e-05,5.4976885e-05,1,36582,1297440580
0.995884,0.0041008447,2.5089796e-06,1.269011e-05,1,36582,1311157992
1.2737948e-05,0.0011026477,0.7418719,0.25701272,2,36626,793384671
5.481323e-05,0.0016266331,0.6068285,0.39148998,2,36626,1156350993
0.00017292824,0.03400001,0.9231798,0.04264732,2,36626,1840424476
2.7770904e-05,0.0023654,0.7512453,0.24636148,2,36626,380119316
0.00012931674,0.010638717,0.6309889,0.3582431,2,36626,464386943
6.809816e-06,0.0003685281,0.50066864,0.49895602,2,36626,1197622980
4.2311494e-05,0.010884357,0.9343078,0.054765556,2,36677,1146921719
1.2316547e-05,0.01599067,0.9825516,0.0014453905,2,36677,2090802386
2.550651e-06,0.013079339,0.98674196,0.00017608484,2,36677,18827818
9.6930205e-05,0.06138597,0.9338799,0.004637175,2,36677,889805120
4.2682386e-05,0.015173514,0.974882,0.009901793,2,36680,1689646706
0.00030887796,0.009327943,0.8736649,0.11669827,2,36680,1762218219
0.0007864436,0.02567177,0.92329705,0.05024472,2,36680,572988849
0.00031343536,0.016377246,0.7942547,0.1890546,2,36680,709875186
0.00015287743,0.05670449,0.9410937,0.0020489115,2,36748,207616196
0.00023529901,0.022799212,0.8986804,0.07828512,2,36748,240108548
0.0003841331,0.0068990067,0.116903394,0.8758135,2,36748,98580607
4.2793283e-05,0.016035868,0.9803751,0.00354624,2,36748,445478475
2.909211e-05,0.013183198,0.94605255,0.04073515,2,36748,506291319
0.00016312902,0.019298632,0.6728368,0.30770147,2,3681,1472944265
0.0024779765,0.2939736,0.7017413,0.0018071686,2,3681,1547082234
0.001951921,0.32535085,0.6713845,0.0013127406,2,3681,1669915641
0.0056885905,0.11207654,0.73591477,0.14632006,2,3681,2004599190
0.030169105,0.16642283,0.35347736,0.44993076,2,3681,2045338450
2.8735953e-05,0.003383244,0.84000355,0.1565845,2,3681,1262782193
0.04188467,0.32137147,0.5854024,0.05134154,2,3681,1453541308
0.0007112144,0.052106943,0.8870706,0.0601112,2,3681,2098749280
0.5893516,0.40738526,0.0027618413,0.00050125894,1,36841,76463248
0.8497946,0.1496719,0.0003971954,0.00013625679,1,36841,1427467623
0.046435345,0.8698833,0.08261666,0.0010647238,1,36841,330953434
0.6063825,0.38988432,0.0028369718,0.00089621835,1,36841,890904071
0.7625202,0.23702073,0.000411982,4.717868e-05,0,36853,1043124373
0.5295127,0.469151,0.0012707582,6.5521286e-05,0,36853,1483723340
0.42895675,0.56973016,0.0012759111,3.7173166e-05,0,36853,248732326
0.84078825,0.15871045,0.00045754356,4.376214e-05,0,36853,1240037215
0.78745925,0.21206126,0.00027779985,0.00020174975,0,36922,339183927
0.77908164,0.21974552,0.0007401631,0.00043262067,0,36922,390842915
0.75807315,0.24128753,0.00041864507,0.00022063468,0,36922,1792713625
0.43882146,0.55322325,0.007276765,0.00067853363,0,36922,2026693989
0.00019652088,0.18388359,0.81535274,0.0005671648,2,37036,276646754
0.0033800534,0.5022902,0.4940028,0.00032694446,2,37036,766094970
1.3210174e-05,0.1730783,0.8267856,0.00012294164,2,37036,1886944563
0.00040121307,0.22045377,0.77579874,0.0033463307,2,37036,1932998406
4.0157347e-06,0.0006402718,0.9197525,0.07960316,2,37069,430280283
5.5188102e-05,0.0069773877,0.91200656,0.08096082,2,37069,1525929577
1.2590553e-05,0.014545902,0.97895426,0.0064872024,2,37069,464168291
0.00036503625,0.05540095,0.9164378,0.02779629,2,37069,1214908402
1.4760188e-05,0.31468353,0.6852925,9.188658e-06,2,37092,32533395
0.037147842,0.8810185,0.08170764,0.00012603095,2,37092,246308801
6.734758e-05,0.35081336,0.6490456,7.3781695e-05,2,37092,1093886640
3.6898058e-05,0.44560924,0.55434626,7.63469e-06,2,37092,212743439
0.23053543,0.71166843,0.055413403,0.0023827653,2,37092,325321702
0.0017905905,0.8762063,0.12183051,0.00017270223,2,37092,1856956705
2.9697536e-05,0.016726617,0.9771514,0.0060922606,2,37105,1060197486
0.00036828214,0.016879084,0.7402222,0.24253039,2,37105,1490097502
0.00010270455,0.009730792,0.9391091,0.051057454,2,37105,1066209035
0.00012298902,0.017558746,0.91960394,0.06271431,2,37105,1352718656
0.011525558,0.91560066,0.07283708,3.6642552e-05,1,37112,1293652074
0.01651483,0.8918829,0.0915197,8.262778e-05,1,37112,1852422966
0.058842067,0.880681,0.060015894,0.00046110438,1,37112,1214273692
0.0429704,0.92007184,0.03685358,0.0001041751,1,37112,1252681771
0.27716678,0.7152884,0.0073824963,0.00016223942,1,37112,1877724391
0.0008314358,0.8440422,0.15510975,1.6594106e-05,1,37203,437618329
0.0043576444,0.9047963,0.09081045,3.5642995e-05,1,37203,845310539
0.0076026274,0.97444624,0.017942414,8.656045e-06,1,37203,1988502869
0.013203118,0.9688789,0.017891359,2.6611282e-05,1,37203,284527479
0.0227505,0.900488,0.07595605,0.00080539176,1,37203,826530700
0.025707636,0.912418,0.06146482,0.00040948708,1,37281,895767012
0.00017024801,0.8819574,0.11785966,1.2725322e-05,1,37281,1004478312
0.07640478,0.8948763,0.028167302,0.00055164465,1,37281,556187929
0.00028387416,0.68269837,0.31695142,6.630912e-05,1,37281,1401653688
0.040275056,0.81245506,0.14709955,0.0001703964,1,37295,1612598473
0.0001336357,0.5898216,0.41003752,7.269913e-06,1,37295,2070474772
0.0005600485,0.33210024,0.66730946,3.0274461e-05,1,37295,722642403
0.0013287168,0.42839026,0.5702121,6.8930945e-05,1,37295,1442269220
0.002650731,0.4233034,0.5739575,8.83604e-05,1,37295,1473755891
0.9928548,0.0070630033,1.0906345e-05,7.1305476e-05,0,37313,921577390
0.994603,0.005377065,2.9423504e-06,1.6941083e-05,0,37313,1456693904
0.99819773,0.001792984,1.0920388e-06,8.198879e-06,0,37313,1656449535
0.99316955,0.006790289,6.493935e-06,3.3622353e-05,0,37313,145164422
0.9963199,0.0036686515,2.8303446e-06,8.577881e-06,0,37313,947312525
0.043500613,0.78051233,0.17199561,0.0039914274,1,37330,168633000
0.0025663234,0.8753174,0.12209298,2.3236971e-05,1,37330,339182402
0.027090445,0.8981999,0.0738349,0.0008747241,1,37330,318271237
0.13360329,0.72831434,0.13363823,0.004444142,1,37330,1044229477
0.00073392474,0.66276675,0.33640236,9.6926175e-05,1,37350,800635248
0.0003561653,0.6225466,0.37706557,3.161442e-05,1,37350,1587187293
6.867457e-05,0.37229833,0.62749106,0.00014189034,1,37350,1707249367
0.0012198617,0.6276239,0.36943084,0.0017253634,1,37350,81401001
0.000102698716,0.40179598,0.59778655,0.00031475862,1,37350,1712073083
0.034885146,0.9395433,0.025542185,2.9369237e-05,1,37369,912465902
0.00864587,0.9656583,0.02562344,7.243697e-05,1,37369,1426322956
0.0013108915,0.9167545,0.08192633,8.326785e-06,1,37369,899391431
0.0013003546,0.8789741,0.11966152,6.400773e-05,1,37369,1738742478
0.00011118062,0.009577115,0.84575474,0.14455697,2,37399,704177359
0.00010305592,0.004163997,0.65965164,0.3360813,2,37399,1134194335
5.523983e-05,0.0012049901,0.32319748,0.67554224,2,37399,1967318806
4.3116223e-05,0.0008112215,0.2796672,0.7194785,2,37399,2002623103
0.33470687,0.64770204,0.016189631,0.0014014272,0,37463,53602766
0.7453963,0.25226822,0.0021283638,0.00020710526,0,37463,1123945644
0.31060854,0.66900575,0.019863678,0.000522039,0,37463,1170853933
0.8529613,0.14631203,0.0005650319,0.00016169233,0,37463,844312119
0.69360095,0.30490625,0.0013815801,0.00011130221,0,37463,1721564980
0.6070733,0.39012828,0.0026101342,0.00018835571,0,37463,1913360645
0.53828675,0.45905882,0.00241958,0.00023488727,0,37488,1581407368
0.7472069,0.24691011,0.004455649,0.0014272898,0,37488,1697322168
0.8013495,0.19581552,0.001745325,0.0010895936,0,37488,1181377417
0.9200338,0.07984862,6.346728e-05,5.4097032e-05,0,37488,1220981566
0.003547746,0.89960474,0.09679101,5.6493896e-05,1,37722,483160353
0.0014171462,0.66158867,0.33679157,0.00020258535,1,37722,1830267461
0.00822106,0.8417366,0.14995693,8.540506e-05,1,37722,2047653087
0.0012484364,0.89707494,0.1016285,4.8164453e-05,1,37722,244433205
0.03386292,0.95258963,0.0135339545,1.3528474e-05,1,37722,1781922058
0.0028211628,0.6935373,0.3034875,0.00015403195,1,37722,1871368851
0.37634698,0.6148891,0.008326397,0.0004375397,1,37747,1552967360
0.6033166,0.3860964,0.00962607,0.0009609912,1,37747,1948027355
0.7177393,0.2809981,0.0011527069,0.00010997408,1,37747,860878437
0.52284664,0.46700013,0.009324279,0.0008289409,1,37747,887180302
0.29852855,0.6871897,0.0140473,0.0002344651,1,37747,1424104959
0.15802749,0.79793656,0.043181513,0.0008544394,1,37747,1460193504
5.6649176e-05,0.6488273,0.35111076,5.2496025e-06,1,37774,154592468
0.0028483565,0.8485051,0.14851461,0.00013187727,1,37774,953643657
0.0067102863,0.94330305,0.049954005,3.268039e-05,1,37774,47855107
0.13289884,0.8520907,0.014356073,0.00065431726,1,37774,125014727
0.017634664,0.8204626,0.16159242,0.00031031566,1,37774,989910301
0.00013681267,0.04296244,0.93285346,0.02404736,2,37852,1009633258
9.957438e-06,0.1434814,0.8564425,6.609219e-05,2,37852,1484250342
9.841213e-05,0.15902007,0.8407151,0.00016646952,2,37852,1127783615
8.6652166e-05,0.023164872,0.849846,0.1269025,2,37852,1556140454
0.00013212749,0.015839906,0.91033703,0.07369086,2,37862,466483307
2.6594269e-05,0.052178875,0.9238209,0.023973662,2,37862,716251527
0.00016703899,0.09653233,0.9019737,0.0013268329,2,37862,1044717132
0.00018140959,0.019076625,0.8346613,0.14608072,2,37862,1376075736
0.0004152844,0.034589816,0.9491248,0.01587009,2,37862,195432654
0.0014128581,0.065821975,0.7692599,0.16350523,2,37862,1106261433
0.0004906897,0.03507218,0.8788786,0.0855586,2,37862,1345416304
0.005037136,0.16534486,0.7417179,0.08790008,2,37862,1858219249
0.00041429387,0.1141403,0.8602264,0.025218988,2,37944,872619770
0.00042518225,0.15122351,0.81333256,0.035018727,2,37944,1779811470
2.673414e-05,0.06853748,0.9309463,0.00048950093,2,37944,1881722918
0.0002641234,0.080624305,0.89486665,0.024244914,2,37944,1660597644
0.0007861461,0.41026837,0.58784443,0.0011011639,2,37944,1731436442
0.33858788,0.6455799,0.0154709425,0.00036128866,1,38036,1506293075
0.056838002,0.9275609,0.015427242,0.00017386227,1,38036,2066549384
0.18866773,0.7693415,0.040568117,0.001422619,1,38036,426695563
0.04882431,0.75524,0.19439924,0.0015365164,1,38036,1576207623
0.05746123,0.81601936,0.12477968,0.0017396586,1,38036,1687049577
1.2386799e-06,0.0025663257,0.9929174,0.0045151375,2,3807,706851819
0.00015455749,0.010234828,0.9160164,0.0735943,2,3807,853678743
2.2127015e-05,0.11522374,0.8844133,0.00034081156,2,3807,1225044698
0.0005075093,0.2800623,0.7175826,0.0018475502,2,3807,1356924430
0.0013028152,0.02488719,0.33997235,0.63383764,3,38080,875310250
0.00013571155,0.012056694,0.49381533,0.4939922,3,38080,1450170661
0.00022562558,0.005628775,0.2699207,0.7242249,3,38080,88110813
0.00013410248,0.001729341,0.07697598,0.9211606,3,38080,999892087
0.00025975003,0.012498486,0.25940642,0.7278354,2,38123,80379797
0.000335073,0.008285639,0.55810183,0.43327752,2,38123,1831698414
0.00013935912,0.022325924,0.91205794,0.06547678,2,38123,228885438
4.6746256e-05,0.020735128,0.95977587,0.019442167,2,38123,1237041576
0.9075272,0.09174148,0.00049238565,0.00023897024,1,38128,1038723688
0.9478648,0.05195609,7.5976845e-05,0.0001032048,1,38128,1070019412
0.91645545,0.083231494,0.00014128163,0.00017178802,1,38128,833528732
0.9402298,0.059634402,8.713451e-05,4.8672806e-05,1,38128,1595642271
0.9230233,0.076781854,0.00013599779,5.8908085e-05,1,38128,2106123952
0.9512204,0.04739797,0.00045517948,0.0009264843,0,38131,286971340
0.9627278,0.037115548,8.168249e-05,7.4947566e-05,0,38131,1071688023
0.8587734,0.13745764,0.003020875,0.0007480799,0,38131,1531233698
0.9619435,0.037804935,6.136226e-05,0.00019024132,0,38131,617944552
0.9410452,0.05718495,0.0010619506,0.00070796197,0,38131,1814546332
0.97203946,0.02752293,0.00022528609,0.00021240972,0,38131,2111094863
0.0058443937,0.8969989,0.09661424,0.00054242846,1,38168,245696559
0.01600375,0.6296036,0.33703637,0.017356215,1,38168,511305493
0.064522274,0.7398644,0.14996268,0.045650568,1,38168,865022290
0.06401257,0.9168832,0.019076295,2.8003009e-05,1,38168,2002053985
0.017318754,0.44862646,0.5022634,0.03179135,1,38168,239998903
0.0017490385,0.50438,0.4938309,4.0084826e-05,1,38168,500230769
0.0003265213,0.0056067356,0.12708439,0.86698234,2,38171,198144950
0.002572863,0.08413023,0.71929216,0.19400474,2,38171,1465094139
0.0020552534,0.043884795,0.31651258,0.6375473,2,38171,1564106999
0.0029613224,0.027757544,0.54030156,0.42897955,2,38171,2133998406
0.0016968373,0.015662171,0.19200656,0.79063445,2,38171,151128333
9.277035e-05,0.0077371323,0.8214461,0.17072396,2,38171,590011849
0.00010718443,0.0009215337,0.05285984,0.94611144,2,38171,1385365337
0.010364523,0.11025205,0.40279984,0.47658354,2,38171,2053190836
0.17630805,0.81679183,0.0065279836,0.00037209876,1,38219,29164169
0.39512774,0.6022942,0.0023479084,0.00023018796,1,38219,1625840932
0.4778508,0.5209349,0.00091566134,0.000298612,1,38219,687036201
0.3341204,0.65949166,0.0056734066,0.0007145539,1,38219,1012424374
0.00069306954,0.5292946,0.46960717,0.00040512104,1,38221,398323208
2.6346646e-05,0.025912883,0.96842927,0.005631531,1,38221,1015859510
0.0006903374,0.5179901,0.48107156,0.00024800943,1,38221,64541479
0.0008489171,0.103152044,0.8929935,0.0030054075,1,38221,1992276100
0.95692384,0.043016106,3.158276e-05,2.8466466e-05,0,38241,206612838
0.9507069,0.049080763,0.00011467176,9.767856e-05,0,38241,2064129146
0.68797874,0.30983716,0.0021236269,6.045408e-05,0,38241,46141163
0.5820832,0.4158926,0.0018256409,0.00019853142,0,38241,231953633
0.89518446,0.10453766,0.0001501942,0.0001277471,0,38336,1205523083
0.9498567,0.049818613,0.00016338371,0.0001613043,0,38336,1698898855
0.9119199,0.087780766,0.00014452498,0.00015483369,0,38336,1776344578
0.97328925,0.026653543,3.139406e-05,2.571999e-05,0,38336,810267443
0.967524,0.032460343,8.864914e-06,6.74557e-06,0,38336,1201107468
0.7710964,0.22007947,0.0050583477,0.003765737,0,38341,19731268
0.59447455,0.39033052,0.010861834,0.0043330872,0,38341,2108229863
0.904206,0.09530285,0.0002302003,0.00026098773,0,38341,2137036269
0.87824327,0.121287055,0.000293912,0.00017586292,0,38341,750475155
0.76576656,0.22920345,0.0020044923,0.0030255113,0,38341,1000066573
0.90655833,0.09265944,0.00030836047,0.00047387587,0,38341,1863760956
1.0915944e-05,0.0021287648,0.32379556,0.67406476,2,38400,491443883
4.153219e-06,3.520392e-05,0.11281302,0.8871476,2,38400,1428056364
4.553857e-06,7.579469e-05,0.2812942,0.7186254,2,38400,1683370801
5.3574924e-05,0.00021110386,0.13311055,0.86662483,2,38400,181678988
6.4873115e-05,0.0016147825,0.20940049,0.78891987,2,38400,1354952944
0.0003340068,0.0311364,0.89474285,0.07378678,2,38428,775265428
6.4902335e-05,0.059616122,0.937486,0.0028329745,2,38428,1117261984
4.9128057e-06,0.0069302754,0.98910016,0.003964568,2,38428,1381062160
7.5781376e-05,0.020348892,0.8182411,0.16133417,2,38428,916479792
0.00015290632,0.005965882,0.38218677,0.61169446,2,38428,1178526875
1.2686114e-06,0.010198122,0.989096,0.00070466765,2,38455,714062441
5.0488106e-06,0.0016812319,0.9672349,0.031078821,2,38455,2019187214
9.810172e-06,0.0024781716,0.9658758,0.03163625,2,38455,1453019555
4.419953e-06,0.009613301,0.9896969,0.00068538054,2,38455,1793088561
0.00022545205,0.014819642,0.9252941,0.059660852,2,38470,95823163
2.5151163e-05,0.0014287333,0.852601,0.14594516,2,38470,144172871
7.1437416e-06,0.0010826015,0.94930786,0.049602464,2,38470,1040972279
3.8914204e-05,0.009043692,0.982385,0.008532407,2,38470,1804780178
0.0064782468,0.96141165,0.032095216,1.4935055e-05,1,38483,28795754
0.02247459,0.9514093,0.026095528,2.0654681e-05,1,38483,411778782
0.00028239004,0.35475764,0.64478666,0.00017328272,1,38483,510837705
0.005299806,0.6586934,0.335609,0.00039790495,1,38483,1597085685
0.0035070637,0.8066232,0.18971296,0.00015676199,1,38504,692886894
0.031843092,0.90388435,0.0635723,0.00070032617,1,38504,1975291988
0.049676392,0.8492053,0.09918543,0.0019328938,1,38504,1969595418
0.08922325,0.89965886,0.010952476,0.00016548457,1,38504,2096832529
0.00030193772,0.88329226,0.116400436,5.3800145e-06,1,38535,1673837074
5.2758143e-05,0.75201434,0.24793108,1.7574897e-06,1,38535,2058364271
0.00094109186,0.9129308,0.08610816,1.9884399e-05,1,38535,608922294
0.0032970882,0.9463783,0.0503151,9.618807e-06,1,38535,1790187828
1.1453388e-05,4.9516984e-05,0.14777984,0.85215926,3,38542,51750238
0.00015390103,0.00034229222,0.030861313,0.96864253,3,38542,126028320
0.00043095235,0.0030955772,0.17965747,0.816816,3,38542,2100100802
4.73776e-05,0.00016465483,0.0799202,0.91986763,3,38542,82146206
0.0002160023,0.0013960808,0.06973045,0.9286574,3,38542,193510291
4.329156e-05,0.00017999158,0.034723416,0.9650533,3,38542,1980648675
1.4407483e-06,0.011071797,0.98880684,0.00011996198,2,38544,1332766566
0.00047620197,0.007902833,0.6811895,0.3104315,2,38544,1850960674
0.00027499296,0.0038744071,0.66145825,0.33439237,2,38544,676232287
9.1649673e-07,0.004280689,0.99536324,0.00035511533,2,38544,804498141
6.196516e-05,0.00177367,0.73954743,0.25861692,2,38571,1477611477
7.759078e-05,0.0037057782,0.6906928,0.30552387,2,38571,1587127230
0.00013740799,0.016714644,0.6595864,0.3235615,2,38571,646631209
0.00013911746,0.054728363,0.75745285,0.18767965,2,38571,1281685733
5.116694e-05,0.005635762,0.6814212,0.31289184,2,38571,1289924620
6.7230074e-05,0.0012415765,0.21230352,0.7863877,2,38571,1711736849
3.265794e-05,0.07146813,0.92779714,0.00070216134,2,38576,259949455
1.1414603e-06,0.003724739,0.99548376,0.0007903835,2,38576,974339309
0.00042507806,0.06720912,0.81903493,0.113330804,2,38576,44762825
1.3076264e-05,0.013579223,0.9535244,0.03288329,2,38576,974245123
1.31709585e-05,0.00092095725,0.46773225,0.5313336,2,38576,1649952075
8.474209e-05,0.008959479,0.76307946,0.2278763,2,38576,1661411580
0.40054765,0.5953703,0.0038621423,0.00021997032,1,38693,1259975319
0.78396535,0.21568935,0.0003072218,3.8118756e-05,1,38693,1452149928
0.53148097,0.4659881,0.002268208,0.00026273707,1,38693,1019959557
0.27724093,0.71079093,0.011586147,0.00038204782,1,38693,1558440187
3.470235e-05,0.059758063,0.93849456,0.0017127307,2,38713,315950182
0.0013692173,0.6552511,0.34199584,0.0013838367,2,38713,345013602
0.00037110414,0.2131239,0.7779126,0.008592426,2,38713,712767040
0.000100598016,0.08581383,0.9056271,0.008458472,2,38713,254874610
0.00027482273,0.011709755,0.7852424,0.202773,2,38713,1699921596
0.0012815709,0.33762282,0.66001374,0.0010818789,2,38713,1911058830
7.5269425e-05,0.23532839,0.7643981,0.0001982121,1,38727,1338411990
3.277071e-05,0.5452181,0.45473662,1.251378e-05,1,38727,1568613395
0.050940868,0.8653377,0.08331686,0.00040459164,1,38727,103819266
0.08985019,0.89005214,0.019946195,0.00015135617,1,38727,1485066147
0.3895593,0.60109365,0.008338883,0.0010081348,1,38727,1804419348
0.03641793,0.4974398,0.46436864,0.0017736161,2,38743,219583730
0.014451408,0.46957397,0.51545286,0.0005216696,2,38743,455892994
0.0011232519,0.039043665,0.6256169,0.33421615,2,38743,887020449
0.00063177967,0.119360566,0.7942061,0.0858016,2,38743,1512611579
0.0020112684,0.08200675,0.8621891,0.05379291,2,38743,468853011
0.0410021,0.30594152,0.6482227,0.0048336084,2,38743,997061147
0.0066352095,0.106982246,0.55448455,0.331898,2,38743,1059581647
0.010330682,0.35883036,0.5856488,0.045190144,2,38743,1577101698
0.0018387648,0.9189109,0.07909897,0.00015137627,1,38785,1316676764
0.015938716,0.93980426,0.04271614,0.0015409524,1,38785,1919890966
0.010294942,0.9405199,0.049056377,0.00012876927,1,38785,2084767663
0.0023948164,0.6590719,0.33709717,0.0014361123,1,38785,394129956
0.00054748764,0.24336775,0.7550349,0.0010498064,1,38785,1382877790
0.00033677832,0.66825706,0.33134907,5.713648e-05,1,38785,2086751027
7.614588e-06,0.00049350434,0.81826293,0.18123597,3,38841,1466182506
9.812345e-07,0.00047641838,0.9955754,0.0039471937,3,38841,1766160052
4.360877e-06,0.000635425,0.9929941,0.0063659954,3,38841,195213777
3.6917445e-05,0.0022901413,0.9065203,0.0911526,3,38841,235747395
3.0451403e-05,0.00056094263,0.8438389,0.15556975,3,38841,1523064281
0.007871553,0.9216757,0.070224375,0.00022843078,1,38942,82493902
0.018857544,0.96975404,0.011369324,1.910546e-05,1,38942,526193867
0.15364727,0.8162594,0.029257337,0.00083599816,1,38942,1267961885
0.09304668,0.8758719,0.030481135,0.0006002326,1,38942,1584268762
0.88835514,0.1114788,0.00012936661,3.664353e-05,1,38964,45877561
0.628372,0.37043858,0.0010457885,0.00014367249,1,38964,455259990
0.63231975,0.3647705,0.0027574624,0.0001522662,1,38964,962776150
0.5974876,0.40196934,0.00052157574,2.1413354e-05,1,38964,780324414
0.3084594,0.68426913,0.0069935936,0.00027782388,1,38964,1406437857
0.043470718,0.70310616,0.25256562,0.0008574176,2,39016,60664749
0.002590054,0.64808196,0.3491529,0.00017503386,2,39016,1434793186
0.0013195826,0.0751022,0.8926116,0.030966558,2,39016,267423086
0.00041558017,0.18665977,0.81240577,0.0005188531,2,39016,875836937
0.0001684716,0.0011960727,0.43661577,0.5620197,2,39049,1523178300
1.1887403e-05,0.0003589399,0.6863273,0.31330186,2,39049,2082088542
4.164697e-06,0.00038635466,0.6895631,0.31004634,2,39049,1395322989
1.5466667e-05,0.0020839914,0.9726749,0.025225637,2,39049,1476358359
3.8295435e-05,0.025310153,0.9697412,0.0049103354,2,39117,679522950
3.7920133e-06,0.0031438682,0.98812824,0.008724164,2,39117,861564576
7.0801457e-06,0.012876192,0.9839729,0.0031439343,2,39117,460681499
9.241374e-06,0.0074685677,0.9902042,0.0023180482,2,39117,1620100559
0.0031141767,0.5904281,0.4061206,0.00033716945,1,39166,174738669
0.00021022724,0.123208046,0.8753019,0.001279772,1,39166,863724929
0.003873912,0.7152614,0.2805789,0.00028580154,1,39166,1819328871
0.00021523907,0.26234138,0.7374034,3.989915e-05,1,39166,706127572
0.0010060791,0.36210656,0.63645744,0.00042994216,1,39166,891708778
0.0017984178,0.6520682,0.3459368,0.00019656905,1,39166,1561612499
3.5719747e-06,0.0018611897,0.9719886,0.026146602,2,39180,1117936038
1.2555255e-05,0.013012896,0.9804381,0.0065364963,2,39180,1873687024
9.696966e-08,0.003613757,0.9963018,8.428435e-05,2,39180,141610259
9.056904e-05,0.07790801,0.9193356,0.0026659088,2,39180,767438563
0.00032966567,0.91337407,0.086292595,3.6640997e-06,1,39231,1186137766
0.00082346564,0.9340887,0.065080725,7.1529334e-06,1,39231,1507122315
0.009071929,0.9332505,0.057631653,4.5909146e-05,1,39231,1977358521
0.0016860748,0.9545991,0.04368932,2.5445766e-05,1,39231,282910543
0.029719535,0.936224,0.03393225,0.0001241822,1,39231,1476405273
0.6148206,0.3830436,0.0019106634,0.00022513642,1,39244,108734987
0.32018873,0.6761516,0.0035939717,6.5745306e-05,1,39244,227581197
0.6908167,0.3064635,0.0021094128,0.0006103312,1,39244,922980222
0.6868336,0.3115091,0.001547596,0.00010971686,1,39244,472720606
0.3485354,0.6475279,0.0038770903,5.9652488e-05,1,39244,926443376
0.00025021905,0.2680812,0.7310468,0.0006218165,1,39261,1357929465
5.3991257e-06,0.015511714,0.9843507,0.00013215476,1,39261,1729560364
0.007670202,0.5108006,0.48049814,0.0010311004,1,39261,428482857
1.2111777e-05,0.067762464,0.93218845,3.6975503e-05,1,39261,614387183
5.9672155e-05,0.00021777308,0.01509905,0.9846236,3,39319,549676762
0.0017277657,0.0040497407,0.07626372,0.91795874,3,39319,753319934
1.8208397e-05,3.950972e-05,0.015748225,0.9841941,3,39319,833287606
0.0002297426,0.0004332505,0.034014482,0.9653225,3,39319,249792047
0.00010892941,0.00012909992,0.017922988,0.98183894,3,39319,1903868636
0.0001825694,0.0005413626,0.013150089,0.986126,3,39319,2072472610
0.0042440197,0.8532881,0.14226474,0.00020318216,1,39380,463806475
0.02367799,0.76374835,0.21184863,0.0007249843,1,39380,1411134997
0.009548283,0.69646525,0.29348642,0.00050005096,1,39380,1590701531
0.00600851,0.6579492,0.3357154,0.0003268671,1,39380,1612910455
0.68626696,0.3118462,0.0016121599,0.00027473536,1,39409,969915220
0.7057422,0.29270136,0.0011797587,0.00037672347,1,39409,1894916318
0.92226815,0.07741664,0.00014412886,0.0001710303,1,39409,1574868669
0.7266377,0.27056456,0.0016664315,0.0011313377,1,39409,1974831371
0.94774914,0.05216794,4.3810993e-05,3.9083094e-05,1,39409,1988445430
4.101559e-05,0.20189078,0.79799855,6.967121e-05,2,3944,476756458
0.0001340455,0.17624804,0.82334083,0.0002770881,2,3944,550054818
0.024150811,0.42433456,0.5168616,0.034653015,2,3944,1257780952
0.012158585,0.47329342,0.51173276,0.002815286,2,3944,1434067495
0.00013025281,0.0032328842,0.8887589,0.10787803,2,3944,138901156
7.892011e-05,0.02361011,0.96278477,0.013526158,2,3944,347368264
1.3632909e-05,0.0006540293,0.91198426,0.08734818,2,3944,1824071858
3.7964575e-05,0.0009873512,0.8780717,0.1209029,2,3944,2054214525
9.874369e-06,0.05439577,0.9454292,0.00016510935,2,39460,139261930
0.00010193103,0.06603335,0.9332174,0.0006473538,2,39460,1426526257
0.00013745995,0.10441273,0.8943436,0.0011061826,2,39460,1751135866
0.00097434234,0.22423315,0.7647643,0.0100282775,2,39460,600956688
0.00015999077,0.14286944,0.8563085,0.0006620362,2,39460,680981446
0.00015739717,0.0751003,0.9220056,0.002736734,2,39460,902986704
2.0681704e-05,0.06839184,0.9308051,0.0007824496,2,39460,1292935706
2.4057454e-06,0.004076018,0.99350923,0.0024123346,2,3947,937503477
3.3712504e-06,0.0011757938,0.98567134,0.0131494235,2,3947,1163606661
8.40259e-05,0.015376701,0.9666767,0.017862562,2,3947,1401062738
9.221102e-06,0.0013677983,0.90647817,0.092144795,2,3947,1147393907
0.000105060244,0.029735746,0.96696,0.003199302,2,3947,1738339359
9.2997725e-06,0.007119369,0.9887061,0.0041652205,2,3947,1848521456
2.6954669e-05,0.20351787,0.79640526,4.9913815e-05,2,39581,893624338
0.0006714198,0.17320211,0.8248643,0.0012621204,2,39581,1907089952
0.00014695093,0.19783247,0.79984593,0.002174676,2,39581,1970697542
2.6446214e-06,0.0023682497,0.9960812,0.0015479969,2,39581,404405563
3.6012796e-06,0.035417493,0.9644628,0.00011619758,2,39581,638688426
0.026304089,0.36789277,0.59022796,0.015575165,2,39581,1848478206
7.413775e-06,0.015585617,0.9830959,0.001311117,2,39581,1932778778
0.1462435,0.7164144,0.1313921,0.0059499703,1,39598,140289957
0.02845366,0.7722936,0.19744584,0.0018068337,1,39598,453885740
0.0127534615,0.88570523,0.10145749,8.387071e-05,1,39598,943823811
0.0046017966,0.89025694,0.10506529,7.603305e-05,1,39598,48112509
0.03844064,0.8397772,0.1201045,0.0016777675,1,39598,2025119830
5.524635e-05,0.24252464,0.7573617,5.840238e-05,1,39611,122457445
0.0021245957,0.7206667,0.27495393,0.0022547396,1,39611,177448093
1.3727943e-06,0.17658927,0.8233967,1.2701084e-05,1,39611,20482902
0.00051791366,0.45695123,0.5421189,0.00041200148,1,39611,632410645
0.00019317844,0.51511085,0.48466113,3.4825764e-05,1,39614,814185204
0.00047739857,0.8917854,0.10772821,8.939e-06,1,39614,987374432
0.00027375904,0.20536155,0.7935711,0.0007935041,1,39614,4126081
0.0005908268,0.13114075,0.86627835,0.0019900843,1,39614,391917874
8.504557e-05,0.041251216,0.9510004,0.0076633813,1,39614,986599791
0.00028862277,0.13111962,0.8683475,0.00024425532,1,39614,1147084996
0.002941948,0.08494865,0.8712931,0.040816303,1,39614,2072300854
6.5651325e-06,0.14172837,0.85823697,2.8158582e-05,2,3964,81627223
0.0009654941,0.2588035,0.73806477,0.0021662423,2,3964,497627926
9.274199e-05,0.17274211,0.8269257,0.00023941946,2,3964,1317339546
5.6703675e-06,0.033499375,0.9663046,0.00019033626,2,3964,1148310583
0.00026585156,0.15875056,0.8406226,0.00036098462,2,3964,1384189753
1.8461326e-06,0.00212084,0.98820424,0.009673053,2,39658,636211048
0.00012883719,0.09047291,0.9067475,0.0026507333,2,39658,1063239681
6.9915995e-06,0.052547295,0.947227,0.00021873646,2,39658,259328086
2.8105753e-05,0.09103405,0.908848,8.9896566e-05,2,39658,1756679296
1.0259993e-05,2.2211458e-05,0.0875826,0.912385,3,39672,961487909
1.7600449e-05,0.0016894385,0.83240235,0.16589062,3,39672,1821886587
2.7433718e-05,5.341378e-05,0.050939064,0.9489801,3,39672,50582586
3.620359e-05,0.00011472793,0.10214812,0.89770097,3,39672,1232987564
0.45663208,0.53673995,0.006236397,0.0003916156,1,39676,282497216
0.42160216,0.56748056,0.010508679,0.00040856903,1,39676,442667728
0.18666205,0.7960102,0.016993316,0.00033441346,1,39676,1396874460
0.23455743,0.75470585,0.010648707,8.8010325e-05,1,39676,714661170
0.4792432,0.51787996,0.002750349,0.00012652142,1,39676,799000312
1.3806905e-05,0.074618205,0.9253387,2.9331504e-05,2,39694,19860966
2.1480095e-05,0.00072693295,0.88636464,0.11288704,2,39694,2062611563
1.428026e-06,0.020478614,0.9795064,1.3605447e-05,2,39694,1363474087
4.3351602e-07,0.0026387477,0.9973138,4.6974546e-05,2,39694,1811260408
0.80501753,0.1946635,0.00029175842,2.7217951e-05,0,39752,770008145
0.44684505,0.55013114,0.0028975087,0.00012623577,0,39752,2098273041
0.90544164,0.09376966,0.0005295031,0.00025916222,0,39752,1968918228
0.6006255,0.39800385,0.0011567586,0.00021386582,0,39752,2057027000
7.742005e-05,0.36618018,0.6336752,6.714412e-05,2,39893,34561261
7.9222755e-06,0.09193007,0.9080117,5.0332495e-05,2,39893,1557527689
1.0854626e-05,0.23183557,0.7681453,8.138731e-06,2,39893,1732539619
2.626851e-05,0.36342692,0.6365319,1.4995092e-05,2,39893,1753781915
0.00012048053,0.00029530612,0.31647205,0.6831122,3,39896,527923549
3.539445e-05,0.0002489901,0.2876024,0.7121132,3,39896,2085217482
8.520593e-06,9.466639e-05,0.24956706,0.75032985,3,39896,131949194
0.0004171176,0.0012403935,0.2514945,0.746848,3,39896,1483157285
0.011446322,0.88093644,0.107264645,0.0003525157,1,39915,1360846922
0.32579342,0.6556735,0.016604465,0.0019285893,1,39915,1425749099
0.0014671325,0.84928775,0.14921403,3.108063e-05,1,39915,1645166131
0.18019398,0.79535633,0.023903646,0.0005460409,1,39915,203129097
0.0045915777,0.9160331,0.079348475,2.685456e-05,1,39915,619396800
0.23894136,0.74691325,0.013892753,0.00025258673,1,39915,1683747367
0.0018714883,0.97502553,0.023101822,1.2120172e-06,1,39957,1460358110
0.0023583125,0.77897644,0.21825168,0.00041356427,1,39957,2087907277
0.00053884555,0.6660753,0.33335143,3.4427307e-05,1,39957,375784077
0.0015621346,0.5588479,0.4391948,0.00039518843,1,39957,1978326988
0.0007980996,0.6210253,0.37815225,2.4261717e-05,2,39959,283700127
0.0016826845,0.6174429,0.38072962,0.00014481714,2,39959,1429710392
7.14583e-05,0.53302103,0.4668925,1.5051044e-05,2,39959,421277088
0.00017073796,0.5843907,0.41541067,2.7936445e-05,2,39959,1912194684
0.013177287,0.33013588,0.64756095,0.009125896,1,40059,1154558626
0.00085015444,0.441241,0.55688363,0.0010252371,1,40059,1313647211
0.024260351,0.6419423,0.3326655,0.0011318296,1,40059,734225760
0.0030049395,0.7801638,0.21681131,1.9917477e-05,1,40059,1566221228
0.0018026851,0.02117178,0.24154378,0.7354818,3,40085,679676676
0.00049185654,0.010280418,0.4408137,0.548414,3,40085,1577555190
0.0011981098,0.04286376,0.58275807,0.37318006,3,40085,751883309
0.00082033064,0.0037141184,0.06101379,0.93445176,3,40085,1787013215
0.00013563284,0.16186096,0.8362468,0.0017565993,2,40122,1274717189
0.00013047017,0.23947375,0.7602011,0.00019468107,2,40122,2050502379
1.6462784e-05,0.38983887,0.61003786,0.000106844855,2,40122,649884598
0.00017009272,0.29956278,0.69981897,0.00044819448,2,40122,666103383
5.3016178e-05,0.11875028,0.88109595,0.00010072703,2,40122,1942597355
0.0087114135,0.835254,0.15572308,0.00031149978,1,40143,887509577
0.012679725,0.78479576,0.20175883,0.000765654,1,40143,1570177376
0.19297305,0.7558593,0.047873374,0.0032943229,1,40143,1719634449
0.021413706,0.7519973,0.22509158,0.0014974247,1,40143,461408073
0.015940813,0.7841773,0.19614203,0.003739802,1,40143,1031771138
0.06627001,0.8798327,0.0537012,0.00019616139,1,40143,1071094910
0.017885778,0.9085025,0.07341308,0.00019866353,1,40143,2103606693
6.3366744e-05,0.21331678,0.7849309,0.0016889549,2,40177,565997535
7.650346e-05,0.30983987,0.6894258,0.00065777753,2,40177,930911146
0.00013607189,0.4681359,0.5316206,0.000107409775,2,40177,1052698241
0.000104354156,0.28080517,0.7169716,0.0021189323,2,40177,289965259
0.00017236006,0.19852634,0.79792297,0.0033783573,2,40177,313571718
0.00050916395,0.48534876,0.5103803,0.00376171,2,40177,1277514218
0.00023200986,0.20017827,0.7985355,0.0010542106,2,40177,1648334029
0.0013625781,0.78603905,0.21252488,7.342595e-05,1,40219,91617310
0.0014557564,0.41796672,0.5804533,0.00012427378,1,40219,1930559153
2.0226355e-05,0.44454765,0.55542207,1.0102492e-05,1,40219,22303839
0.016939975,0.7127282,0.26971006,0.00062172516,1,40219,208723115
0.00010400267,0.07735356,0.92131954,0.0012229367,1,40221,356529012
6.921353e-05,0.13871853,0.8599006,0.0013116619,1,40221,883503830
0.00031087646,0.13440695,0.8641682,0.0011138903,1,40221,1014021891
2.6473686e-05,0.022715623,0.9762556,0.0010023385,1,40221,2028052426
7.2445555e-06,0.0003859839,0.79287636,0.20673043,2,40391,599834933
0.0001402972,0.0017398908,0.7736385,0.22448134,2,40391,1600712570
0.00018194804,0.016066603,0.9490368,0.0347147,2,40391,1921510490
4.4938817e-05,0.045685045,0.9507988,0.003471303,2,40391,992588266
2.6489372e-05,0.08659734,0.9119372,0.0014389777,2,40391,1678668993
4.576688e-06,0.015985353,0.98303163,0.0009785059,2,40391,1973524151
2.3476618e-06,0.09766478,0.90232664,6.23386e-06,2,40410,816345396
8.5366855e-06,0.040485892,0.95916,0.0003455087,2,40410,1153739022
4.0142286e-06,0.08435542,0.91562396,1.6537713e-05,2,40410,1196089039
7.8053927e-07,0.05952777,0.94046843,2.941873e-06,2,40410,1301430781
0.45108554,0.5368177,0.010162785,0.0019339245,1,4052,1434888814
0.059211433,0.891375,0.0480022,0.0014113327,1,4052,1573189265
0.00715094,0.9037908,0.088918455,0.0001398416,1,4052,637590908
0.09471395,0.8780945,0.023577064,0.003614476,1,4052,1426890997
0.010829299,0.9715929,0.017568788,9.003671e-06,1,40563,330393164
0.19244264,0.7770368,0.029695889,0.0008247092,1,40563,763825676
0.11564066,0.86839134,0.015884195,8.381876e-05,1,40563,1160518520
0.57761073,0.42157876,0.0007514946,5.9006106e-05,1,40563,1778355307
0.87463987,0.12500426,0.00027290676,8.30362e-05,1,40680,500523667
0.92325926,0.076654315,4.3873904e-05,4.256908e-05,1,40680,814176292
0.88348585,0.11604968,0.00035136283,0.000113179754,1,40680,463387047
0.6779515,0.32177022,0.00026111797,1.716055e-05,1,40680,1121634218
0.0001493322,0.0008661989,0.11314308,0.88584137,3,40744,838726676
2.977079e-05,9.4458104e-05,0.012465541,0.98741025,3,40744,1255210135
3.821797e-05,0.00017659696,0.018383916,0.98140126,3,40744,1541842360
2.0574515e-05,0.00010035937,0.06579069,0.9340884,3,40744,200971112
0.0005422711,0.002077824,0.10081944,0.8965605,3,40744,1288456054
0.0004615667,0.0017530285,0.026926376,0.970859,3,40744,1896910195
0.00066997367,0.029566929,0.9391074,0.030655649,2,40747,142114804
0.0022903744,0.06308263,0.8987238,0.035903245,2,40747,442184821
8.300363e-05,0.004487767,0.36979726,0.625632,2,40747,653105152
6.706155e-05,0.0006547419,0.10605092,0.8932273,2,40747,716571709
1.1329268e-05,0.0001544225,0.0578648,0.94196945,2,40747,1677788990
0.00059931434,0.0011463051,0.09452875,0.9037256,2,40747,759078105
0.0012434919,0.010250927,0.10846742,0.88003814,2,40747,1538981207
0.003875514,0.038545426,0.67067504,0.286904,2,40747,1630778108
4.4786175e-05,0.00019373486,0.16243403,0.8373275,2,40747,1877915885
0.03811198,0.9258434,0.035943095,0.00010158184,1,4083,888382598
0.003897629,0.92520726,0.07088653,8.5734255e-06,1,4083,1626302930
0.12284036,0.6940539,0.17247489,0.010630848,1,4083,61389923
0.06372752,0.58591646,0.3415361,0.008819864,1,4083,546424063
0.010096599,0.93573564,0.053619187,0.00054863066,1,4083,1022886281
3.9700175e-05,0.37576032,0.62407553,0.00012444265,1,40888,19152831
0.00026791965,0.6309243,0.36843893,0.00036886922,1,40888,1383399353
0.00092747016,0.6076344,0.39129072,0.00014739114,1,40888,1809415485
0.00039003964,0.29680008,0.7017411,0.0010687821,1,40888,178448540
0.0024737385,0.8594476,0.13802919,4.9529695e-05,1,40888,1240589691
3.3967193e-05,0.25836223,0.7415638,4.008754e-05,1,40888,1510056289
0.004624918,0.9120951,0.08282498,0.00045507867,1,40937,732565630
0.0112240985,0.90552294,0.08279556,0.00045739798,1,40937,1041194908
0.06965456,0.8971572,0.032619685,0.00056852546,1,40937,1528341926
0.096409895,0.78152865,0.1161897,0.005871798,1,40937,2043543736
0.028456697,0.90608466,0.060796227,0.004662358,1,40937,506285155
0.4727502,0.51048094,0.013698548,0.0030703547,1,40937,1229872653
0.29180747,0.69808954,0.009276281,0.0008267173,1,40937,1756180526
0.0037651917,0.5407464,0.4537936,0.0016948349,2,40941,244541214
0.0050481795,0.48672488,0.49427837,0.013948457,2,40941,762018265
0.0091455765,0.36379096,0.609954,0.01710942,2,40941,1805754009
8.5633095e-05,0.19927736,0.80059123,4.5789388e-05,2,40941,2144406675
0.6036208,0.3946652,0.0016558338,5.808968e-05,1,40989,296222488
0.15637621,0.80701435,0.03601549,0.0005939472,1,40989,486765183
0.14922431,0.8425279,0.007948819,0.00029897678,1,40989,1293030441
0.23079011,0.7660122,0.0030771429,0.0001205489,1,40989,221054256
0.4270277,0.5535823,0.016724424,0.002665544,1,40989,600843230
0.30193725,0.6933277,0.004598497,0.00013656863,1,40989,855451577
0.033187117,0.7934059,0.17209518,0.0013118247,1,41013,208096528
0.0070038885,0.9067933,0.08619685,5.975613e-06,1,41013,1305945389
0.014955861,0.78354347,0.20143712,6.347773e-05,1,41013,2000803852
6.0517585e-05,0.7219009,0.27803212,6.4161673e-06,1,41013,256191035
0.000104347906,0.20371725,0.79611766,6.073328e-05,1,41013,518976944
0.20645063,0.78478223,0.00874128,2.5947726e-05,1,41058,1999953907
0.7404988,0.25743032,0.0015525116,0.0005184373,1,41058,2111299841
0.0697823,0.81871986,0.10926615,0.0022317034,1,41058,1119502926
0.12390923,0.8596138,0.01643858,3.8447233e-05,1,41058,1957546501
2.347733e-05,0.00018575152,0.16527876,0.834512,2,41071,718257734
1.3398799e-06,1.7113698e-05,0.07967936,0.9203022,2,41071,1006270310
8.4203486e-07,4.4576896e-05,0.48086777,0.5190869,2,41071,1159393880
5.4588392e-05,0.00036736132,0.35835022,0.64122784,2,41071,1210412327
0.00040247623,0.2507019,0.7447381,0.0041575013,1,4114,851893052
0.00019356243,0.17002536,0.82959306,0.00018803451,1,4114,1023534484
4.8379443e-05,0.2920402,0.7078408,7.062649e-05,1,4114,1700121168
4.0834202e-05,0.15086745,0.8478459,0.0012457387,1,4114,31893358
6.01619e-05,0.13030086,0.8674741,0.0021649036,1,4114,164539058
1.944368e-05,0.030397417,0.9683441,0.0012390637,1,4114,1968809456
0.40438154,0.5924191,0.0028953913,0.00030405095,1,41165,990317296
0.47174925,0.52615035,0.0020223313,7.801073e-05,1,41165,1182893654
0.48061505,0.5124057,0.0056530884,0.0013262106,1,41165,259575128
0.51141846,0.4841034,0.003434742,0.0010434095,1,41165,411536618
0.80470926,0.19504108,0.00017273068,7.691268e-05,1,41165,1034175923
0.535908,0.46294942,0.0011050171,3.7629314e-05,1,41213,1128839922
0.6948096,0.29884452,0.004517777,0.0018281238,1,41213,2127683534
0.66036284,0.33862513,0.000939665,7.226527e-05,1,41213,804381620
0.24749489,0.7361382,0.016001482,0.0003654284,1,41213,1385090064
0.00059081946,0.36459547,0.6244888,0.010324938,2,41219,7840228
0.011512006,0.6141961,0.37334552,0.00094641396,2,41219,27338484
0.07990035,0.14084251,0.73687613,0.042380985,2,41219,138200393
0.033340067,0.26775607,0.69224536,0.006658458,2,41219,1141728505
0.002242721,0.13860056,0.85519344,0.003963267,2,41219,43014094
0.00011092928,0.13403393,0.8638087,0.0020464198,2,41219,824310278
2.0761534e-05,0.041387185,0.9457639,0.012828117,2,41219,1256952916
0.0044564344,0.36417398,0.63111025,0.00025931766,2,41219,1323238424
0.5549574,0.44256616,0.0023317533,0.00014466928,1,41220,166752805
0.277124,0.7190149,0.003739696,0.00012142039,1,41220,722512417
0.22203909,0.77394193,0.0039633512,5.5639674e-05,1,41220,980340154
0.2349702,0.69143844,0.070630185,0.00296111,1,41220,523204439
0.08511124,0.81823754,0.094707206,0.00194397,1,41220,961200800
1.1798325e-05,0.0005729576,0.8166927,0.18272255,2,41238,1152046649
3.5519763e-05,0.0012613421,0.6612428,0.33746028,2,41238,1501389969
2.492099e-05,0.0001176067,0.12924269,0.8706148,2,41238,899283143
2.0962749e-05,0.00033688536,0.7599062,0.23973599,2,41238,1969581106
3.769396e-05,0.04191965,0.9525626,0.0054800557,2,41250,1025914454
7.500999e-05,0.14722762,0.8513692,0.001328212,2,41250,1759374759
5.2393e-05,0.32147923,0.67831206,0.0001562684,2,41250,1854187121
9.195039e-05,0.058259547,0.9110485,0.030599983,2,41250,513700972
2.2861861e-05,0.17150833,0.826907,0.001561819,2,41250,515472001
1.2107249e-06,0.0009855378,0.99227387,0.006739455,2,41369,1721828196
0.00012779373,0.0035948467,0.81091326,0.1853641,2,41369,1744269506
6.1301347e-07,0.0011981111,0.9959638,0.0028374207,2,41369,2123080291
2.2981583e-05,0.0019669042,0.9523186,0.0456915,2,41369,158452816
2.382504e-06,0.0012151957,0.9950594,0.0037231087,2,41369,699694527
0.001504477,0.4846551,0.5098578,0.0039826124,1,41379,691739660
0.0026732802,0.7516271,0.24521638,0.00048323936,1,41379,1822161446
0.0005831306,0.6638164,0.33555856,4.1922063e-05,1,41379,416657098
0.0010130829,0.38532156,0.59943235,0.014233028,1,41379,1143204221
0.000107406915,0.27255997,0.7269804,0.00035223635,2,41447,342490177
2.9050261e-06,0.04504292,0.9549396,1.4526919e-05,2,41447,1481189562
2.0769242e-07,0.0025132047,0.9973707,0.00011582221,2,41447,1619599680
0.0003317901,0.11431192,0.88355315,0.0018031272,2,41447,1713677982
0.49613214,0.50052845,0.003129674,0.00020971698,0,41647,502713799
0.6708582,0.3267168,0.0012558616,0.0011691023,0,41647,979922578
0.74300134,0.24275872,0.0064691794,0.0077707195,0,41647,1821746684
0.59232295,0.3990803,0.006905159,0.0016916544,0,41647,1884352655
0.8684271,0.12866,0.0015709391,0.0013419563,0,41647,757024574
0.8267283,0.16770008,0.0029414496,0.0026301357,0,41647,1373434747
0.6982004,0.28894487,0.006326282,0.006528484,0,41647,1439536065
0.022593172,0.89622045,0.08089146,0.00029496392,1,41718,652595063
0.06209126,0.83589923,0.10142856,0.00058089365,1,41718,1130719434
0.056980602,0.896039,0.04680829,0.00017206924,1,41718,1749191550
0.00091936596,0.7916157,0.2074137,5.1199142e-05,1,41718,290820894
0.0062949318,0.90821815,0.08545333,3.3613942e-05,1,41718,429677741
0.09489477,0.7541222,0.14679402,0.004188954,1,41718,531459993
0.004685387,0.93981916,0.055438492,5.6860223e-05,1,41718,1327918481
5.965355e-05,0.011884764,0.9747072,0.013348421,2,41736,519879608
4.4245417e-06,0.00077189883,0.8051276,0.19409604,2,41736,1807914170
0.00012057011,0.035004042,0.95271003,0.012165271,2,41736,106416968
7.751067e-06,0.0125154555,0.9767467,0.010730031,2,41736,989221319
0.0010035199,0.76262444,0.23636226,9.782448e-06,2,41800,715190370
0.008986721,0.92525584,0.06573475,2.2705222e-05,2,41800,1461231774
2.4968427e-05,0.6933023,0.30667102,1.7566803e-06,2,41800,23366258
0.023396801,0.7928861,0.18094592,0.002771209,2,41800,431915640
0.49857518,0.49973133,0.001639417,5.413751e-05,0,41926,511959030
0.4383294,0.55419123,0.0073138075,0.00016558479,0,41926,1594794472
0.72375274,0.27566743,0.00049940194,8.04796e-05,0,41926,1675421758
0.67929345,0.3199511,0.00071528344,4.014514e-05,0,41926,180214510
0.53850716,0.45999014,0.0014715858,3.1136038e-05,0,41926,401756893
0.38803813,0.60430616,0.007431583,0.00022410828,0,41926,923675422
0.78319615,0.21611807,0.00061003136,7.5725875e-05,0,41926,1156234755
0.75257283,0.24191113,0.0047252215,0.0007908157,1,41970,625692718
0.55261004,0.4435047,0.0029043634,0.0009809015,1,41970,999912943
0.726104,0.2735871,0.0002218065,8.700974e-05,1,41970,1106598787
0.3596778,0.63547677,0.004484166,0.00036127126,1,41970,1222548870
0.22084062,0.76288015,0.015675377,0.0006038465,1,41970,753395191
0.3862582,0.5759184,0.036865044,0.0009583537,1,41970,758568443
0.9695184,0.029987842,0.00013340035,0.00036039294,1,41970,974582570
0.007690901,0.66197807,0.32886252,0.0014684739,2,42028,3754064
6.446154e-05,0.16732123,0.8324492,0.00016504907,2,42028,687625238
0.006024301,0.5031131,0.48879546,0.0020671657,2,42028,1647485175
0.00086414244,0.37811795,0.6205364,0.00048148303,2,42028,218556986
0.00016979933,0.34660155,0.65313005,9.851563e-05,2,42028,1766714212
0.0051049734,0.90438485,0.09041409,9.608735e-05,2,42028,1889694726
0.0007915561,0.74061733,0.2585735,1.765005e-05,2,42028,1977575852
7.96465e-05,0.0031530906,0.44935283,0.5474145,3,42087,857403091
1.3157328e-05,0.0001955129,0.075690754,0.9241006,3,42087,1308491231
0.00074178865,0.044591323,0.8458197,0.10884714,3,42087,1532980631
0.000113414055,0.0042016087,0.53485924,0.46082577,3,42087,858133015
0.00014931969,0.03543518,0.86449534,0.09992011,3,42087,951770334
3.973632e-05,0.42791092,0.5720454,3.9090596e-06,2,421,458810229
0.00070365495,0.33918485,0.6600743,3.7199745e-05,2,421,1277649924
0.0005553425,0.68167055,0.31773114,4.2990123e-05,2,421,812387356
0.000107600514,0.41184387,0.5880434,5.177331e-06,2,421,1432382599
0.1253796,0.8506095,0.023710739,0.00030017915,1,42137,450061709
0.01050877,0.9454855,0.043975025,3.078982e-05,1,42137,2071394953
0.019304223,0.8782169,0.10226928,0.00020960592,1,42137,212223798
0.09261822,0.85817504,0.048860047,0.00034672924,1,42137,553343443
0.08607254,0.8121808,0.101516485,0.00023014037,1,42137,989853555
9.052296e-05,0.0033392524,0.37697706,0.6195932,2,4219,421100819
0.00040996226,0.09252715,0.8982706,0.008792267,2,4219,954839975
0.00021248755,0.0034628904,0.71955734,0.27676725,2,4219,1974810172
0.00016941327,0.0028608046,0.6063016,0.39066818,2,4219,2010737982
0.0011015569,0.7179041,0.2809697,2.4652783e-05,1,42335,1618573712
0.008046867,0.7212742,0.2696476,0.001031254,1,42335,1640216613
0.0025146701,0.841024,0.1564316,2.9726867e-05,1,42335,1856541365
0.011877222,0.83269686,0.15425055,0.001175358,1,42335,2030380558
0.9774064,0.022492345,3.5683344e-05,6.561789e-05,0,42356,53654537
0.96657133,0.03322778,8.282548e-05,0.00011804375,0,42356,568578884
0.9678137,0.032065686,4.5927038e-05,7.4786265e-05,0,42356,114290652
0.9668317,0.033112388,2.9122495e-05,2.6729962e-05,0,42356,993915135
9.6766154e-05,0.2120767,0.78762525,0.00020128445,2,42461,921029538
0.00011040092,0.2221033,0.7776964,8.988286e-05,2,42461,1589679998
0.00060037844,0.650318,0.3490477,3.3877008e-05,2,42461,774316095
0.003940784,0.6122419,0.38211852,0.0016987858,2,42461,1042295337
7.4195224e-05,0.07113028,0.9280182,0.0007772364,2,42512,418489027
7.999284e-05,0.13701278,0.8628948,1.2416532e-05,2,42512,1291578092
0.0040011136,0.4431761,0.55266684,0.00015589672,2,42512,332940032
0.02717153,0.6988748,0.27302346,0.00093016814,2,42512,468828255
0.0040011136,0.4431761,0.55266684,0.00015589672,2,42512,1741336861
0.0003008996,0.39224228,0.6073904,6.637802e-05,2,42512,1772189450
0.0001796902,0.11526168,0.87864894,0.0059096394,2,42612,606304717
0.00013320109,0.047844924,0.92938733,0.022634605,2,42612,996470892
0.00022824085,0.11908266,0.86718917,0.013499915,2,42612,342967134
0.0019540035,0.1469991,0.83480734,0.016239552,2,42612,1840955817
0.6246159,0.3738147,0.0013972732,0.00017218127,1,42619,168548674
0.54450566,0.4533709,0.0019838996,0.00013955131,1,42619,1230246167
0.09512408,0.8871754,0.017440582,0.00025992905,1,42619,1672618676
0.30689466,0.6878371,0.0050541186,0.00021411016,1,42619,819102782
0.46319455,0.5350697,0.0016458712,8.978642e-05,1,42619,907606281
2.9723815e-05,0.24846587,0.75148886,1.5490643e-05,1,42662,1284107418
0.00019309683,0.25165537,0.7474703,0.00068123365,1,42662,1395711710
0.00096795615,0.7139124,0.2833328,0.0017868323,1,42662,1456691601
0.00031245794,0.121277876,0.877821,0.0005885879,1,42662,651432096
0.0018708761,0.57042646,0.41861346,0.009089146,1,42662,1118473680
0.8574659,0.13557251,0.0038529155,0.0031087003,1,42685,486808235
0.8818333,0.102711886,0.0058246003,0.009630183,1,42685,649489610
0.61513865,0.3005984,0.04529635,0.03896659,1,42685,1076811472
0.72467977,0.23043984,0.019742291,0.025138123,1,42685,665617802
0.92427486,0.06880482,0.0020194189,0.0049008257,1,42685,788896910
0.50698286,0.45209488,0.021221058,0.01970114,1,42685,1651178337
7.1918235e-05,0.0006076258,0.14750059,0.8518199,3,42875,1415096315
1.5449295e-05,0.00023062859,0.08488054,0.9148733,3,42875,2042619254
3.606574e-05,0.0009838373,0.56431407,0.43466604,3,42875,42612127
0.00015254167,0.00038168984,0.15853311,0.84093267,3,42875,1894601199
0.00024293535,0.5328686,0.46676654,0.000121806515,1,42982,764749031
0.0022133547,0.47738266,0.51854116,0.0018628851,1,42982,1227095536
0.001298128,0.24559762,0.74789435,0.005209972,1,42982,1963622257
0.002915037,0.87424225,0.122701816,0.00014087443,1,42982,1348477164
0.03308619,0.86258763,0.103987165,0.00033899932,1,42982,2126182240
0.02371602,0.9707187,0.005561857,3.485758e-06,1,43004,1829769663
0.23994368,0.7300385,0.029785259,0.0002325243,1,43004,2054900584
0.20112444,0.781893,0.016926713,5.580257e-05,1,43004,2086414198
0.34264943,0.6494213,0.0077526257,0.00017675266,1,43004,347269816
0.84286255,0.1570074,0.00010595139,2.4158917e-05,1,43004,1885910224
0.0011101392,0.31820944,0.67919236,0.0014880251,1,43011,121742632
0.026656982,0.5846474,0.38544148,0.0032540995,1,43011,1570256693
0.063486144,0.6070372,0.31819144,0.011285211,1,43011,843011650
0.0033072405,0.37619954,0.61961883,0.0008743398,1,43011,1880068861
0.00045909852,0.49150068,0.5079221,0.00011812706,2,43100,86516424
0.00022197128,0.48337045,0.5163708,3.682428e-05,2,43100,916683027
0.0011632328,0.22580531,0.7668147,0.0062167547,2,43100,2128031365
1.1874781e-05,0.077562906,0.9223169,0.00010834403,2,43100,932043684
1.3942631e-06,0.10582798,0.89416593,4.6389487e-06,2,43100,1187020827
8.4648565e-07,0.043485247,0.95646834,4.5595636e-05,2,43100,1904179629
4.1885152e-05,0.00010711143,0.018604496,0.9812464,3,43170,427473806
2.7671571e-05,8.4226405e-05,0.011526387,0.98836166,3,43170,1269637923
0.00040146674,0.0007717915,0.028259136,0.9705676,3,43170,1341953327
0.00024042232,0.0013654968,0.052021895,0.9463722,3,43170,1521634939
0.0002465187,0.0005937207,0.0665199,0.9326399,3,43170,112998197
0.0003007474,0.0007971324,0.081501074,0.9174011,3,43170,965102461
0.00013281166,0.00077400985,0.04657656,0.9525166,3,43170,1063254920
9.255024e-05,0.00026700558,0.03995087,0.95968956,3,43170,1319944831
0.0046620583,0.95384336,0.04146022,3.4341432e-05,1,43227,41289720
0.0016517917,0.9174303,0.080817826,0.00010012415,1,43227,1076825803
0.07091059,0.9118978,0.016933788,0.0002578075,1,43227,220022898
0.02083689,0.9115708,0.06693423,0.0006580808,1,43227,1330737224
0.22413872,0.7439212,0.026570268,0.005369763,1,43291,1091561267
0.010541223,0.87837666,0.11054781,0.0005342113,1,43291,1674963805
0.028864138,0.951679,0.019375574,8.1191065e-05,1,43291,108485772
0.10551467,0.8856497,0.008785429,5.0305523e-05,1,43291,1335782012
0.99388546,0.0060058744,1.5134886e-05,9.3543444e-05,0,43322,2003892359
0.98381793,0.015964234,5.577767e-05,0.00016205416,0,43322,2017601255
0.99499375,0.004945021,1.0766118e-05,5.046236e-05,0,43322,648131565
0.98228884,0.017336756,0.000102044294,0.00027242972,0,43322,1913363312
0.08869821,0.85321736,0.05679317,0.0012911796,1,43390,357557232
0.10694052,0.1374742,0.65642995,0.099155344,1,43390,529664310
0.02526058,0.16547704,0.74405944,0.06520292,1,43390,1666898917
0.013486398,0.2492449,0.7089889,0.028279856,1,43390,1882643034
0.31392655,0.44614208,0.2365903,0.0033410387,1,43390,114267922
0.0046804277,0.2060589,0.771405,0.017855711,1,43390,1183628710
0.027791927,0.044121455,0.4731374,0.4549492,1,43390,1907417062
0.26524034,0.705356,0.028370848,0.0010328147,1,43390,1996491997
2.0783385e-05,0.0026765612,0.96693826,0.030364465,2,43396,278077291
0.00029731327,0.035158653,0.91605544,0.048488587,2,43396,1203734338
0.004267736,0.107829414,0.6776541,0.21024877,2,43396,1350017148
5.2388586e-05,0.00030890512,0.068567514,0.9310712,2,43396,1555664502
4.654151e-05,0.060643792,0.93684757,0.0024620565,1,43460,199122616
2.3080112e-05,0.19081885,0.8090189,0.00013918677,1,43460,829345962
0.0006780192,0.1534859,0.8430428,0.002793244,1,43460,1704170373
2.2010201e-05,0.09169467,0.9072359,0.0010473487,1,43460,451715956
0.00019447005,0.31578004,0.6837631,0.00026233445,1,43460,1871313860
0.0024520708,0.32705522,0.6399249,0.030567812,1,43460,1910161559
0.000123643,0.024043309,0.93689674,0.03893628,2,4356,684245725
4.043605e-06,0.0049115475,0.9832477,0.011836829,2,4356,784715438
2.9444232e-05,0.0003213803,0.07538717,0.924262,2,4356,1272576420
0.00041261176,0.0018078585,0.13834865,0.85943085,2,4356,433565792
0.0001135474,0.0063057896,0.7099709,0.28360972,2,4356,641379266
0.73612344,0.25064287,0.0098879365,0.0033457265,1,43684,223437932
0.8193847,0.17804238,0.001936576,0.0006363437,1,43684,1540153633
0.86095804,0.13843812,0.00039074672,0.000213081,1,43684,192299323
0.9275024,0.07237923,6.14028e-05,5.7052894e-05,1,43684,1680839004
0.41835076,0.5771269,0.004382202,0.00014014497,0,43762,321321852
0.83363414,0.16553825,0.000583723,0.00024380452,0,43762,800715529
0.823423,0.17583339,0.0005775132,0.00016609316,0,43762,879510414
0.6933384,0.3053028,0.0011440754,0.00021480185,0,43762,855042439
0.5379126,0.45504785,0.00611821,0.0009213089,0,43762,1054341462
0.0030882221,0.78188527,0.21490733,0.000119205295,1,43869,629974064
0.0039231144,0.87294465,0.12310008,3.2104894e-05,1,43869,1186695803
0.004450187,0.78570664,0.20978193,6.1263e-05,1,43869,1135294869
0.001653411,0.6542727,0.34382412,0.0002497576,1,43869,1501062061
0.0003598291,0.13719721,0.85984707,0.0025959224,2,43950,465474300
1.9312213e-06,0.09096772,0.90902686,3.4382e-06,2,43950,1933059563
4.682991e-06,0.06946356,0.9305148,1.6919932e-05,2,43950,1086650506
9.1379785e-05,0.16229498,0.83655524,0.0010583933,2,43950,1496679510
9.0752204e-05,0.16600138,0.83368075,0.00022720649,2,43950,1881855834
2.4158153e-05,0.38877144,0.61115855,4.5790068e-05,2,44008,378151975
0.00017851085,0.79701793,0.20264548,0.00015808157,2,44008,1367500661
9.702654e-05,0.56838375,0.43133953,0.00017972317,2,44008,522177529
0.0018768709,0.8055361,0.19248241,0.00010469013,2,44008,771969505
0.0007000947,0.3434011,0.65518063,0.0007181447,1,44070,748682794
0.005568049,0.89257896,0.10178092,7.202664e-05,1,44070,2134953740
0.00017198782,0.49392727,0.5058787,2.2050264e-05,1,44070,1272266200
0.008095763,0.80969596,0.18199515,0.00021307738,1,44070,1686849300
0.0025724159,0.93958,0.05782865,1.8931649e-05,1,44086,417994290
0.0017851439,0.70262784,0.29542002,0.00016701124,1,44086,419309775
0.000496811,0.8752902,0.12420354,9.422512e-06,1,44086,1037964749
0.25806096,0.7250063,0.016755696,0.00017710563,1,44086,1073859715
0.000493396,0.7216063,0.27784383,5.6412733e-05,1,44086,2089607998
6.7167435e-05,0.05876775,0.9355223,0.0056427205,2,44121,643750923
2.1700229e-05,0.057917565,0.9354563,0.00660442,2,44121,2115307913
6.0313564e-06,0.1995147,0.8004531,2.6163985e-05,2,44121,546226529
0.0001212381,0.26719174,0.7319146,0.0007723613,2,44121,958689703
0.00063065195,0.23505107,0.76365024,0.000668001,2,44121,1102648224
0.00025834786,0.00034048784,0.14832187,0.85107934,2,44169,949129575
0.0003829495,0.0011344851,0.1823039,0.8161787,2,44169,1578297799
0.00011643669,0.00019656308,0.15188316,0.8478038,2,44169,565530742
6.879539e-06,1.7686518e-05,0.09405373,0.90592164,2,44169,742547181
4.78051e-06,0.00011135364,0.6021217,0.3977621,2,44169,893144299
0.51668936,0.48177314,0.0014475986,8.9919486e-05,1,44182,331946001
0.7475519,0.24897386,0.0029019075,0.00057231495,1,44182,1080267491
0.41562894,0.5720955,0.012062423,0.00021309996,1,44182,1579739657
0.74915475,0.2465025,0.0034073228,0.00093542767,1,44182,2081384740
0.15341271,0.80574703,0.03903722,0.0018031317,1,44182,2127867384
0.85117406,0.14816388,0.0005193735,0.00014264994,1,44182,330863188
0.7633609,0.23645231,0.00015214781,3.468113e-05,1,44182,552348213
0.5583616,0.4391652,0.0020967415,0.00037645022,1,44182,1840530134
0.01972514,0.73454916,0.24339357,0.002332139,1,44198,1205059777
0.0046772445,0.89516956,0.100081995,7.121201e-05,1,44198,1363621249
0.00023553502,0.62560177,0.3739298,0.00023290378,1,44198,457756396
0.001106849,0.6350038,0.36368594,0.0002034323,1,44198,1717900474
0.07501838,0.9129182,0.011853498,0.00020989818,1,442,814892814
0.40413582,0.5731017,0.021449102,0.001313328,1,442,1154946809
0.012016257,0.9502207,0.037611306,0.00015180746,1,442,778322281
0.15309756,0.8145984,0.03199412,0.0003099411,1,442,1337197314
0.00013351023,0.083643965,0.91360074,0.0026217557,2,44250,72071498
6.9479196e-05,0.027525939,0.96169853,0.010706027,2,44250,199219030
2.3442626e-06,0.09536438,0.9046243,9.00365e-06,2,44250,648879738
5.6471936e-06,0.009389232,0.990445,0.0001600177,2,44250,1056936378
8.714138e-06,0.04188297,0.95719105,0.00091725687,2,44250,810179949
0.0037329867,0.13277014,0.7123355,0.15116134,2,44250,1272908482
2.1327025e-05,0.009592419,0.97868836,0.011697843,2,44250,1403117425
0.007969873,0.35250285,0.63873893,0.0007883217,2,44250,1409350560
0.96321905,0.03570689,0.00048886985,0.00058517116,0,44351,46550501
0.9843055,0.015501168,6.6732406e-05,0.00012655111,0,44351,358586616
0.9785517,0.020008733,0.00034785262,0.0010916735,0,44351,539448152
0.9915969,0.0083607165,1.08882905e-05,3.156315e-05,0,44351,575216402
0.88123375,0.11596449,0.002185258,0.0006164766,0,44351,587258764
0.92795753,0.065824874,0.0020029426,0.0042146486,0,44351,1974129105
0.96714,0.032664284,7.423399e-05,0.00012141346,0,44351,58555269
0.9242908,0.057725135,0.003623479,0.014360517,0,44351,381072284
0.7235356,0.15878426,0.024487514,0.09319269,0,44351,834579126
0.5758267,0.4173345,0.0066144173,0.00022442824,0,44351,1135818329
0.97051865,0.028730834,0.00022881401,0.0005217011,0,44351,1508460269
0.9485406,0.05006886,0.0006473693,0.0007431252,0,44351,2010877088
0.92574626,0.07283888,0.00064016687,0.0007746367,0,4441,185312870
0.5331119,0.45631427,0.008358337,0.0022155163,0,4441,842648797
0.8698073,0.13002665,0.0001520599,1.3983715e-05,0,4441,2044220738
0.85511863,0.1446608,0.00018691334,3.35506e-05,0,4441,44615053
0.7499279,0.24869983,0.0010574422,0.00031484678,0,4441,342062970
0.6948884,0.3024319,0.0019024629,0.000777236,0,4441,938266289
8.007936e-05,0.000621147,0.07003222,0.9292665,3,44445,98101342
0.00060524436,0.0016207322,0.08866718,0.90910685,3,44445,1055516735
0.00012240752,0.00035994526,0.03593477,0.9635828,3,44445,1613217583
6.5996486e-05,0.0002373902,0.033222523,0.9664741,3,44445,1004869295
1.2619432e-05,1.8650488e-05,0.021040294,0.97892845,3,44445,1447775435
0.00018251351,0.24621941,0.7534387,0.00015935578,2,44509,574566410
2.9933393e-05,0.1592373,0.8406565,7.6190874e-05,2,44509,952008705
0.00095422176,0.25154284,0.74400216,0.0035008157,2,44509,2055973298
1.1604979e-05,0.12264128,0.8773029,4.420321e-05,2,44509,277290392
0.0002554624,0.20859064,0.79055434,0.0005994776,2,44509,1986484694
0.43801096,0.53227955,0.02417423,0.005535233,0,44620,211794072
0.123424925,0.8326494,0.043144427,0.00078122615,0,44620,679041631
0.36699718,0.62073016,0.011805952,0.00046666886,0,44620,1249816493
0.39452264,0.58723354,0.017594498,0.0006493456,0,44620,1690091470
0.536559,0.4608934,0.002486399,6.121288e-05,0,44620,287771242
0.6840351,0.31291565,0.0025539838,0.0004951879,0,44620,368476385
0.5618436,0.41882083,0.016380742,0.0029548546,0,44620,1417488620
0.0057116873,0.83615494,0.15792781,0.00020555533,1,44626,335168542
0.015933549,0.7974262,0.18536386,0.0012763625,1,44626,2020585648
0.042151295,0.508276,0.42550454,0.024068162,1,44626,454009062
0.00019591121,0.14356485,0.8560076,0.00023163813,1,44626,1988104905
0.0028598162,0.48590976,0.50998586,0.001244501,1,44628,477109328
0.18420616,0.6079731,0.1979423,0.009878405,1,44628,1261971780
0.0059348596,0.43022123,0.56170994,0.0021339245,1,44628,1663596331
0.004219781,0.2626187,0.729994,0.003167484,1,44628,688991850
0.05532003,0.46640503,0.4445413,0.033733595,1,44628,1171765221
0.0050370777,0.22789557,0.75050026,0.016567059,1,44628,1558326698
2.4483231e-06,0.013268736,0.9866607,6.811351e-05,2,44630,683867566
2.3569666e-05,0.11841488,0.8814194,0.00014219602,2,44630,1414874429
7.204182e-05,0.30265796,0.6971761,9.395603e-05,2,44630,96899273
1.8424148e-06,0.08580873,0.914176,1.3397176e-05,2,44630,512604599
3.0132087e-06,0.035288274,0.9646652,4.3510478e-05,2,44630,721038084
0.16058066,0.8340915,0.0052859955,4.1822725e-05,1,44633,191076630
0.42146814,0.5774554,0.001051855,2.4564257e-05,1,44633,859341355
0.5393705,0.45756748,0.0027482011,0.00031380964,1,44633,861985717
0.037884675,0.9279618,0.034100346,5.3100855e-05,1,44633,761549134
0.2193712,0.76847917,0.012018782,0.00013078778,1,44633,1690145883
0.2102044,0.76157016,0.028112873,0.00011254192,1,44633,1977510548
0.5614046,0.43625706,0.0020761848,0.00026215555,1,44672,401923268
0.15687971,0.81892955,0.022098966,0.002091765,1,44672,1175661097
0.081099,0.87245476,0.04475979,0.0016864374,1,44672,292914901
0.40622297,0.58876127,0.004729923,0.0002858126,1,44672,1825303177
0.15214624,0.78638184,0.059229195,0.0022427447,1,44713,896681548
0.5067079,0.45204964,0.03765404,0.0035883847,1,44713,1374634535
0.11152085,0.8564086,0.03176329,0.00030728674,1,44713,1479865152
0.13912134,0.8060063,0.054332186,0.0005401955,1,44713,79614836
0.01402259,0.8507119,0.13434586,0.00091968966,1,44713,546163593
0.06810568,0.916529,0.015329011,3.6285823e-05,1,44713,1389588126
0.00017547658,0.018928615,0.94222283,0.038673133,2,44718,308613206
0.00020562486,0.31987312,0.67976815,0.00015314223,2,44718,992435488
2.0966168e-05,0.01990684,0.9755398,0.004532508,2,44718,1916211574
0.0010735919,0.13317652,0.8249284,0.040821526,2,44718,676532310
0.0005266287,0.016258422,0.7850058,0.19820909,2,44718,933967594
0.00092951505,0.09318112,0.8417366,0.064152844,2,44718,1119059011
0.00088923314,0.889634,0.1094283,4.846381e-05,1,44914,632907550
0.0008671756,0.6985514,0.30050415,7.730489e-05,1,44914,1573226709
0.0039157816,0.48212844,0.5136616,0.00029410812,1,44914,1451373199
0.030048404,0.8724025,0.09660437,0.0009447518,1,44914,1800010426
1.8877647e-05,0.26796776,0.73199874,1.46919465e-05,1,44914,2004995569
0.016725143,0.34015557,0.6110901,0.032029156,2,4495,344316613
0.005628985,0.4106358,0.5795563,0.004178966,2,4495,548873936
0.00052473065,0.2913451,0.7068887,0.0012414685,2,4495,687028243
0.0028638912,0.39267272,0.60403967,0.00042378705,2,4495,734382581
0.229919,0.62716275,0.14244121,0.00047702357,2,4495,1158650504
4.9825736e-05,0.3387142,0.66122925,6.7822757e-06,2,4495,584116194
0.0335239,0.28254575,0.68234223,0.0015881233,2,4495,629061606
0.00017069318,0.4390185,0.5605348,0.00027607422,2,4495,987439651
0.050479777,0.42464587,0.5243023,0.00057207484,2,4495,1455094597
4.2784373e-05,0.0291552,0.9618098,0.008992213,2,44996,744721083
2.0713005e-05,0.07417917,0.9254349,0.0003652651,2,44996,1080733527
0.0005416838,0.36999714,0.62923646,0.00022471244,2,44996,1280962104
0.0005605136,0.3070558,0.69199014,0.0003935286,2,44996,1253768893
4.100782e-05,0.047953155,0.9507964,0.0012094063,2,44996,2019603006
0.0032948016,0.41487595,0.579578,0.002251265,2,4510,301724007
1.8564763e-06,0.016675416,0.98258704,0.00073564687,2,4510,1992446938
5.0572553e-06,0.12324946,0.8767266,1.8938908e-05,2,4510,392596534
0.00025726255,0.40511295,0.5942045,0.00042532734,2,4510,708837098
0.9857159,0.014254444,1.280156e-05,1.685708e-05,0,45127,328619960
0.8990452,0.100798,6.684718e-05,8.990142e-05,0,45127,406505807
0.9080866,0.09168452,0.000121911435,0.000107025066,0,45127,1292165216
0.97497624,0.02499108,1.7771357e-05,1.4871056e-05,0,45127,1622722991
0.93352985,0.06632154,8.559871e-05,6.29798e-05,0,45127,1755510930
0.92712045,0.07283064,3.5883226e-05,1.29726905e-05,0,45127,124284476
0.9819427,0.018014897,2.3565139e-05,1.8880106e-05,0,45127,229819130
0.9729277,0.027009299,2.4130846e-05,3.8832146e-05,0,45127,649562584
0.86696756,0.13286617,0.000121623554,4.4639575e-05,0,45127,875837307
0.9658691,0.033898655,5.971449e-05,0.00017241777,0,45127,1271239514
0.00094696396,0.7121717,0.28683826,4.3111228e-05,2,4513,329783878
0.00073688145,0.7114982,0.28771812,4.6851852e-05,2,4513,1793481026
4.28722e-05,0.22110757,0.77881956,2.9996341e-05,2,4513,1470082991
0.0007041891,0.59672326,0.40249717,7.5320735e-05,2,4513,1543202055
0.9440156,0.055708393,0.0001057445,0.00017011965,0,45274,248194422
0.98978686,0.008063796,0.00011493471,0.0020343978,0,45274,767052364
0.9786886,0.02106282,5.2334188e-05,0.00019621101,0,45274,2041967808
0.98726827,0.012694371,1.2271438e-05,2.516162e-05,0,45274,1068240302
0.9863175,0.013630816,1.1872726e-05,3.9795e-05,0,45274,1228541655
0.9916933,0.008076835,4.0315022e-05,0.00018947899,0,45274,1332935387
0.0007383604,0.63251615,0.36660048,0.00014500367,2,45645,1598929186
5.9082163e-06,0.5023555,0.49763423,4.2960114e-06,2,45645,1625771617
2.1069854e-06,0.44689128,0.55309105,1.5512729e-05,2,45645,288208945
0.00046248123,0.26668468,0.73202944,0.0008233164,2,45645,777521763
0.035384286,0.9281349,0.036159806,0.00032100515,1,4571,1040518018
0.14733356,0.8314456,0.020063324,0.0011575652,1,4571,1902064050
0.17589551,0.782717,0.03824973,0.0031378248,1,4571,1464890918
0.03396157,0.84550786,0.11870156,0.0018289513,1,4571,1468358873
0.011256998,0.91807353,0.07050242,0.00016702585,1,45827,181226232
0.0044985907,0.699303,0.2955998,0.000598658,1,45827,862632154
0.0008583398,0.70038223,0.2987353,2.4225295e-05,1,45827,884972201
0.3011356,0.691983,0.0067003695,0.00018107446,1,45827,339192897
0.1471623,0.75695974,0.09127066,0.004607334,1,45827,1077505318
0.08275959,0.8939281,0.023186795,0.00012550721,1,45827,1385369408
9.037584e-05,0.00023693187,0.04271623,0.9569565,3,45854,957960408
1.5980822e-05,1.527378e-05,0.0072381888,0.99273056,3,45854,1564332573
0.0004898095,0.0032126799,0.3596503,0.63664716,3,45854,1042435098
1.4811327e-05,7.275166e-05,0.11342846,0.886484,3,45854,1633342503
3.2853965e-05,0.01706363,0.978736,0.0041675167,2,45872,748328085
6.205637e-06,0.027036285,0.97283065,0.00012676201,2,45872,970739523
5.564292e-05,0.028316146,0.96326095,0.00836718,2,45872,1649608192
0.00026852885,0.022993138,0.951938,0.024800327,2,45872,740592640
0.00018838859,0.11004266,0.8893163,0.0004525655,2,45872,1549418879
7.024813e-05,0.00952834,0.9278875,0.062513925,2,45872,1981485950
0.00028480092,0.048973583,0.9463296,0.004411929,2,4590,220530271
3.9033316e-06,0.027095582,0.9728439,5.6593715e-05,2,4590,1887218883
0.0004625936,0.06127307,0.9329916,0.005272672,2,4590,23302241
1.6341394e-06,0.0023729866,0.997375,0.00025035726,2,4590,969496136
0.0005733385,0.05346652,0.9278327,0.018127354,2,4590,1742849228
4.0297537e-06,0.018998304,0.9808837,0.00011395434,2,45961,857445485
7.479925e-05,0.095115654,0.90140593,0.0034035884,2,45961,1745274991
3.5153276e-05,0.04540296,0.9512754,0.0032864835,2,45961,592895081
4.1556832e-05,0.08486665,0.91450024,0.0005915546,2,45961,992213579
0.016305448,0.9509824,0.0326735,3.8662813e-05,1,46034,276758163
0.0030766318,0.9659146,0.03100298,5.782259e-06,1,46034,498589643
0.025663558,0.7911255,0.18199737,0.0012135645,1,46034,2108755790
0.0024031284,0.7871763,0.21022247,0.00019804844,1,46034,85156076
0.011971762,0.52540576,0.46152955,0.0010929586,1,46034,911642383
0.00023083262,0.7398569,0.25988808,2.4186862e-05,1,46034,1526043893
0.012057043,0.9158058,0.07206393,7.321772e-05,1,46037,1429642320
0.017521983,0.9002134,0.08214712,0.00011747626,1,46037,1957381832
0.02011971,0.92845,0.051343363,8.6917964e-05,1,46037,2086209123
0.056243632,0.8387457,0.10386724,0.0011434719,1,46037,324334825
0.053801358,0.9340722,0.012102649,2.3866009e-05,1,46037,1906856933
3.9703937e-06,0.022635095,0.97718084,0.00018009135,2,4610,1297033170
3.205869e-05,0.010258644,0.98526853,0.0044407686,2,4610,1820501035
2.3498783e-06,0.00081882084,0.95013154,0.0490472,2,4610,1300782469
2.3494354e-06,0.0017665473,0.9950186,0.0032124755,2,4610,1617434807
0.0019884724,0.3706541,0.6244723,0.0028850792,2,4612,196101009
0.0036826523,0.31443408,0.6727778,0.009105444,2,4612,1976743297
6.341165e-05,0.10777735,0.8907419,0.0014174295,2,4612,811273627
0.0022588468,0.37534893,0.61646146,0.005930691,2,4612,1265449274
0.0016659076,0.6787177,0.3195381,7.843681e-05,1,46131,58385849
9.819026e-05,0.6876302,0.31222787,4.3809498e-05,1,46131,1155403279
0.00042978313,0.18721639,0.80646306,0.0058908258,1,46131,686877772
5.808794e-07,0.04094468,0.9590491,5.624594e-06,1,46131,1177734048
0.7302675,0.2685917,0.00078380265,0.00035690377,1,46144,102776745
0.77799255,0.22106354,0.0007259687,0.00021788,1,46144,112792357
0.6356673,0.36165595,0.0018487431,0.000827944,1,46144,742667423
0.69459206,0.3049016,0.00040283625,0.0001035019,1,46144,2000075758
0.00033432708,0.0007120951,0.0143753635,0.9845782,2,46199,31750642
0.0004027331,0.034419585,0.9168235,0.04835416,2,46199,1008624406
2.7542577e-05,0.0011351237,0.04758055,0.95125675,2,46199,1089598723
0.0013002711,0.18614528,0.46186692,0.3506875,2,46199,1922639302
0.00016042849,0.008790555,0.8142133,0.17683575,2,46199,1939511129
0.00043146726,0.007292817,0.071588725,0.92068696,2,46199,768279864
0.0014851342,0.013025196,0.7656578,0.21983193,2,46199,1407605386
0.004564554,0.04593246,0.16813944,0.7813636,2,46199,1500319573
9.839437e-05,0.0010042205,0.036902044,0.96199536,2,46199,1537569211
0.0012709184,0.05057284,0.938149,0.010007293,2,46199,2059794915
0.00014579263,0.22512831,0.77439785,0.0003281196,2,46205,138259483
4.462126e-05,0.12984888,0.86979127,0.00031530677,2,46205,408252868
0.012751558,0.65201575,0.33362296,0.0016097248,2,46205,195346104
0.0007298991,0.4069203,0.5918231,0.0005266701,2,46205,1940038509
0.6631381,0.30496237,0.029386597,0.0025129886,1,46378,621383230
0.8736454,0.10638608,0.017062778,0.0029057441,1,46378,775701720
0.8814273,0.1090461,0.001810819,0.0077157314,1,46378,1464512490
0.90669334,0.08728547,0.005728399,0.000292881,1,46378,1471734395
0.8691662,0.12912256,0.0014625485,0.00024868408,1,46378,344404358
0.916769,0.08214961,0.0010431359,3.8198505e-05,1,46378,589051949
0.85682887,0.13977835,0.0012160173,0.002176777,1,46378,716522031
0.8150974,0.17119826,0.012469883,0.0012345507,1,46378,1868440827
5.9660006e-06,0.02590925,0.97392017,0.0001646883,2,46495,497288760
1.8578368e-06,0.009729744,0.990239,2.9299279e-05,2,46495,1433564676
1.4286841e-05,0.06459568,0.93530285,8.718263e-05,2,46495,2117155118
2.4442973e-06,0.03110026,0.9688673,3.0046178e-05,2,46495,1586014311
9.504356e-06,0.090504065,0.9092257,0.00026069197,2,46495,1751742838
1.2040042e-06,0.08411118,0.9158867,8.884114e-07,2,46495,2126140267
0.0008279905,0.0010664103,0.012202597,0.985903,3,46517,1982913019
0.00032231453,0.0016895703,0.046326,0.9516622,3,46517,2117430328
1.0332841e-05,2.3362178e-05,0.020395763,0.9795705,3,46517,92975394
6.447307e-05,0.00024220154,0.02165821,0.9780352,3,46517,2015389131
0.00043247992,0.26203984,0.7359009,0.001626804,2,46581,64536519
0.0013907969,0.15074511,0.81352174,0.034342393,2,46581,1217810182
3.0722527e-05,0.020125672,0.9787597,0.0010839094,2,46581,155437172
0.008604718,0.20513368,0.73413306,0.052128594,2,46581,1789114019
0.026648998,0.48922557,0.46057972,0.023545738,1,4659,898286003
0.014970709,0.39940077,0.56068426,0.024944289,1,4659,1244500533
0.026648998,0.48922557,0.46057972,0.023545738,1,4659,1693306484
0.014888789,0.16391264,0.6872826,0.13391595,1,4659,1894742089
0.0005349818,0.4047897,0.59088105,0.0037942855,1,4659,1899676803
0.006566348,0.3233723,0.668614,0.0014474097,1,4659,2072317700
0.037629917,0.30286866,0.60092497,0.0585764,1,4659,715218932
0.062174562,0.5938835,0.33616894,0.007773048,1,4659,745295770
0.01920163,0.1968643,0.48664656,0.29728746,1,4659,1474777147
0.17817806,0.4166606,0.34027994,0.064881325,1,4659,1589743222
0.05443417,0.6251855,0.31570864,0.0046717,1,4659,1755258626
0.147918,0.80358356,0.0475873,0.00091114105,1,46590,220246128
0.49679777,0.5016462,0.0014964346,5.9578993e-05,1,46590,901405962
0.053669807,0.9065695,0.039623737,0.00013696271,1,46590,1012142224
0.093627915,0.7352803,0.17037912,0.0007126678,1,46590,1690031901
3.4517423e-05,0.00045333005,0.39994732,0.5995648,2,46633,1318489565
5.2510863e-06,3.8474216e-05,0.3300665,0.66988975,2,46633,2115688981
1.0427465e-05,0.00030598417,0.6417767,0.3579069,2,46633,625923537
0.00020849277,0.002978283,0.82306004,0.17375316,2,46633,797628969
2.8032896e-06,0.0006000845,0.91193783,0.087459244,2,46633,976689977
0.15903305,0.81079704,0.030044062,0.00012592887,1,46642,1284237962
0.15557556,0.8114725,0.03243852,0.0005134673,1,46642,1367195015
0.097094364,0.86232835,0.04023615,0.00034105225,1,46642,1781669759
0.032948174,0.914538,0.05234494,0.00016883363,1,46642,674917059
0.0048237364,0.84453064,0.15061009,3.5507386e-05,1,46642,1700246383
4.546603e-05,0.11461002,0.87104386,0.014300614,2,46654,792145108
0.0006479957,0.39944494,0.599483,0.00042409226,2,46654,1306126023
0.00034923508,0.15524577,0.8406539,0.003751063,2,46654,416043419
2.4567335e-05,0.0047551817,0.62632906,0.3688912,2,46654,513376042
2.800111e-07,0.000991237,0.9987262,0.0002822685,2,46693,408114198
1.6753087e-05,0.0029430792,0.98724294,0.009797273,2,46693,1607949560
6.360922e-06,0.0018119882,0.9906584,0.0075231926,2,46693,1263514328
6.5568124e-06,0.0035909102,0.9945874,0.0018151377,2,46693,1355147169
6.026795e-05,0.0017815912,0.624364,0.3737941,2,46707,765827894
3.7172555e-05,0.00078417966,0.3493042,0.64987445,2,46707,897377175
8.300853e-05,0.0013872124,0.8092419,0.18928792,2,46707,921695598
1.39839085e-05,0.00016905475,0.1456394,0.8541776,2,46707,1880676611
0.000100230114,0.0040969145,0.80815846,0.18764444,2,46707,2087349000
0.0004714938,0.016954316,0.8595336,0.12304057,2,46715,318517059
5.4209613e-06,0.010321193,0.9893305,0.00034295185,2,46715,520113129
3.2967673e-05,0.03844041,0.9607533,0.00077326933,2,46715,1135673284
1.2038432e-06,0.01649971,0.9834155,8.3660605e-05,2,46715,1386454717
8.812112e-06,0.01037609,0.9876486,0.001966493,2,46715,2053437137
0.0004893434,0.598111,0.40139017,9.5030655e-06,1,46798,500620576
0.002067369,0.47385818,0.52378714,0.0002873307,1,46798,1935713984
0.00061393756,0.90999836,0.0893823,5.470361e-06,1,46798,1975228555
0.0023793187,0.8487915,0.1487713,5.7851863e-05,1,46798,2020168889
1.649892e-05,0.01884618,0.9792723,0.0018651206,2,46859,1183891057
9.245268e-06,0.0062191556,0.9904873,0.0032843924,2,46859,1419208541
0.009402729,0.10233694,0.7021509,0.18610941,2,46859,1939683955
2.1466049e-06,0.00929204,0.98856014,0.0021456687,2,46859,1036605095
3.339262e-05,0.0461608,0.9508899,0.0029158588,2,46859,1240382996
1.3349635e-05,0.004823089,0.987698,0.0074656243,2,46859,1996646436
0.0142507255,0.7791511,0.20610936,0.0004888138,1,46869,132553609
0.019008942,0.4373719,0.5187783,0.02484084,1,46869,1032469706
0.10306446,0.5008648,0.3398067,0.05626403,1,46869,1351850050
0.0045932354,0.8530126,0.14100146,0.0013927026,1,46869,1393385188
0.0038009842,0.5691668,0.426847,0.00018524712,1,46869,280296053
0.0012471646,0.049528133,0.88734037,0.061884325,1,46869,1588109418
7.326518e-05,0.5358049,0.46356446,0.0005573671,1,46869,1675286246
0.16615766,0.5393678,0.28560495,0.0088695865,1,46869,2045576725
0.016706705,0.8607315,0.12225414,0.00030775744,1,46891,152699952
0.04216164,0.8866322,0.07095024,0.00025597704,1,46891,224161413
0.41992366,0.57124764,0.008191739,0.0006369012,1,46891,646991203
0.0031325822,0.5685249,0.42790604,0.00043647407,1,46891,1453260042
0.00030523704,0.79900384,0.20068242,8.455003e-06,1,46891,86376448
0.27962965,0.6987922,0.020983709,0.0005943635,1,46891,1399284670
0.10702017,0.84477216,0.046346996,0.0018606553,1,46891,1533464084
0.044199206,0.8475473,0.10764103,0.0006124752,1,46891,1582377272
0.0032925939,0.78925145,0.20740388,5.208997e-05,2,46896,186618064
0.022883078,0.8938401,0.0831858,9.09946e-05,2,46896,2142365084
0.0005327496,0.7864565,0.21300918,1.459873e-06,2,46896,363905671
0.00423048,0.9497911,0.045965683,1.2744825e-05,2,46896,1482121559
0.53732526,0.44022846,0.021154847,0.0012914414,1,46999,312938452
0.27643952,0.6529063,0.056756984,0.013897208,1,46999,571528877
0.121084586,0.84928346,0.029169641,0.00046229965,1,46999,1210144459
0.64991236,0.33502597,0.011579234,0.003482421,1,46999,1338188554
0.056455303,0.8952201,0.048143256,0.00018135995,1,46999,873232511
0.14683118,0.7570698,0.092230335,0.003868645,1,46999,1133768186
0.095650144,0.835004,0.06868219,0.00066360383,1,46999,1462078343
0.092790976,0.84529656,0.058526617,0.0033859129,1,46999,1617443109
9.915654e-05,0.08730424,0.9115575,0.0010391327,2,47161,742649095
9.814046e-05,0.22526392,0.77441466,0.00022331881,2,47161,2007432535
0.00028097042,0.122703075,0.8735984,0.0034175059,2,47161,1911320228
0.00018978842,0.3353621,0.6639944,0.00045369696,2,47161,2000931970
3.4898407e-05,0.4371956,0.5627333,3.6192658e-05,1,47193,228831541
0.0025454878,0.82088953,0.17655292,1.20714785e-05,1,47193,2078787387
0.00029625927,0.58365905,0.41566506,0.00037959914,1,47193,2106183004
0.00012798214,0.7350595,0.26480308,9.336733e-06,1,47193,796326296
6.363368e-05,0.39800116,0.6019036,3.1547974e-05,1,47193,1555569551
0.0014407254,0.833721,0.16477902,5.924282e-05,1,47193,1809839582
0.0005175924,0.36251166,0.6369165,5.4216194e-05,1,47193,2047203893
0.9213552,0.07839712,0.00017739592,7.0378344e-05,0,47281,707012561
0.8906468,0.108938955,0.0003302719,8.387431e-05,0,47281,1032098407
0.78421813,0.21496238,0.00046368098,0.00035580216,0,47281,1718970572
0.6802025,0.31537965,0.003503954,0.00091383356,0,47281,1858265358
0.6791369,0.32045925,0.00034306233,6.080073e-05,0,47336,194237109
0.48619992,0.50143445,0.011623123,0.0007425017,0,47336,2015531689
0.7843709,0.2147297,0.0005087866,0.00039072687,0,47336,1990483963
0.6035485,0.39249364,0.0029823387,0.0009755053,0,47336,2140318404
0.0012905117,0.4236443,0.5742184,0.0008467625,1,47357,973091251
0.00042834386,0.690632,0.30891636,2.326309e-05,1,47357,1316171094
0.0021347357,0.49184582,0.5055534,0.00046595643,1,47357,1116253218
0.0036579275,0.5640258,0.43208855,0.0002276928,1,47357,1617369528
0.00023693594,0.67190367,0.32783312,2.6233798e-05,1,47357,1754515516
0.033106867,0.72971946,0.2355474,0.0016262874,2,47427,179620803
0.0008523355,0.743006,0.25604534,9.63991e-05,2,47427,311993666
0.021822905,0.8266483,0.1513036,0.0002251748,2,47427,871918689
0.006420145,0.5295637,0.46333507,0.00068104436,2,47427,243205963
0.00021939594,0.65179366,0.34790906,7.791431e-05,2,47427,335355149
0.0009868783,0.7014071,0.29758927,1.6707674e-05,2,47622,277328709
0.0063743573,0.7349502,0.25821114,0.00046435682,2,47622,981554845
0.0013793259,0.1869376,0.80956155,0.0021215347,2,47622,1072354802
6.586499e-05,0.58267176,0.4172465,1.5825364e-05,2,47622,1295378269
0.0014587453,0.75627095,0.24223244,3.7859783e-05,2,47622,1527437283
0.00050668634,0.1430838,0.8468508,0.009558729,2,47622,2003042502
7.505972e-06,0.021500494,0.9784113,8.069519e-05,2,47656,1233544430
1.3617236e-05,0.026484774,0.9729541,0.00054748845,2,47656,1567331492
1.3811323e-05,0.056986157,0.9419875,0.0010124712,2,47656,2084979719
3.0823192e-06,0.004187254,0.99554163,0.0002680191,2,47656,60913321
9.0329775e-07,0.0024797046,0.9969746,0.0005447596,2,47656,66049836
1.5350617e-05,0.014993079,0.9843402,0.00065141154,2,47656,1188029809
4.677552e-06,0.0054169274,0.9915529,0.0030254428,2,47656,2109352661
2.3853023e-05,0.40907103,0.59089243,1.2623453e-05,1,47676,1032365992
0.00026066718,0.4226696,0.57445645,0.0026133403,1,47676,1639596975
3.1892923e-05,0.30988058,0.69002277,6.476726e-05,1,47676,502910215
2.794081e-05,0.18185058,0.81735075,0.0007707083,1,47676,2024701543
4.8270654e-06,0.064867646,0.9351004,2.7200773e-05,2,47678,654136762
1.0425426e-06,0.0041511683,0.9956897,0.00015802316,2,47678,1186812914
2.1111548e-06,0.018238861,0.9817362,2.2765124e-05,2,47678,1604272700
5.9962684e-07,0.005358727,0.99460286,3.7780323e-05,2,47678,1848088344
9.895889e-06,0.03925313,0.9605344,0.00020269242,2,47678,315179886
1.9943532e-06,0.00631198,0.99242413,0.0012618531,2,47678,723701567
9.905513e-05,0.036714893,0.96120036,0.0019856903,2,47678,810717147
0.00045284737,0.19395386,0.8020522,0.003541134,2,47678,1676964662
6.307523e-05,0.012798367,0.92530525,0.06183331,2,4772,473736916
1.04091905e-05,0.0011000319,0.87082326,0.12806638,2,4772,1447513219
0.00012989074,0.009742866,0.8786845,0.11144272,2,4772,263157263
5.3810845e-06,0.0022952496,0.9935666,0.004132843,2,4772,305262831
0.0025654165,0.5722412,0.42490578,0.00028764197,1,47725,458677402
0.00022025358,0.7752435,0.22448707,4.913285e-05,1,47725,1549086518
3.103552e-05,0.6363171,0.36360732,4.4634668e-05,1,47725,477593121
0.00019757256,0.41119727,0.5884389,0.0001661489,1,47725,1482312526
0.0015065213,0.88850814,0.10996714,1.8201772e-05,2,47790,1535843824
0.011371683,0.9354681,0.05199864,0.0011615931,2,47790,1831620141
0.12818006,0.8514305,0.020182202,0.0002072988,2,47790,118521349
0.00090820657,0.7773583,0.22171718,1.6273658e-05,2,47790,1112058852
0.0013826399,0.5556642,0.4428606,9.257286e-05,1,47794,62126923
0.009578434,0.5808263,0.4077387,0.0018566145,1,47794,1890208864
0.004029331,0.2874552,0.6963009,0.012214576,1,47794,515330003
0.0067773606,0.40435982,0.5856044,0.0032583599,1,47794,1291644410
0.0021358584,0.42675745,0.5697994,0.0013072719,1,47794,2142591939
0.00010902251,0.42408478,0.57500607,0.000800222,1,47884,1144847844
0.00022501111,0.27430606,0.7252855,0.00018356467,1,47884,1901091541
0.00033724928,0.68284464,0.31671554,0.000102579084,1,47884,18346689
8.186594e-07,0.07441908,0.9255781,2.0529733e-06,1,47884,186126169
0.33538833,0.65163344,0.010540285,0.0024379666,1,47886,81084636
0.020843638,0.936943,0.042067487,0.00014587666,1,47886,1222611990
0.00347906,0.9697967,0.026700694,2.3429251e-05,1,47886,2047501247
0.17046109,0.7484764,0.07025751,0.010804992,1,47886,888078527
0.0032171085,0.9698849,0.026889518,8.435071e-06,1,47886,1545739642
9.464553e-05,0.36174798,0.6381237,3.3690372e-05,2,47994,832566361
0.0067184484,0.6120029,0.37887585,0.0024027599,2,47994,884847784
0.00022913894,0.82248634,0.17725612,2.8410432e-05,2,47994,687318493
0.0023572117,0.8848181,0.112733796,9.096287e-05,2,47994,1048747086
8.655329e-05,0.01787658,0.9670942,0.014942649,2,48209,1653187084
0.0008899956,0.05263101,0.8757928,0.07068614,2,48209,1979917104
0.0002362921,0.0069762226,0.67274916,0.32003838,2,48209,1184596174
0.000104082195,0.037236143,0.96201473,0.0006449751,2,48209,1789773361
0.00023696263,0.03809134,0.95839685,0.003274886,2,48209,1897483964
0.00069790223,0.050693173,0.87627894,0.07232993,2,48214,210887322
0.0025641131,0.22861129,0.7375658,0.031258747,2,48214,1531969713
5.0825256e-05,0.014544757,0.855255,0.13014938,2,48214,2064732798
0.00040936156,0.016844617,0.6698778,0.31286827,2,48214,373241958
0.001027646,0.075589456,0.75953984,0.163843,2,48214,508220360
0.002784395,0.41471347,0.56506056,0.017441504,2,48214,1868785476
0.9833014,0.016567973,3.3521024e-05,9.7124415e-05,0,48238,999201277
0.88625354,0.11155138,0.0017179431,0.00047710925,0,48238,1694393251
0.9542421,0.045391146,0.00017588043,0.00019085978,0,48238,1712498930
0.96001774,0.039901726,4.8928687e-05,3.1541575e-05,0,48238,222869939
0.93516546,0.064695165,8.833995e-05,5.1047053e-05,0,48238,1537154261
0.06302185,0.89115417,0.045575295,0.00024871484,0,4827,117374091
0.35141122,0.63702965,0.011195828,0.00036332436,0,4827,1254942452
0.33802006,0.6485762,0.013263782,0.00013994196,0,4827,2046823046
0.18947977,0.7980088,0.012417044,9.4411815e-05,0,4827,683615017
0.009837795,0.9208902,0.06923843,3.364073e-05,0,4827,715251570
0.013457045,0.04560291,0.3773085,0.5636316,2,48314,266844320
0.018978572,0.14094053,0.51538396,0.32469696,2,48314,558984132
0.00048483722,0.03402936,0.92265373,0.042832065,2,48314,1038128422
0.00033629537,0.0071887868,0.85597384,0.136501,2,48314,1886894169
0.0013303541,0.8856696,0.11298263,1.7389742e-05,2,48352,751869031
0.0004324306,0.31259695,0.6866821,0.00028852138,2,48352,1364161892
0.007678352,0.91635865,0.07592537,3.7694026e-05,2,48352,1703975009
0.056024928,0.8389712,0.10357792,0.0014259686,2,48352,1773949240
0.36476573,0.5639492,0.049977805,0.02130725,2,48352,1884296769
0.30143595,0.69717306,0.0013756459,1.5405532e-05,1,48396,520249910
0.08490201,0.91036093,0.0046877926,4.9285616e-05,1,48396,896213834
0.06771217,0.8182179,0.11305217,0.0010176812,1,48396,1123284567
0.0031897032,0.8046661,0.19207646,6.7683206e-05,1,48396,1424754270
0.013882513,0.8742426,0.11171266,0.00016220167,1,48396,1495785366
1.5897067e-05,2.9275454e-05,0.067402795,0.93255204,3,4859,416486551
1.5027277e-05,3.368476e-05,0.060679097,0.93927217,3,4859,582462898
2.5252635e-05,8.097221e-05,0.182676,0.81721777,3,4859,635390130
1.76917e-05,2.62065e-05,0.0151100755,0.984846,3,4859,1643298745
0.0759479,0.8488125,0.07299392,0.0022456462,1,48596,317527744
0.025241323,0.7861728,0.18702644,0.0015593849,1,48596,844917725
0.025397636,0.8499516,0.123992376,0.0006583466,1,48596,163975340
0.012600295,0.7685281,0.21819088,0.0006806966,1,48596,197548465
0.005123799,0.86144525,0.13318677,0.00024420006,1,48596,1683210912
5.294754e-05,0.26267493,0.7372691,3.0841773e-06,2,48624,972332603
2.1615013e-05,0.34733748,0.65260804,3.2831904e-05,2,48624,1763877265
0.00011827551,0.5704157,0.42945814,7.921699e-06,2,48624,75924591
0.00041415766,0.75395894,0.24561092,1.5990461e-05,2,48624,395470901
0.27776203,0.70148003,0.020358123,0.0003998012,1,4865,1580087550
0.42557126,0.56911635,0.005132137,0.00018016671,1,4865,1668840015
0.69817626,0.30096033,0.0007776483,8.578938e-05,1,4865,331420620
0.6465353,0.34942377,0.0039498843,9.101501e-05,1,4865,1808060892
1.7113509e-05,0.09116539,0.9083687,0.00044875598,2,48655,42291075
2.557162e-05,0.08370079,0.9162424,3.1277472e-05,2,48655,579511981
7.826196e-05,0.0017134879,0.7262208,0.27198744,2,48655,474234140
2.5328225e-05,0.074941516,0.92470443,0.00032866257,2,48655,1029707464
0.15725744,0.7874875,0.054104056,0.0011509758,1,48678,711827034
0.43088174,0.5499762,0.017654847,0.0014872203,1,48678,1805704331
0.667124,0.32890454,0.003493245,0.0004781991,1,48678,696030934
0.1416263,0.8237763,0.03400315,0.0005942243,1,48678,1606046372
0.00010654044,0.021182066,0.92616665,0.052544724,2,4876,1319337578
0.0021158494,0.07827168,0.87236196,0.047250576,2,4876,1424731129
0.00024231593,0.07916497,0.9039613,0.016631385,2,4876,1939356551
0.00012592463,0.074657105,0.9165163,0.00870062,2,4876,2138330844
2.302406e-05,0.013371118,0.9663208,0.020285051,2,4876,8977029
0.0013206246,0.042297717,0.8809363,0.07544537,2,4876,792520108
0.10292887,0.8902815,0.006722556,6.704487e-05,1,49020,1309042956
0.39772266,0.59306777,0.008747312,0.00046222753,1,49020,1352114614
0.006952345,0.91872543,0.0741172,0.00020503785,1,49020,1404451163
0.17948206,0.8054773,0.013685136,0.001355538,1,49020,863721443
0.7977515,0.19925517,0.001873967,0.0011194622,1,49020,1299851146
0.004031306,0.53870296,0.45319253,0.0040732417,1,49035,132469315
8.481456e-05,0.3441617,0.65571123,4.226985e-05,1,49035,1651089496
6.410226e-05,0.33789998,0.6619616,7.428976e-05,1,49035,191610276
0.00013954668,0.60564923,0.39371532,0.0004958661,1,49035,825419986
0.00017236173,0.325154,0.6743118,0.00036186224,1,49035,1747440026
7.3179435e-05,0.026868517,0.9462901,0.026768181,2,49038,105719874
0.00014796467,0.03265058,0.94673467,0.02046676,2,49038,1072328550
1.0564098e-06,0.048258275,0.951721,1.972084e-05,2,49038,374003184
0.00015065301,0.12576924,0.87200516,0.0020749483,2,49038,1506941619
0.024463022,0.7252891,0.2490515,0.0011963942,2,49087,748462681
0.0005440366,0.53622854,0.46313813,8.9257315e-05,2,49087,1291900606
0.0008846526,0.5288561,0.4701089,0.00015036827,2,49087,1833339766
0.0013512258,0.30624324,0.6917926,0.00061296875,2,49087,110920192
6.552057e-05,0.11105761,0.888774,0.000102868085,2,49087,141000891
0.00025014105,0.16474989,0.83326584,0.0017341337,2,49087,1902640084
3.1935113e-05,0.003685116,0.9903881,0.005894963,2,49229,1413433721
0.00016364247,0.0032108172,0.7850814,0.2115441,2,49229,1754477417
0.00014299288,0.009553191,0.9725441,0.017759819,2,49229,1895587313
0.012585514,0.0340556,0.4045577,0.54880124,2,49229,2045981778
7.504533e-05,0.7626181,0.23729958,7.29738e-06,1,49238,288533335
3.1489076e-06,0.17649011,0.823496,1.0735603e-05,1,49238,1043092471
0.014464668,0.7675398,0.21710439,0.00089115073,1,49238,1246100166
0.00020892467,0.6717305,0.32802418,3.6472484e-05,1,49238,1086585224
8.835578e-05,0.22942983,0.77045304,2.879593e-05,1,49238,1150334561
3.599377e-05,0.3667522,0.633147,6.474184e-05,1,49238,1645482989
0.008837571,0.89430004,0.09677587,8.642759e-05,1,49239,964476493
0.0004644212,0.69201964,0.30743805,7.7912846e-05,1,49239,1512902664
0.004180503,0.9445317,0.05127676,1.1076956e-05,1,49239,38907908
0.00063325104,0.70339495,0.29595914,1.2680846e-05,1,49239,1016462923
0.00953858,0.88557357,0.10481683,7.1045e-05,1,49239,1279955424
0.026053037,0.8978467,0.07604079,5.943472e-05,1,49239,1767858198
0.015176173,0.96601605,0.018789154,1.8712291e-05,1,49315,577437181
0.10202079,0.88939893,0.008547455,3.272271e-05,1,49315,811252244
0.287719,0.7040097,0.008148509,0.00012280254,1,49315,359330570
0.08643358,0.87302935,0.04011569,0.0004214067,1,49315,637833530
0.0924681,0.88728136,0.019992705,0.00025783843,1,49315,1181499478
0.17796949,0.82096934,0.0010528669,8.275924e-06,1,49315,1996932209
0.95886713,0.040973242,7.6655466e-05,8.287594e-05,0,49373,167542879
0.89203566,0.107471615,0.00036200488,0.0001307525,0,49373,1731301527
0.9631644,0.0366656,6.6659835e-05,0.000103325845,0,49373,1800413239
0.9582555,0.041262634,0.00018923383,0.0002925689,0,49373,2000715408
0.90332955,0.09645637,0.00015283519,6.125286e-05,0,49373,131107232
0.9686686,0.031247972,3.989494e-05,4.359108e-05,0,49373,1686039778
0.9431428,0.056230366,0.00036830676,0.000258508,0,49373,1795136096
0.36409408,0.6252464,0.010091013,0.00056845107,1,49448,493562754
0.58381605,0.41293618,0.0026347772,0.0006129854,1,49448,800098415
0.8648228,0.1349818,0.00016293366,3.256601e-05,1,49448,1716506903
0.035656057,0.8984969,0.065572865,0.00027416344,1,49448,307582055
0.013067029,0.9076413,0.07922304,6.864165e-05,1,49448,416482273
0.10460235,0.6561444,0.23004337,0.009209953,1,49448,434068700
0.061765123,0.91438377,0.02379381,5.7349105e-05,1,49451,108769354
0.16412021,0.79675776,0.038448025,0.000674112,1,49451,769204621
0.0717096,0.874554,0.052164335,0.0015720269,1,49451,885926789
0.106800504,0.872309,0.020751854,0.00013862619,1,49451,520993830
0.23118033,0.7275242,0.039743565,0.0015519131,1,49451,540413655
0.00416958,0.92484653,0.07097421,9.722029e-06,1,49451,667858738
0.0007116136,0.7567517,0.24250218,3.442325e-05,2,49494,911523142
8.715871e-05,0.24966758,0.750138,0.00010720663,2,49494,1087866039
1.730045e-05,0.11356179,0.8863437,7.7100274e-05,2,49494,2007558068
0.00021003488,0.3178259,0.6819212,4.2847703e-05,2,49494,27329393
2.1401976e-05,0.41217336,0.587797,8.274601e-06,2,49494,149437769
0.00015868791,0.5768382,0.42298895,1.4164338e-05,1,49520,53051201
0.001328688,0.40887424,0.58970046,9.655635e-05,1,49520,1918243536
0.00016394301,0.40190318,0.59792346,9.420871e-06,1,49520,767878280
3.2733558e-06,0.058519106,0.9414688,8.869124e-06,1,49520,1226438258
0.006084461,0.84685314,0.14693937,0.000123096,1,49531,714200024
0.0010669238,0.8810445,0.11788429,4.348497e-06,1,49531,1260671654
0.00010313748,0.5798265,0.42004398,2.6394695e-05,1,49531,398673756
0.015119421,0.88480985,0.09906662,0.001004081,1,49531,1627731414
4.8148617e-05,0.0490384,0.9486476,0.0022658878,1,49544,480013410
1.20135055e-05,0.0782321,0.92168975,6.616868e-05,1,49544,1487871325
1.202284e-05,0.09295519,0.9070104,2.2445927e-05,1,49544,1767809081
1.9383553e-05,0.09838878,0.9015244,6.745707e-05,1,49544,771117532
7.92988e-05,0.116785094,0.8826971,0.00043847912,1,49544,1055124540
1.1983224e-06,0.022247393,0.97761995,0.00013146935,1,49544,1157939294
2.2634288e-06,0.030748634,0.96913415,0.00011488399,1,49544,1559236552
0.0057952083,0.8847381,0.10926475,0.00020202163,1,49600,280522990
0.075802565,0.86256427,0.060479436,0.0011538042,1,49600,555453917
0.0044046226,0.8411671,0.15421031,0.00021790764,1,49600,1109041950
0.29372615,0.6966197,0.009112151,0.0005419361,1,49600,817154069
0.05522083,0.88988096,0.05444461,0.00045358136,1,49600,1502219344
0.0411159,0.86278284,0.094711185,0.0013901421,1,49600,1969245487
0.00045487494,0.6329785,0.36651492,5.1726674e-05,2,49622,600796174
0.00075280294,0.9274849,0.071712494,4.9738046e-05,2,49622,1940056065
0.0003607466,0.62235767,0.3772082,7.3444884e-05,2,49622,357732876
0.00022359213,0.711499,0.28823912,3.8270347e-05,2,49622,1406901490
0.0005506425,0.66491437,0.33442172,0.00011330372,2,49622,1967282195
0.000401203,0.033692036,0.9259591,0.03994758,2,49767,153034100
9.649003e-07,0.0016332789,0.9970528,0.0013130106,2,49767,613422005
9.4262614e-05,0.025847295,0.95988774,0.014170632,2,49767,162317216
6.184932e-06,0.004213942,0.97846323,0.01731666,2,49767,1368852838
0.03439461,0.9449275,0.020575834,0.00010210594,1,49777,381847277
0.083526015,0.8734443,0.04283173,0.0001979296,1,49777,1363483120
0.21139969,0.69212526,0.09420023,0.0022748266,1,49777,24423771
0.1976978,0.7782095,0.023231875,0.0008608174,1,49777,64381320
0.0005657284,0.58032304,0.41909847,1.2759767e-05,1,49823,364053761
0.00046015554,0.73207664,0.26739907,6.4184e-05,1,49823,1601037653
0.0024542462,0.87023574,0.12728429,2.5768879e-05,1,49823,1699387011
0.0036614037,0.6729759,0.3232152,0.00014750089,1,49823,2001588769
3.730704e-05,0.3847726,0.61515486,3.5190602e-05,1,49823,1534716792
0.00012766698,0.37290153,0.626867,0.000103845785,1,49823,2027174243
0.0001545397,0.61584604,0.38396,3.9344286e-05,1,49823,2083547147
0.27188808,0.7247431,0.0033390601,2.9721417e-05,1,49927,582859757
0.8763935,0.12331876,0.00016630928,0.000121393525,1,49927,1464062737
0.7447281,0.25383362,0.0011734274,0.0002648933,1,49927,1344758129
0.7634147,0.23527448,0.0012178082,9.295749e-05,1,49927,1489949772
4.964476e-05,0.14812939,0.84901047,0.0028104505,1,49970,951397334
2.1251039e-05,0.29612055,0.70366496,0.00019326949,1,49970,1866219756
0.0004509439,0.54871446,0.44964436,0.0011902779,1,49970,143345804
5.9135582e-05,0.40293446,0.5969871,1.9271118e-05,1,49970,1309010950
0.00023654001,0.7633739,0.23638164,7.929807e-06,1,49970,1342712431
0.0020892564,0.7148294,0.28295457,0.00012681381,2,5007,410194683
0.0006113018,0.18146205,0.8155107,0.0024159453,2,5007,572109969
0.007790947,0.57578284,0.4139448,0.0024814443,2,5007,199491114
0.00037540315,0.7655942,0.23401958,1.0732236e-05,2,5007,232360569
5.388372e-05,0.2713029,0.7286228,2.0462177e-05,2,50122,1001346938
3.296477e-06,0.022015797,0.9776725,0.00030838425,2,50122,1243988074
8.491651e-06,0.026419869,0.9728457,0.0007260273,2,50122,1290333551
6.210124e-06,0.020009654,0.97883123,0.0011529392,2,50122,1456268043
4.1425745e-05,0.04791324,0.95050555,0.0015396795,2,50122,2069756139
0.0023900962,0.9519463,0.045645207,1.8405879e-05,1,50196,1629262336
0.062982485,0.88808024,0.048777442,0.00015988019,1,50196,1841521592
0.05797869,0.9279097,0.014069879,4.1681928e-05,1,50196,1043016858
0.0015570112,0.9787304,0.019710023,2.554124e-06,1,50196,1104880884
0.14999293,0.4241071,0.34822074,0.07767914,1,50203,643148078
0.01499369,0.60864985,0.37493315,0.0014233452,1,50203,1424223949
0.00029424604,0.20368426,0.79368174,0.0023397484,1,50203,1440962950
0.0005054134,0.712825,0.2866204,4.921694e-05,1,50203,1533446931
0.04756915,0.8955869,0.056703243,0.00014067431,1,50203,1079316539
0.007204586,0.61704427,0.37550154,0.00024955245,1,50203,1429171658
0.0035768906,0.55957454,0.43671688,0.00013167164,1,50203,1731597086
0.06761526,0.8518102,0.07762299,0.0029515948,2,50226,315223421
0.14572842,0.7423237,0.1070647,0.0048832707,2,50226,1653228545
0.0006902789,0.6224122,0.37677124,0.00012625134,2,50226,1221175000
0.00018478841,0.66506517,0.33471859,3.1496867e-05,2,50226,1496027627
0.000730585,0.019073153,0.5834687,0.39672753,2,50277,1722481849
3.27602e-05,0.0019226065,0.6625485,0.3354961,2,50277,1914562391
7.527732e-05,0.018521013,0.9531413,0.028262332,2,50277,487885274
0.0005500792,0.06935679,0.8764761,0.05361706,2,50277,1812386878
0.00010370444,0.6915272,0.30833265,3.6457466e-05,2,50324,135607796
0.020686906,0.84016794,0.1339102,0.0052349763,2,50324,1523223203
1.670797e-05,0.48198134,0.5179624,3.9561703e-05,2,50324,34933994
0.0008810784,0.76943016,0.22939472,0.00029400625,2,50324,1190776815
0.002306418,0.21832404,0.7690708,0.01029877,2,50336,129080910
0.0006646161,0.07696906,0.83936465,0.0830017,2,50336,1769001041
0.0024639952,0.13225062,0.72073555,0.14454982,2,50336,2010922251
0.00022362161,0.1336074,0.85649675,0.009672244,2,50336,119391257
0.0031133888,0.27679887,0.63738185,0.08270595,2,50336,753309024
0.0004362859,0.07312807,0.83488715,0.09154843,2,50336,1212425486
0.03138766,0.91428435,0.053683393,0.00064457965,1,50365,386466156
0.021647034,0.9197271,0.05828346,0.00034246044,1,50365,551414149
0.12957597,0.820224,0.049775425,0.00042462398,1,50365,1188446114
0.10531383,0.8671371,0.026910724,0.0006383568,1,50365,1607892226
0.027050024,0.896494,0.075494796,0.0009611891,1,50365,92464373
0.31413266,0.6393227,0.04268701,0.0038577144,1,50365,120457184
0.17864312,0.8109602,0.010269023,0.00012765301,1,50365,1533980621
0.047890116,0.94327205,0.00879144,4.647907e-05,1,50365,1600961917
0.9929558,0.0070284745,3.4347765e-06,1.2245795e-05,0,5039,1004837620
0.9595273,0.040174216,7.0569564e-05,0.0002278515,0,5039,1067917700
0.9458136,0.054072935,5.6749537e-05,5.6788624e-05,0,5039,1319114894
0.99126124,0.00871825,2.626504e-06,1.7889752e-05,0,5039,1791033919
0.98332995,0.016535299,3.3958673e-05,0.0001007715,0,5039,424484851
0.98842525,0.011527606,1.0929475e-05,3.621577e-05,0,5039,1121926672
0.98874986,0.01123634,7.939915e-06,5.927131e-06,0,5039,1219210632
0.9779221,0.020382747,0.0003935696,0.0013015318,0,5039,1454766283
0.96198165,0.037959006,2.4159122e-05,3.512665e-05,0,5039,2088636243
0.3954732,0.5862578,0.016781725,0.0014871911,1,50441,1172397689
0.13285899,0.8589162,0.0080877,0.0001371101,1,50441,1915946067
0.3422168,0.6443942,0.012494522,0.000894451,1,50441,1005245973
0.08792649,0.8925426,0.019326394,0.00020448648,1,50441,1619308848
0.001677298,0.9034993,0.09481015,1.3285727e-05,1,50464,589521696
0.005023984,0.75317955,0.24128664,0.0005098031,1,50464,1839842119
0.00018695062,0.86113375,0.13867702,2.225745e-06,1,50464,328237079
0.021453587,0.83508855,0.14334433,0.00011358296,1,50464,606936776
0.00031608983,0.70649785,0.29315874,2.7320802e-05,1,505,322793737
0.00025608725,0.5472803,0.452356,0.00010759874,1,505,553389745
0.00089395785,0.6327683,0.36603498,0.00030280612,1,505,977323070
0.0001414874,0.46496025,0.534831,6.7328045e-05,1,505,1653075296
0.0022576437,0.75799763,0.23970744,3.7324837e-05,1,50525,712281988
0.0021634796,0.60393757,0.3938152,8.370884e-05,1,50525,1223435698
0.003642408,0.44634917,0.5490905,0.0009179435,1,50525,1030795178
0.00060434965,0.77097076,0.22841299,1.1956211e-05,1,50525,1998419036
0.9725194,0.027401779,2.9453548e-05,4.9373324e-05,0,50788,608715672
0.98454756,0.015314347,4.867453e-05,8.9381734e-05,0,50788,1653576481
0.9787452,0.020975385,7.28037e-05,0.000206635,0,50788,289935797
0.98171866,0.017927298,8.608536e-05,0.00026795838,0,50788,1430953541
0.40409806,0.59285027,0.0027884257,0.00026330346,0,50992,65317929
0.76262367,0.23702718,0.00025453075,9.4561474e-05,0,50992,692670382
0.847527,0.15215635,0.00026048467,5.6171324e-05,0,50992,198752395
0.8888451,0.111038506,8.249082e-05,3.3828117e-05,0,50992,1456458607
7.420184e-05,0.13303551,0.8667583,0.00013205598,2,51003,1031763900
0.008167707,0.21422015,0.7693067,0.0083054025,2,51003,1755235860
0.00021668225,0.025466422,0.9549131,0.01940388,2,51003,193251039
3.1773652e-05,0.043006208,0.9558519,0.0011100628,2,51003,248659246
0.000106898144,0.0545524,0.944129,0.0012116781,2,51003,1582356675
0.62319165,0.3509964,0.021341268,0.0044706906,1,51015,991586959
0.6727196,0.3222428,0.0041072587,0.00093037856,1,51015,1167996586
0.3830732,0.6062528,0.010247233,0.0004268172,1,51015,1245607851
0.33574146,0.6457746,0.017634815,0.00084919436,1,51015,895535976
0.45392674,0.5388247,0.0069953552,0.00025320606,1,51015,1153883567
0.9688733,0.031085782,2.4689036e-05,1.6183454e-05,0,5106,1031470114
0.89380175,0.103488,0.0017194066,0.0009909257,0,5106,1821058661
0.45285976,0.5420807,0.0049033854,0.00015615369,0,5106,184975903
0.8989513,0.10087373,0.0001470983,2.781312e-05,0,5106,1456690571
0.5169139,0.47739258,0.0055081216,0.00018541308,1,51062,600749
0.025620136,0.92501736,0.049244907,0.00011759203,1,51062,1116697962
0.1315922,0.8487371,0.019569606,0.00010107455,1,51062,1316967841
0.0007750479,0.8945885,0.10462868,7.829569e-06,1,51062,249115612
0.011356667,0.9250391,0.063505396,9.875353e-05,1,51062,1320923892
0.08029524,0.75273365,0.16622268,0.00074850116,1,51062,2121106712
0.0044106278,0.6479846,0.34631777,0.0012870064,2,51064,360831180
0.00026880155,0.62060475,0.37904596,8.052704e-05,2,51064,1323821362
0.020983282,0.6645894,0.3133559,0.0010714381,2,51064,98911936
0.0070817396,0.48780814,0.4971003,0.008009799,2,51064,1363002626
0.0003654396,0.3585701,0.64095074,0.00011368519,2,51064,2005533360
0.00037622868,0.5767371,0.42287856,8.124686e-06,2,51091,476922095
0.0004297275,0.38318276,0.6163443,4.327038e-05,2,51091,1616512746
1.3541771e-05,0.084998995,0.9149205,6.701289e-05,2,51091,396011329
0.000114945826,0.098067835,0.9018056,1.1677839e-05,2,51091,1357908885
2.7702232e-05,0.07596669,0.92399544,1.0225116e-05,2,51091,1825223741
0.797041,0.201453,0.0013097638,0.00019615762,0,51199,160022046
0.964972,0.034980837,3.9568506e-05,7.5097173e-06,0,51199,462013469
0.95955235,0.04031053,8.764929e-05,4.952105e-05,0,51199,420018454
0.95512176,0.044709295,9.075619e-05,7.8178105e-05,0,51199,2041203740
2.4421242e-05,0.0013207855,0.27347523,0.7251796,3,51249,728853152
9.686579e-05,0.0034527367,0.46298605,0.5334643,3,51249,1277126591
0.0001203706,0.005743861,0.5766254,0.41751033,3,51249,284144844
2.3023862e-05,0.0014504248,0.5271939,0.47133267,3,51249,816901275
3.6726706e-05,0.10488848,0.89495164,0.00012320557,2,51290,22208211
0.00028285477,0.025006047,0.9646963,0.01001477,2,51290,45290837
6.998114e-06,0.040002085,0.95982265,0.00016828455,2,51290,1381544393
4.412088e-06,0.02537235,0.9741232,0.00050006044,2,51290,879714140
4.1053332e-05,0.07348799,0.925355,0.0011159575,2,51290,1518032154
0.048746265,0.9102083,0.040708613,0.00033681482,1,51424,741242221
0.00050385133,0.511906,0.48752314,6.701455e-05,1,51424,1172557860
0.00034018524,0.6523701,0.34718007,0.00010968341,1,51424,490909969
0.00729384,0.91111296,0.08154073,5.2489533e-05,1,51424,1696189851
0.00020634047,0.0029883904,0.35013822,0.64666706,3,51498,416079519
1.1049651e-05,6.976998e-05,0.110023044,0.8898961,3,51498,1239539367
0.00016599149,0.0007551039,0.095989205,0.9030897,3,51498,235064489
0.00010627759,0.0006591312,0.18932424,0.8099103,3,51498,274766802
5.4616116e-06,6.922219e-05,0.09012086,0.90980446,3,51498,1481006643
0.14226696,0.7904138,0.06565183,0.0016674001,1,51582,262991367
0.003646158,0.9702983,0.026036194,1.9316227e-05,1,51582,330632117
0.017335778,0.8956709,0.086749494,0.0002438715,1,51582,492521589
0.035565246,0.9329454,0.03146287,2.6561795e-05,1,51582,1042298188
0.4560245,0.5379216,0.0053982767,0.00065553514,1,51582,102513107
0.23050472,0.7658762,0.003582556,3.6638376e-05,1,51582,1390392947
0.015867835,0.8219652,0.16122293,0.000944027,1,51888,66230901
0.5606518,0.40582997,0.030802239,0.0027159832,1,51888,551605508
0.2576437,0.634675,0.09818131,0.00949999,1,51888,2005004938
0.30489105,0.6908219,0.0041178297,0.0001692032,1,51888,933017897
0.42228767,0.5448638,0.026350003,0.0064985026,1,51888,1724306410
3.2702927e-05,0.00806945,0.9757985,0.016099378,2,51921,542282040
0.0005395866,0.0012375076,0.38319835,0.61502457,2,51921,1578152398
2.766966e-05,8.061862e-05,0.24853012,0.7513616,2,51921,780860894
8.299822e-06,0.00046931015,0.9453152,0.05420718,2,51921,1868397328
0.0006976912,0.7614085,0.23786648,2.7286733e-05,2,52054,632354556
0.0005594907,0.79824615,0.20115916,3.5201843e-05,2,52054,1265831668
0.00019857743,0.5042586,0.4954517,9.115699e-05,2,52054,812626202
0.00028491698,0.71243966,0.287253,2.2431765e-05,2,52054,1611455685
0.09248403,0.8826581,0.024677668,0.00018017438,2,52110,166921148
0.024042683,0.86318845,0.11140832,0.0013605488,2,52110,1827949177
0.12243727,0.73169607,0.14080805,0.005058597,2,52110,1044205645
0.01639268,0.9605742,0.022957988,7.5083335e-05,2,52110,1772175426
0.23060532,0.6726314,0.095602706,0.0011605695,1,52204,1356906117
0.24574238,0.52684957,0.21983825,0.007569837,1,52204,1595965072
0.001976279,0.14637077,0.8462733,0.0053795734,1,52204,1286798279
0.112157255,0.5640042,0.3190787,0.00475982,1,52204,1558142909
5.3533742e-05,0.00029077867,0.12647407,0.87318176,3,52327,49479916
4.8521204e-05,0.00066738704,0.27165332,0.72763073,3,52327,2019571336
4.981495e-05,0.0012896977,0.48720342,0.5114571,3,52327,336597994
0.0001109059,0.00033467406,0.14653221,0.8530223,3,52327,1266936818
0.5142407,0.48391733,0.0015397324,0.0003022726,1,52395,1275580181
0.82022136,0.17938186,0.00019390628,0.00020286697,1,52395,2050576617
0.4979643,0.50141263,0.00042739022,0.00019569768,1,52395,686456002
0.50884116,0.4902211,0.0008580792,7.96646e-05,1,52395,1460465821
5.075151e-05,0.011632031,0.8820069,0.10631029,1,52569,160497604
0.00044047984,0.19996871,0.77871084,0.020879993,1,52569,1090253267
1.5646425e-05,0.30072907,0.6991535,0.00010176464,1,52569,1565693389
3.416134e-05,0.059161615,0.9397377,0.0010665667,1,52569,1795439668
6.382817e-05,0.05013162,0.9481943,0.001610197,2,526,1570301663
0.00022815737,0.45332995,0.5460337,0.00040829412,2,526,1990021306
8.015627e-05,0.61686367,0.38298997,6.626253e-05,2,526,618047602
5.409686e-07,0.28415197,0.7158364,1.1104608e-05,2,526,978068785
2.1205706e-05,0.21163243,0.78834164,4.6875275e-06,2,52602,631431506
6.228159e-06,0.13656238,0.8634175,1.3811449e-05,2,52602,2073630559
2.8406408e-05,0.14231654,0.8576316,2.3466653e-05,2,52602,11625129
0.002020233,0.43522435,0.562633,0.00012239955,2,52602,1436800091
8.248052e-06,0.3069415,0.6930474,2.8124043e-06,2,52602,2138201888
0.013718079,0.94567543,0.040595394,1.1116958e-05,2,5275,1060786293
0.0028156224,0.8923376,0.10479727,4.9500894e-05,2,5275,1575759769
0.011588532,0.91426617,0.073995814,0.00014938548,2,5275,163712089
0.0008552243,0.76011646,0.23881292,0.00021536065,2,5275,1392485816
0.0001774675,0.32619464,0.6735008,0.00012709643,2,5275,1557043883
0.00047757933,0.72329605,0.27614945,7.692385e-05,2,5275,1689473813
0.83473676,0.16424932,0.0007034932,0.00031038673,1,52805,180456227
0.8706282,0.12617466,0.0016879651,0.0015091364,1,52805,991826226
0.9544356,0.045208815,0.00019496867,0.00016059603,1,52805,1424265937
0.8734177,0.12472575,0.00097233243,0.00088423624,1,52805,450794974
0.8767875,0.122031204,0.00047243634,0.0007089182,1,52805,610398635
0.9673428,0.032267306,0.00012679322,0.0002630137,1,52805,1475531444
4.3721222e-05,0.7023422,0.29760733,6.7667916e-06,2,52965,504091603
0.00044305628,0.4823669,0.5171736,1.6512591e-05,2,52965,1526826874
0.001031662,0.78599346,0.21291041,6.4481086e-05,2,52965,1282102075
0.016576683,0.7532895,0.22987705,0.0002567382,2,52965,1442282120
0.041018337,0.8229577,0.1355655,0.0004584695,1,53037,35238999
0.00024940513,0.47253272,0.5266289,0.0005889384,1,53037,1264741887
0.006091511,0.621479,0.36974022,0.0026893273,1,53037,1835861506
0.08251491,0.9005534,0.016615612,0.0003160626,1,53037,125508889
0.027939757,0.8682289,0.10345379,0.00037762005,1,53037,749856585
0.0068760132,0.6705646,0.3219076,0.0006517766,2,53076,496152989
1.8525718e-05,0.17327563,0.8266276,7.81998e-05,2,53076,1760643962
0.06251347,0.37491488,0.49608254,0.06648908,2,53076,2067837446
2.7117476e-06,0.07561363,0.92435557,2.8037106e-05,2,53076,1506436408
0.003667244,0.13600148,0.856554,0.0037773452,2,53076,2139509365
0.610942,0.3873731,0.0016209121,6.396788e-05,1,53098,541722404
0.61968744,0.37355882,0.0056168134,0.0011368957,1,53098,1489090796
0.5761469,0.38886216,0.029370504,0.005620463,1,53098,365314161
0.34428233,0.64455205,0.010894714,0.00027090378,1,53098,1378859942
0.34428233,0.64455205,0.010894714,0.00027090378,1,53098,1578358172
7.329868e-05,0.09824295,0.90096444,0.00071938813,2,53115,147232633
0.00022697858,0.30277857,0.69637275,0.00062170933,2,53115,892587620
0.0001465244,0.25068247,0.74903387,0.00013714102,2,53115,1903183388
0.00020360907,0.021099789,0.8003562,0.1783404,2,53115,252882987
8.733689e-05,0.025414577,0.9724644,0.0020338122,2,53115,1471445488
2.6023976e-05,0.047179114,0.95234704,0.00044782725,2,53132,768557566
3.9244613e-05,0.030870594,0.96754986,0.0015402847,2,53132,1306525928
1.8001013e-07,0.027927907,0.9720544,1.7434622e-05,2,53132,58984109
8.617038e-05,0.1266172,0.8728481,0.00044855656,2,53132,715640364
0.00019589931,0.2717321,0.72784704,0.00022496344,2,53407,766154436
1.9074565e-05,0.45194083,0.5480176,2.2426939e-05,2,53407,1177968581
0.0005460957,0.36662206,0.6327235,0.00010835793,2,53407,796035584
3.3711633e-06,0.4791762,0.5208169,3.550726e-06,2,53407,1828755227
0.000200392,0.0008414175,0.08087441,0.9180838,2,53422,646504957
5.492398e-05,0.0002784502,0.15178476,0.84788185,2,53422,1596725877
2.220555e-05,0.00019461205,0.08560305,0.9141801,2,53422,1031491623
0.00019129702,0.00035830584,0.045851145,0.9535993,2,53422,1655321019
4.4108805e-05,0.00013805096,0.06433805,0.93547976,2,53422,1756701915
4.8156504e-05,0.0021808816,0.21446088,0.7833102,3,53470,367022075
0.00068790757,0.015469311,0.68808967,0.29575312,3,53470,1563682938
2.8106026e-05,0.002420263,0.70713556,0.29041606,3,53470,829650969
7.2019306e-05,0.0001762392,0.020827003,0.97892475,3,53470,1663571485
1.001678e-05,4.435783e-05,0.0038853984,0.9960602,3,53470,1837610159
0.00085090933,0.37730256,0.62129956,0.00054691435,2,53504,94276721
0.00012524931,0.44556823,0.55421644,9.0043766e-05,2,53504,1384766927
0.0002230523,0.2712548,0.72842324,9.8835946e-05,2,53504,360022859
0.00043519298,0.16119501,0.83708125,0.0012885849,2,53504,386371370
3.338512e-06,0.09901913,0.9009742,3.2780506e-06,2,53504,1253044845
0.00035496417,0.13041319,0.8572474,0.011984367,2,53715,157131570
0.00017500212,0.10454625,0.8900943,0.0051845037,2,53715,1762965244
0.0001668921,0.24517779,0.7542661,0.0003892099,2,53715,835461992
2.348903e-05,0.3008866,0.6990682,2.1690637e-05,2,53715,1030045768
0.00014468169,0.0020472475,0.34908867,0.6487194,2,5374,23230570
0.000142814,0.008023939,0.9134362,0.07839701,2,5374,1432368419
2.6658765e-05,0.0014087023,0.8397972,0.15876752,2,5374,207960631
1.7781941e-06,0.0011217112,0.97009486,0.028781744,2,5374,1490173839
1.0932768e-06,0.4328545,0.56714404,3.4875046e-07,1,53852,220998651
2.7941296e-05,0.45576513,0.5440823,0.00012462412,1,53852,800544231
0.00023962121,0.16291387,0.83654815,0.00029833033,1,53852,1921735263
0.00037871697,0.75451845,0.24508256,2.0255111e-05,1,53852,29403298
0.022742132,0.63135266,0.34300628,0.002898876,1,53852,539098281
0.001712359,0.9480335,0.05024585,8.274112e-06,1,53890,775599145
0.007777509,0.8990388,0.09312606,5.760732e-05,1,53890,1274360944
0.02459862,0.8618676,0.112865105,0.00066869013,1,53890,1468946431
0.0019089234,0.8337199,0.1643388,3.2383647e-05,1,53890,111266080
0.0021038612,0.8128419,0.1849306,0.00012360809,1,53890,1023583630
0.0072830175,0.84448636,0.1479081,0.00032257175,1,53890,1249367543
0.00034923558,0.58369136,0.4154504,0.00050907943,1,53914,323390209
0.00017207678,0.4771205,0.5221058,0.00060157623,1,53914,1485999469
0.00027747868,0.52666825,0.4729718,8.252658e-05,1,53914,1861106378
0.00095793494,0.5945325,0.40352994,0.0009796104,1,53914,239791638
0.00010418104,0.37432632,0.62436396,0.0012055244,1,53914,1322150089
0.0027756023,0.4103363,0.58532935,0.001558826,1,53914,1366126104
0.0004361532,0.038284406,0.87137985,0.08989962,3,53920,1053758504
0.0010320052,0.16477571,0.815522,0.018670324,3,53920,1821887404
0.0002995059,0.007172511,0.5159603,0.47656772,3,53920,1914244344
0.00019461481,0.011909345,0.6480319,0.3398642,3,53920,1149113033
0.00026056482,0.014340901,0.44154018,0.54385835,3,53920,1887875341
0.0005360522,0.021757456,0.7941495,0.18355694,3,53920,2064344831
0.0031162794,0.8719351,0.12493298,1.5589534e-05,2,54009,217777843
0.008170769,0.95831954,0.033422567,8.7180284e-05,2,54009,545810030
0.0007497156,0.32912514,0.6700016,0.0001235303,2,54009,17131061
0.043509834,0.89498895,0.060936924,0.0005642743,2,54009,688632165
0.0024548587,0.79494244,0.20259267,1.0031351e-05,1,54052,123132135
0.024860533,0.9549058,0.020190202,4.347973e-05,1,54052,881547173
0.00070483633,0.960659,0.03863154,4.5323623e-06,1,54052,418249095
0.01917472,0.9442945,0.03647417,5.6659253e-05,1,54052,953148041
0.004069215,0.9461548,0.049757257,1.8887196e-05,1,54052,1413428512
0.010099842,0.04968237,0.8067038,0.13351403,2,54082,521214599
0.0019596587,0.0029978645,0.19407956,0.8009629,2,54082,1870904223
1.979973e-05,0.3519161,0.6480416,2.2486971e-05,2,54082,941988480
0.0103740245,0.69134444,0.29189202,0.0063895565,2,54082,1124010986
0.024268644,0.9417791,0.033821117,0.00013117297,1,5415,1663736972
0.009444608,0.87817264,0.11208087,0.00030186475,1,5415,1802761162
0.008287749,0.86814535,0.12326517,0.00030179444,1,5415,81571228
0.001963941,0.82520604,0.17267254,0.00015745134,1,5415,1329859881
0.0012500209,0.89195067,0.106781,1.8339964e-05,1,5415,1575339164
0.00029541473,0.3863895,0.612048,0.0012671,2,54165,334806544
0.002736628,0.68033004,0.3163977,0.0005356857,2,54165,1435328125
3.2156957e-05,0.054891627,0.9437478,0.0013284453,2,54165,46355472
3.5456713e-05,0.020746415,0.9735197,0.0056983694,2,54165,1447877777
0.0026110914,0.2095902,0.7869879,0.00081080646,2,54165,1490351078
0.00036845228,0.011902374,0.86141294,0.12631628,2,54397,710680984
6.292275e-05,0.0018954695,0.56403595,0.4340056,2,54397,1875993007
2.4819708e-05,0.00014390166,0.198638,0.80119324,2,54397,893417744
0.0010609583,0.006791153,0.6519177,0.3402302,2,54397,1186334284
4.5718723e-05,0.0002787212,0.264602,0.73507357,2,54397,2137610634
0.47635368,0.5204507,0.0029838225,0.00021174618,0,5449,857145558
0.80835664,0.18903232,0.0016967456,0.0009142796,0,5449,945423304
0.4639776,0.52565074,0.00983929,0.0005323645,0,5449,223708738
0.7755586,0.2240994,0.0002944973,4.750752e-05,0,5449,1802788492
0.00016888253,0.35544118,0.64387065,0.00051930064,1,54511,1077611828
7.3185445e-05,0.35310814,0.646755,6.3734995e-05,1,54511,1940417598
0.0036262246,0.6241464,0.3706047,0.0016226723,1,54511,486677805
0.0074731214,0.5600839,0.43072557,0.0017173915,1,54511,1600649846
0.10738516,0.8887998,0.0037976932,1.7328744e-05,1,54575,1347764706
0.4587305,0.5354663,0.0054188175,0.000384371,1,54575,1701002627
0.32554638,0.6711284,0.0031825544,0.00014269543,1,54575,332282652
0.10540173,0.88934755,0.0052017285,4.8951606e-05,1,54575,784747941
0.016243655,0.8618713,0.12165416,0.00023089253,1,54748,815151014
0.025618464,0.9237321,0.05056109,8.836549e-05,1,54748,1013382358
0.007720983,0.9448437,0.04735445,8.0894635e-05,1,54748,1595848442
0.007089759,0.9272279,0.06560363,7.8738514e-05,1,54748,921250296
0.0032461374,0.83520746,0.16149351,5.293067e-05,1,54748,2035568810
2.185011e-05,0.16881016,0.8311574,1.0568853e-05,2,54816,458427195
3.9496364e-05,0.027593056,0.97154814,0.0008193377,2,54816,964512343
6.3790035e-06,0.016052628,0.9831322,0.00080886285,2,54816,435197796
1.0748625e-05,0.055899363,0.94405466,3.5168745e-05,2,54816,1434814136
3.6871264e-05,0.106319994,0.8933325,0.00031072902,2,54816,1770069930
0.38629144,0.6023275,0.009859197,0.0015217611,1,54868,1391652103
0.3671145,0.62925065,0.0031693527,0.00046544836,1,54868,1960725744
0.5937641,0.4052608,0.00084304216,0.00013208631,1,54868,678940037
0.6413975,0.3559842,0.0020964881,0.00052183523,1,54868,1852083466
0.0014279535,0.30859432,0.6873854,0.0025923387,1,54872,493851865
0.022448562,0.9268629,0.050501123,0.00018739131,1,54872,967113952
0.0056554996,0.14997905,0.78951013,0.054855358,1,54872,1629913290
6.513425e-05,0.03851921,0.95669514,0.0047205132,1,54872,32897642
6.2076906e-05,0.16553527,0.8337969,0.00060568535,1,54872,646871782
9.251536e-06,0.23368293,0.76616967,0.00013821204,1,54872,703997156
0.0016471358,0.53739625,0.45994177,0.0010147952,2,54898,310752319
0.00065919966,0.7324113,0.26691377,1.5672236e-05,2,54898,1174283248
0.004623559,0.6878474,0.30728906,0.0002400081,2,54898,980308729
0.00017562156,0.7438556,0.25593382,3.490253e-05,2,54898,1916135217
0.00026062736,0.74626434,0.25346,1.5056022e-05,2,54898,2030907103
0.0029354442,0.6355616,0.3600175,0.0014854757,1,54930,378870160
0.00020191228,0.7842175,0.21557057,1.0133009e-05,1,54930,1291684717
0.001410929,0.7879083,0.21056177,0.00011898137,1,54930,1314799188
2.8305027e-05,0.86451554,0.13545473,1.4619219e-06,1,54930,1501829050
0.00016118988,0.541964,0.45786378,1.1000316e-05,2,54931,931809721
1.8764425e-05,0.12356706,0.8764012,1.2922393e-05,2,54931,1359041408
0.0008100319,0.35284588,0.64623797,0.00010608994,2,54931,250868745
4.2477086e-06,0.03282064,0.96708953,8.556848e-05,2,54931,1272716552
0.0011310172,0.24652646,0.7521496,0.0001929221,2,54931,1911769747
0.027344508,0.87808615,0.09431044,0.0002589213,1,55002,922533776
0.3200842,0.6701176,0.0093571395,0.00044102117,1,55002,1146811927
0.024753463,0.85308486,0.121772856,0.00038873815,1,55002,1689107965
0.04441763,0.9172272,0.0380106,0.00034449264,1,55002,100561005
0.0051855445,0.678644,0.3152973,0.0008731813,1,55002,702907989
0.009842617,0.8576651,0.13240379,8.855251e-05,1,55002,957828394
0.021979151,0.92688656,0.050934393,0.00019986466,1,55002,1122354139
0.004342287,0.5159722,0.47866493,0.0010205547,2,55013,434222438
0.0015112524,0.6609736,0.33661038,0.0009047927,2,55013,635714633
0.00042876214,0.65229887,0.3471669,0.00010547502,2,55013,971534367
0.009492902,0.68788403,0.30208865,0.00053450564,2,55013,1138603227
0.00075528416,0.553943,0.44505858,0.0002431393,2,55013,1947938552
0.0016189535,0.5757355,0.42256275,8.277579e-05,2,55013,131314582
0.0054185884,0.8020479,0.19243264,0.000100911806,2,55013,449803705
0.0006072499,0.40989262,0.5894361,6.403994e-05,2,55013,1958519903
0.00084439147,0.46156344,0.53742754,0.00016459214,2,55013,2141064123
0.87406164,0.12558715,0.00025866265,9.264819e-05,0,55120,7199158
0.6421769,0.3563573,0.0012291147,0.00023662666,0,55120,622643338
0.5489529,0.45006254,0.0008983716,8.617959e-05,0,55120,1239837043
0.9232243,0.07637203,0.0003193931,8.425949e-05,0,55120,1780204050
6.371738e-05,0.07033507,0.91672575,0.012875434,2,55132,1602220387
0.00019762656,0.010156775,0.5868634,0.4027822,2,55132,2040654498
9.392734e-05,0.010126915,0.90341544,0.08636373,2,55132,1367458184
0.00038962174,0.040031705,0.9020138,0.057564978,2,55132,1876119531
0.65931416,0.33540106,0.0043676863,0.0009170609,0,55184,1113648252
0.7133207,0.2854353,0.00084445643,0.00039960365,0,55184,1364701958
0.65703195,0.33592844,0.0066130757,0.00042659207,0,55184,266279018
0.26964545,0.6870158,0.026067972,0.017270906,0,55184,1210481967
0.0047289683,0.88260967,0.1125214,0.00013999187,1,55191,62398555
0.004397361,0.8215772,0.17379703,0.0002284079,1,55191,220538113
0.0022944063,0.8070182,0.19064161,4.5813154e-05,1,55191,1256101171
0.013976201,0.68172187,0.3038312,0.00047069314,1,55191,192191560
0.015548669,0.80891967,0.17529377,0.00023792207,1,55191,747739903
0.005486826,0.8134786,0.1809091,0.00012551119,1,55191,1559734963
0.13589345,0.7704276,0.09322449,0.00045447572,1,55191,1961677263
0.84201497,0.15756686,0.00027907392,0.00013912538,1,55263,955186928
0.9007296,0.09858138,0.0003290097,0.00035999293,1,55263,1044600079
0.5707154,0.42731366,0.0018393741,0.0001314964,1,55263,260007321
0.8582448,0.14088568,0.0006001553,0.0002694419,1,55263,2061049150
0.1282154,0.86515707,0.0066090277,1.8426157e-05,1,55325,1040384880
0.066021495,0.89071673,0.04309967,0.00016210321,1,55325,1215477935
0.27467886,0.6834373,0.04027174,0.00161205,1,55325,1148009299
0.29282078,0.7036842,0.0034715582,2.351169e-05,1,55325,1970419577
0.00022326244,0.00059473835,0.15073574,0.8484463,2,55361,676450611
0.0026250884,0.22039114,0.7579042,0.019079538,2,55361,1280856614
4.8478538e-05,6.514045e-05,0.028127559,0.97175884,2,55361,1119780705
6.909097e-05,0.0006905432,0.10022881,0.8990116,2,55361,1159495900
0.4276689,0.565568,0.0063748234,0.00038830139,1,55538,10619420
0.1963947,0.7845183,0.018793905,0.00029307662,1,55538,630872211
0.08287602,0.8840372,0.032616895,0.00046988373,1,55538,769598622
0.34935108,0.642031,0.0076519256,0.000965937,1,55538,1185713542
0.0003831788,0.28353047,0.7151828,0.0009035564,1,55602,2645567
6.802643e-05,0.09041006,0.9020896,0.0074322526,1,55602,1129654680
0.000111117595,0.52178305,0.4780775,2.8279226e-05,1,55602,2069515428
2.4139512e-05,0.22411016,0.77569854,0.00016718869,1,55602,844521692
1.4050431e-05,0.086073115,0.9125582,0.0013546243,1,55602,1348449037
6.8451045e-05,0.016071431,0.8934454,0.09041469,1,55602,2102974829
1.230978e-05,0.059546977,0.9403005,0.00014022051,2,55822,127848813
1.8398543e-05,0.20501573,0.7949524,1.3501017e-05,2,55822,1514566268
1.9888543e-05,0.11817874,0.88175094,5.0483e-05,2,55822,430666
0.0010446644,0.36007735,0.6369706,0.0019074157,2,55822,1905286797
0.951789,0.048189092,1.14417935e-05,1.0358756e-05,1,55837,282471894
0.9121306,0.08697576,0.00028768476,0.0006059477,1,55837,1334778106
0.8474957,0.1523682,0.00010720818,2.8895694e-05,1,55837,311881529
0.6797428,0.31628135,0.0037387763,0.00023704907,1,55837,1172933426
0.0029330342,0.05961458,0.6317309,0.30572152,2,55898,1053530035
0.00017727437,0.15939099,0.83998275,0.00044900828,2,55898,1121898241
2.0612379e-05,0.011810838,0.98797333,0.00019519139,2,55898,1219026770
0.00016050339,0.09860806,0.90088356,0.0003478287,2,55898,938227703
1.1400531e-05,0.04382654,0.9561147,4.7400757e-05,2,55898,1401085164
6.248067e-05,0.05873315,0.94015443,0.0010499774,2,55898,1545815360
2.0955356e-05,0.00025768462,0.30142647,0.6982948,2,56034,568993446
2.7009852e-05,0.005413546,0.9147116,0.07984775,2,56034,1099777037
5.7366353e-05,0.0021496718,0.8267431,0.17104983,2,56034,2081086772
2.4060268e-05,0.0007189399,0.48563144,0.51362556,2,56034,93382884
4.5346032e-06,0.0007435285,0.94244516,0.05680683,2,56034,222617019
3.825353e-06,0.0009820344,0.94728583,0.051728263,2,56034,255922607
1.8014265e-05,0.14848399,0.8514051,9.296916e-05,2,56077,468804346
3.6241956e-05,0.4220127,0.57794213,9.002687e-06,2,56077,1593800072
0.0003462384,0.5074553,0.49213117,6.7336296e-05,2,56077,632322161
0.0008413003,0.41010052,0.5888267,0.00023150082,2,56077,1999664656
4.8270595e-05,0.30221978,0.69771475,1.7246442e-05,2,56077,2135843395
0.6140132,0.38260463,0.00302176,0.00036039666,1,56094,173417261
0.6320741,0.3633157,0.0044231126,0.0001870726,1,56094,1147013362
0.027559545,0.9203293,0.05207617,3.5016637e-05,1,56094,1026453349
0.31586286,0.63935876,0.043786813,0.0009915902,1,56094,2124377509
0.8947957,0.10466697,0.00027461367,0.00026275738,1,56100,105423190
0.92197084,0.07725499,0.00043026134,0.00034384258,1,56100,2123185983
0.9220189,0.07721698,0.00036728664,0.00039679496,1,56100,2124025779
0.42864,0.56522965,0.00594072,0.000189692,1,56100,1190628
0.8654891,0.13359874,0.0005621496,0.00034997144,1,56100,144004687
0.8608253,0.13316546,0.003700695,0.0023085822,0,56103,66311621
0.7592717,0.23596688,0.0035620027,0.0011994144,0,56103,82838680
0.9722881,0.027251141,0.00015636742,0.00030438832,0,56103,1193185597
0.93081725,0.06711632,0.00080623187,0.0012601698,0,56103,1346654397
0.9136257,0.08307934,0.0014391983,0.0018557733,0,56103,1886833513
0.0007908447,0.01749131,0.45682964,0.5248882,2,56107,179219986
0.0014179499,0.021802591,0.4370266,0.53975284,2,56107,2018146296
0.00020146687,0.0053696125,0.39398977,0.60043913,2,56107,1193923143
0.00045507003,0.00463646,0.20887136,0.78603715,2,56107,1535406528
4.2489293e-05,0.0024102642,0.8495944,0.14795277,2,56153,811848718
1.6820482e-05,0.0009460999,0.8755149,0.123522125,2,56153,1527097949
1.8769984e-05,0.00012029223,0.25854775,0.74131316,2,56153,2016898118
1.53493e-05,0.0010683632,0.8114679,0.18744831,2,56153,288056200
7.895031e-05,0.0010716479,0.6985531,0.30029634,2,56153,1461556626
0.9341743,0.06559454,0.00012441807,0.00010669164,0,56235,1304192010
0.88203937,0.07391973,0.0026397815,0.04140107,0,56235,2052284610
0.9877143,0.012199622,1.5306106e-05,7.081124e-05,0,56235,463030585
0.99176484,0.008185892,1.7684897e-05,3.1471885e-05,0,56235,596748437
0.95146626,0.048463114,4.4256994e-05,2.6403932e-05,0,56235,1013041885
0.0060493527,0.7890428,0.20443067,0.0004772052,1,56262,1017924254
0.000982641,0.31550133,0.67050993,0.013006085,1,56262,1083134030
0.03794967,0.8299008,0.13177064,0.00037892725,1,56262,1976688597
0.0025154147,0.9068141,0.09065404,1.6476713e-05,1,56262,703793417
0.0050027496,0.8154652,0.17949428,3.777502e-05,1,56262,1391622519
0.102767296,0.58117765,0.24064344,0.07541158,1,56311,1216718171
0.28316966,0.70657146,0.009667091,0.0005918101,1,56311,2113593457
0.056532964,0.6776105,0.2334431,0.032413412,1,56311,873228459
0.035182625,0.90069735,0.063447684,0.0006723627,1,56311,1863704935
6.824658e-06,0.014444753,0.98499113,0.0005572542,2,56425,811154538
1.3484463e-05,0.021020051,0.97789454,0.0010718991,2,56425,2038027667
6.914963e-06,0.008665052,0.9891234,0.0022046133,2,56425,339123188
7.889906e-07,0.007765692,0.9921893,4.4214194e-05,2,56425,474117672
0.3572917,0.6345462,0.007360731,0.00080139714,1,56434,72895575
0.3176479,0.6367243,0.043851126,0.0017767305,1,56434,1931683590
0.4065733,0.59019864,0.0031781248,4.998023e-05,1,56434,212470959
0.33932686,0.6568512,0.0037446811,7.730781e-05,1,56434,1756551356
4.4009907e-06,0.008041426,0.9916203,0.00033384367,2,56526,912729699
0.00013477117,0.043644026,0.9462652,0.009956014,2,56526,1451806254
9.873562e-05,0.038415696,0.95937085,0.0021148187,2,56526,436969798
6.388671e-06,0.010844104,0.98846465,0.0006849333,2,56526,1875452591
0.013651539,0.63393354,0.3506807,0.0017342177,1,56561,530372146
0.050148625,0.78560567,0.16290699,0.0013386708,1,56561,708516535
0.67391825,0.3232241,0.0023107477,0.0005468948,1,56561,868503262
0.018475037,0.6346281,0.34219843,0.004698438,1,56561,1808831850
0.33610907,0.6587256,0.0050574006,0.000107886066,1,56561,274632554
0.39332473,0.5948911,0.011415505,0.00036872056,1,56561,2055698198
0.42793745,0.56590736,0.006048212,0.000107022875,1,56561,2143964778
6.839582e-05,0.31713077,0.6827754,2.5430809e-05,2,56564,443242450
0.00019245087,0.192988,0.805838,0.0009816263,2,56564,679184119
4.6810776e-05,0.11876864,0.88097185,0.00021262352,2,56564,508000330
3.3173792e-06,0.096380785,0.9036102,5.6024383e-06,2,56564,1651764225
8.198024e-08,0.015027178,0.98495865,1.4107956e-05,2,56610,479371559
0.0019735077,0.027140029,0.6318966,0.33898982,2,56610,602488131
0.0005865569,0.015985852,0.6517343,0.33169323,2,56610,577558513
0.00010279089,0.008796314,0.9033022,0.0877986,2,56610,1904590423
6.833033e-05,0.0002498681,0.22550988,0.77417195,2,56657,808390735
1.1609524e-05,0.001101313,0.943815,0.055072077,2,56657,1888054392
2.3057515e-05,0.00026130167,0.32739726,0.6723184,2,56657,441680807
3.2435596e-06,0.0008743229,0.99398005,0.0051424312,2,56657,639676471
0.24262895,0.7491153,0.008135897,0.00011987518,1,56761,300225852
0.7972206,0.20074904,0.0013355382,0.0006947777,1,56761,1628548011
0.41157958,0.5851851,0.0032235144,1.1773175e-05,1,56761,1764985470
0.8777203,0.12198092,0.00019146634,0.00010733827,1,56761,113041921
0.84263456,0.15573454,0.0012527605,0.00037812782,1,56761,494771006
0.40264857,0.59400266,0.0033290214,1.972277e-05,1,56761,893134865
0.0048554316,0.68883854,0.30613652,0.00016960452,2,56813,64750598
9.292305e-05,0.30392408,0.6959159,6.715247e-05,2,56813,1366895593
0.00016348866,0.27775204,0.7219663,0.00011813936,2,56813,1923655631
0.00025053558,0.33786395,0.66166955,0.000216024,2,56813,1566969949
0.0028904644,0.69610786,0.30080938,0.00019224515,2,56813,1994289970
0.000359822,0.3967144,0.6015714,0.0013543651,2,56882,480059402
0.00012242167,0.14650212,0.8527629,0.0006125704,2,56882,1339006966
0.00020510782,0.17923279,0.8201071,0.00045497,2,56882,567529801
0.0006792199,0.35473785,0.6411898,0.0033931795,2,56882,721823054
0.00087114197,0.0046787006,0.0532088,0.9412413,3,56945,156888761
6.762176e-05,0.00062841136,0.018124796,0.9811792,3,56945,1689695018
0.0042250515,0.014224534,0.073984504,0.9075659,3,56945,884730392
0.001303147,0.006641582,0.063439995,0.9286153,3,56945,1049668757
0.0007944604,0.62737775,0.3717694,5.8369274e-05,1,57185,636015871
0.001024094,0.7498397,0.24902824,0.000107930784,1,57185,1212566829
0.001264607,0.8992091,0.09951972,6.6124144e-06,1,57185,173569762
0.00027479653,0.9893545,0.010369967,7.0799683e-07,1,57185,1129124634
0.20792869,0.78427964,0.007697725,9.393967e-05,1,57205,211342788
0.5606669,0.42370233,0.0136954505,0.0019353395,1,57205,1347533979
0.36933953,0.6193875,0.011038691,0.00023426856,1,57205,1530722187
0.01877868,0.9207121,0.060431547,7.7698714e-05,1,57205,24452632
0.1439258,0.83384466,0.022029227,0.00020028507,1,57205,629036476
6.270842e-05,0.007970578,0.94865143,0.043315243,2,57207,560548919
0.03172613,0.19255309,0.51889914,0.2568216,2,57207,1629188534
0.0049604154,0.2213177,0.6741959,0.09952602,2,57207,162776042
0.00032781158,0.045829672,0.9204385,0.033403993,2,57207,1427879951
0.0003279542,0.2915094,0.7077954,0.00036733755,2,57216,489609050
8.830157e-06,0.41748524,0.5825038,2.1060089e-06,2,57216,852231030
9.685558e-05,0.20440167,0.7953747,0.00012666489,2,57216,1322452138
9.366684e-05,0.12471838,0.87498564,0.00020231688,2,57216,1498972223
0.13200808,0.8335118,0.033952553,0.00052753213,1,57359,34123431
0.21096441,0.7782703,0.010361599,0.00040366984,1,57359,657720034
0.11255872,0.8275546,0.059094694,0.00079201756,1,57359,100479844
0.04732411,0.9169072,0.03540975,0.00035889962,1,57359,178004095
0.002431626,0.79130954,0.20345616,0.0028026586,1,57364,53395711
0.006011415,0.7703246,0.22308956,0.00057449046,1,57364,1834246883
0.03631629,0.6012862,0.3488684,0.013529101,1,57364,1139492314
0.0010497527,0.7644761,0.23423345,0.00024067525,1,57364,2144707732
0.76313645,0.23564154,0.001141534,8.049211e-05,0,57415,246544920
0.53005683,0.4603667,0.00910439,0.0004720798,0,57415,595041587
0.5210134,0.47034556,0.007989941,0.00065112475,0,57415,1128967170
0.6524175,0.34675366,0.00073751755,9.12897e-05,0,57415,1219866189
0.8854941,0.1142039,0.00021396374,8.8026536e-05,0,57415,1501391055
0.953803,0.045835864,0.00024281647,0.00011822773,0,57415,2142344571
6.712103e-05,0.43181163,0.5680187,0.00010253697,2,57440,341832010
0.00021573568,0.20343249,0.79624003,0.0001116757,2,57440,1707490564
2.1807455e-05,0.073910326,0.92495596,0.0011119077,2,57440,1470203682
1.0417505e-06,0.031649694,0.96831065,3.863637e-05,2,57440,1561105953
4.6329846e-05,0.08843428,0.910881,0.00063843763,2,57440,1885318050
0.88243276,0.11490474,0.0010406243,0.0016218964,1,57468,118621619
0.97781974,0.021979628,7.723676e-05,0.00012334598,1,57468,770890034
0.8610375,0.13828768,0.0005671935,0.00010755191,1,57468,803243812
0.7273232,0.25446802,0.010202079,0.008006767,1,57468,977545628
0.90632004,0.089869425,0.0016834318,0.0021271582,1,57468,1764968386
0.870062,0.12367941,0.0027458617,0.0035126803,1,57468,1779526272
0.79772455,0.19914268,0.0021794166,0.00095335586,1,57468,107213666
0.64522094,0.33721864,0.011211584,0.0063488935,1,57468,698508408
0.6405751,0.34919566,0.007003189,0.0032260187,1,57468,822003629
0.93597454,0.06366797,0.00024855018,0.00010896215,1,57468,1263889058
0.8135861,0.18567735,0.0006211371,0.000115484996,1,57468,1720372073
0.898397,0.100525685,0.00060919416,0.0004681307,1,57468,1762365646
0.004910761,0.17509082,0.58198977,0.23800868,2,57575,228152266
8.3542735e-05,0.03883329,0.9007739,0.06030932,2,57575,232679155
0.00013333635,0.081597015,0.85358703,0.064682685,2,57575,1876296585
0.1054396,0.81867915,0.07397809,0.0019031654,2,57575,70404382
0.00032006617,0.238213,0.7539565,0.0075104856,2,57575,1213811122
0.014696142,0.8170852,0.16772008,0.00049847626,2,57575,1957151540
0.00015763937,0.0101515185,0.8955899,0.09410088,2,57658,1548004196
0.0007068329,0.012147898,0.77225363,0.21489161,2,57658,1620041933
0.0010455082,0.010454553,0.6506702,0.33782977,2,57658,2071877289
2.8977247e-05,0.025657356,0.97189415,0.0024194699,2,57658,1388129956
3.7000627e-05,0.03114258,0.96711403,0.0017063097,2,57658,1795341598
2.5380104e-06,0.0061896457,0.99305624,0.00075160956,2,57658,2111659699
0.0020856317,0.09749729,0.8711201,0.02929694,2,5766,229909611
7.773801e-05,0.0479181,0.9490696,0.002934559,2,5766,1319131899
9.080628e-05,0.059486087,0.93598056,0.004442459,2,5766,648982229
0.00010286742,0.08172669,0.9170814,0.0010889857,2,5766,753833223
0.070469216,0.8882829,0.04104735,0.00020060933,1,57759,295904884
0.0069631464,0.961032,0.031965017,3.9813363e-05,1,57759,351101442
0.42744046,0.5625123,0.008022789,0.002024487,1,57759,627141049
0.0023799124,0.97789645,0.01971801,5.599583e-06,1,57759,768537854
0.00016892896,0.73284537,0.26695302,3.2666772e-05,1,57759,1550473763
2.0916737e-05,0.004443346,0.9552414,0.04029431,2,57760,1668378967
6.220395e-05,0.03806197,0.9552091,0.0066667423,2,57760,1927224103
6.275019e-05,0.0014431496,0.44248348,0.5560106,2,57760,308217886
0.00011467441,0.010398708,0.85305643,0.13643019,2,57760,1426647729
1.4350634e-05,0.14431483,0.8556372,3.3638986e-05,1,57790,695639265
2.6214335e-05,0.2791573,0.7208136,2.9286418e-06,1,57790,1725582510
0.00094472495,0.7008261,0.29797643,0.00025273566,1,57790,943405970
0.00035240393,0.48879692,0.51072186,0.00012878187,1,57790,1893007795
0.00011374094,0.22753732,0.7722124,0.00013654705,1,57879,193491211
0.0058604153,0.32525367,0.65996647,0.008919439,1,57879,1024464412
5.235391e-05,0.353068,0.6468743,5.3085005e-06,1,57879,32455981
0.013427073,0.7413084,0.24500337,0.000261127,1,57879,782731196
2.0795944e-05,0.53463674,0.46533424,8.182125e-06,0,57907,689581028
0.00076914293,0.81969535,0.17937243,0.00016304509,0,57907,1028910355
9.8562334e-05,0.83786416,0.1620349,2.3834064e-06,0,57907,1775054960
0.38298222,0.59473425,0.020018755,0.0022647355,0,57907,755836228
0.7343668,0.26486555,0.0007219597,4.5716737e-05,0,57907,798830164
0.67963564,0.31515524,0.0043692496,0.0008398236,0,57907,1333454732
2.5098747e-05,0.025399609,0.9699718,0.004603496,2,57967,1172976862
6.761489e-06,0.012336868,0.9872916,0.0003648792,2,57967,1481810388
4.703165e-05,0.031979118,0.9604033,0.0075705023,2,57967,1215905584
9.928316e-05,0.05883004,0.9345827,0.006487998,2,57967,1718687740
4.1889998e-05,0.0002094308,0.07601236,0.9237363,3,58036,911725940
2.4586587e-05,9.8335935e-05,0.015752073,0.984125,3,58036,1407008805
2.699371e-05,0.00010398228,0.020746766,0.9791222,3,58036,45682193
7.190484e-05,0.00024063971,0.03512764,0.96455985,3,58036,88109245
0.0012735652,0.8218197,0.17671086,0.0001958141,1,5806,556153930
0.0004015403,0.68923,0.31020322,0.00016523078,1,5806,1190808168
0.0032309594,0.79663086,0.19940223,0.00073597755,1,5806,457012074
0.004509577,0.747382,0.2477799,0.0003284926,1,5806,808978514
3.8670314e-05,0.0034555767,0.80890554,0.18760021,2,58069,135382017
1.0168257e-05,0.0075474526,0.9868869,0.005555478,2,58069,224579677
0.00042014674,0.027477838,0.91678745,0.055314645,2,58069,1607173426
1.8928476e-06,0.0036874614,0.9949858,0.0013248529,2,58069,22497500
1.3622139e-06,0.0019365691,0.99284714,0.0052149473,2,58069,919654426
1.0718289e-05,0.014426723,0.9828319,0.0027306497,2,58069,1048934956
1.2530047e-05,0.0017815585,0.36839542,0.62981045,2,58069,1311611128
0.32458493,0.63664514,0.03567162,0.0030982632,1,58070,136672975
0.40904877,0.58606744,0.004824884,5.8862046e-05,1,58070,392475752
0.1546142,0.8412994,0.0040592374,2.722805e-05,1,58070,469417598
0.59980595,0.39880198,0.0013514507,4.0628966e-05,1,58070,1581199854
0.18357457,0.7993678,0.01695675,0.00010089566,1,58070,202910808
0.19769548,0.7952895,0.0069671054,4.791132e-05,1,58070,836882667
0.01696111,0.93234,0.0505673,0.00013154521,1,58070,876759434
6.5895995e-07,0.00095392275,0.99771,0.0013353254,2,58299,1061326267
3.2900993e-05,0.026227886,0.9670556,0.0066836537,2,58299,1520317431
2.639025e-07,0.00091912685,0.9950399,0.0040407656,2,58299,612866590
5.014978e-05,0.00759619,0.9593154,0.033038203,2,58299,2101035433
0.59465206,0.40134415,0.0034456805,0.00055809563,0,58379,16408459
0.38011098,0.599453,0.0151922535,0.0052437824,0,58379,663313624
0.34289816,0.65142506,0.0052364445,0.00044032856,0,58379,372865449
0.6772873,0.3185154,0.0030971172,0.0011001789,0,58379,570002781
1.3860285e-05,0.0641769,0.93568325,0.00012603655,2,58463,889455859
0.0001390565,0.02055767,0.97513753,0.0041657677,2,58463,1589507632
4.3784883e-05,0.05360006,0.9461217,0.0002344945,2,58463,462278428
4.444561e-07,0.0056692567,0.9939585,0.00037180938,2,58463,565242504
0.005062777,0.9623391,0.0325959,2.2112793e-06,1,58528,1324869348
0.027040988,0.9283742,0.044183947,0.00040080925,1,58528,2039082233
0.00088108773,0.8187566,0.1803217,4.068067e-05,1,58528,492015759
0.0013155258,0.7042312,0.29422054,0.00023271443,1,58528,1262294856
8.728529e-06,3.380905e-05,0.10283929,0.8971182,3,58572,1289373388
0.00015128871,0.00041835042,0.16421026,0.8352201,3,58572,1895499651
0.000496621,0.0024849728,0.32079342,0.676225,3,58572,2012880606
7.691957e-05,0.0005954352,0.20148283,0.7978449,3,58572,836201368
0.000103923754,0.00066704146,0.12692283,0.87230617,3,58572,881160066
0.0002714524,0.0019147627,0.5076625,0.49015135,3,58572,1082829470
0.16038342,0.7576429,0.070577316,0.011396368,1,58622,1405634546
0.0009935574,0.7139118,0.285066,2.8653514e-05,1,58622,1670546091
0.06268406,0.8944914,0.04229892,0.00052570214,1,58622,1595269526
0.0216715,0.8792084,0.09894023,0.00017980306,1,58622,1787694376
2.8656556e-05,0.0050170138,0.9848321,0.010122175,2,58630,816422008
2.3082493e-06,0.03918788,0.96061987,0.00018993228,2,58630,1235005224
4.376773e-06,0.0038933454,0.9843859,0.011716384,2,58630,978469026
1.30726985e-05,0.04498648,0.9544542,0.00054626627,2,58630,1328552958
0.9773767,0.022524713,2.5353189e-05,7.317867e-05,0,58651,590583120
0.82937974,0.16845657,0.0016161829,0.00054745405,0,58651,1477003521
0.89784724,0.10108664,0.0006484579,0.0004176058,0,58651,1601970279
0.67177004,0.32382897,0.0035166743,0.0008843342,0,58651,1672877467
0.9147127,0.08472127,0.00039159288,0.00017444606,0,58651,393393343
0.8199302,0.17863242,0.0007973488,0.00064003584,0,58651,935695089
0.9459418,0.053953137,8.060877e-05,2.4485733e-05,0,58651,965038845
0.88190395,0.117625296,0.0003161875,0.0001544905,0,58651,1089648079
0.006187722,0.8526249,0.14114606,4.1231342e-05,1,58656,1137230491
0.0126841,0.833303,0.15378883,0.00022397104,1,58656,2083345164
0.22127159,0.7504923,0.02795977,0.00027632678,1,58656,170292501
0.06884401,0.9203667,0.010766674,2.2591257e-05,1,58656,578789102
0.0058509563,0.7815137,0.2122298,0.0004055818,1,58663,130673394
0.40272224,0.50287646,0.087473474,0.006927828,1,58663,668248817
0.1235189,0.831832,0.04402347,0.00062564446,1,58663,1261226376
0.05431533,0.78678656,0.15659815,0.00230002,1,58663,1684409502
0.018490208,0.9430902,0.03823197,0.00018768039,1,58663,1812273324
0.0033596433,0.93830866,0.05831566,1.6011163e-05,1,58663,2044424750
0.03650356,0.91400003,0.049255725,0.00024069645,1,58663,2125103651
3.9965475e-05,0.00024411366,0.17397387,0.82574207,2,58671,469622699
5.921131e-06,0.0029158257,0.9773628,0.019715404,2,58671,870279398
2.4785017e-05,0.0006019737,0.3879938,0.6113794,2,58671,1816320719
2.0408517e-05,0.000384317,0.29047126,0.7091241,2,58671,1188050348
6.013782e-05,0.00023382479,0.19854136,0.80116475,2,58671,1421324097
0.00054960285,0.5057632,0.49364507,4.21653e-05,1,58714,321602172
0.013052711,0.7283194,0.25784287,0.0007850321,1,58714,1300738911
0.0030937176,0.44407806,0.54783356,0.0049946504,1,58714,62396299
0.0047321613,0.69566166,0.29958352,2.2734972e-05,1,58714,126232382
5.8156333e-05,0.7151006,0.28483933,1.9894387e-06,2,5881,1504335064
0.0049294457,0.6848915,0.30898857,0.0011904638,2,5881,1760824961
0.00018748475,0.7339195,0.26582703,6.5962384e-05,2,5881,790346789
0.0013510459,0.6197367,0.3788845,2.7759002e-05,2,5881,1263505410
0.022078803,0.14101978,0.6224847,0.21441676,1,58831,110797698
6.884112e-05,0.053357385,0.94264233,0.0039313766,1,58831,1462918280
0.0019472712,0.057352897,0.77298117,0.16771875,1,58831,540115950
0.000150483,0.04723535,0.933932,0.01868218,1,58831,2086048392
9.065747e-05,0.51203895,0.48786,1.0359142e-05,1,58867,440806971
0.003999079,0.6135765,0.38205656,0.00036793805,1,58867,604569037
0.00067205273,0.61361945,0.3856175,9.101362e-05,1,58867,594222865
0.00021490727,0.8402153,0.15956426,5.5289656e-06,1,58867,1327236823
0.0005037048,0.6985611,0.30088177,5.3481006e-05,2,58898,7124125
0.013829088,0.84549516,0.13991211,0.0007636496,2,58898,418517444
0.000714178,0.77994746,0.21920516,0.0001332642,2,58898,995941920
3.0905972e-05,0.25228348,0.74757487,0.00011066323,2,58898,919874772
0.0014466053,0.6627165,0.33471695,0.001119941,2,58898,2140470681
0.037350424,0.7173725,0.24393763,0.0013394455,1,58948,1123812965
0.026200702,0.78907037,0.1839029,0.0008259671,1,58948,1482352498
0.21449226,0.6815484,0.10087437,0.0030849439,1,58948,1678295893
0.0104618985,0.6397726,0.34866735,0.0010981896,1,58948,266518374
0.027617754,0.8322841,0.13991003,0.00018806838,1,58948,1760603194
0.010391811,0.8817326,0.107822254,5.34046e-05,1,58986,254045410
0.00053119316,0.7649608,0.23450299,4.9996625e-06,1,58986,1180019512
0.0060286284,0.711896,0.28195286,0.00012258603,1,58986,1173623924
0.0017781573,0.7391973,0.25898376,4.0704792e-05,1,58986,1182193668
0.00025837708,0.00072401995,0.10215412,0.89686346,3,59086,936953607
3.1757456e-05,0.00021159479,0.11046553,0.88929105,3,59086,1105343365
3.015903e-05,0.00020736174,0.08815303,0.9116094,3,59086,1644557559
9.136643e-05,0.00054975884,0.21733914,0.7820198,3,59086,1679684757
9.414355e-06,0.0037766304,0.9832519,0.01296209,2,59090,123783998
5.4441393e-06,0.0020498135,0.9947996,0.0031451192,2,59090,1177278683
0.0003616053,0.0011808556,0.37624136,0.6222162,2,59090,980838636
3.974451e-06,0.0018464654,0.9891655,0.0089840805,2,59090,1250242916
5.3772525e-05,0.0057751564,0.9677302,0.026440803,2,59090,1910784952
9.7693526e-05,0.6987211,0.3011699,1.1249813e-05,2,5912,1176817741
0.005891812,0.8304838,0.16344398,0.00018035108,2,5912,1222604653
0.0023721827,0.5543138,0.4431793,0.00013464474,2,5912,520325003
2.289872e-05,0.3887247,0.6111744,7.8003206e-05,2,5912,602068864
1.7129596e-05,0.0019210721,0.92947316,0.06858854,2,59121,1276764872
0.00044606134,0.0012771185,0.15543844,0.8428384,2,59121,1845584659
0.00022970603,0.0033731568,0.5713906,0.42500654,2,59121,2032039474
3.1736603e-05,0.0004521032,0.072489806,0.9270264,2,59121,702664455
7.7228873e-07,3.034072e-06,0.026546637,0.9734495,2,59121,959159730
9.249791e-05,0.00079074997,0.30328023,0.6958365,2,59121,1659351262
0.98158276,0.01815697,5.9866565e-05,0.00020034982,1,59137,951549972
0.9802422,0.019618375,3.8465474e-05,0.000100985286,1,59137,1214669051
0.97862536,0.021120613,0.00012502146,0.00012895919,1,59137,1295970462
0.96707445,0.032831006,3.2932116e-05,6.156696e-05,1,59137,1364535366
0.94012517,0.059339732,0.00022692878,0.00030815843,1,59137,1717538225
0.9899136,0.010010772,2.4669533e-05,5.0926938e-05,1,59137,1987942614
0.98082995,0.019084632,5.1737243e-05,3.3746586e-05,1,59137,113305192
0.9923947,0.0075483867,1.9895022e-05,3.706441e-05,1,59137,226627993
0.97310525,0.026743887,4.046753e-05,0.00011042532,1,59137,1117967576
0.99263763,0.007339332,6.589964e-06,1.6384512e-05,1,59137,1451503433
0.99289155,0.007060982,1.0977447e-05,3.6483158e-05,1,59137,1620656952
4.8101947e-07,0.0009967559,0.99188435,0.0071183937,2,59164,777796987
1.5064927e-05,0.021867562,0.97618365,0.0019336896,2,59164,787639510
5.5444766e-06,0.019646598,0.9801257,0.00022220745,2,59164,1998131220
1.5592393e-07,0.00019727153,0.9962184,0.003584295,2,59164,82589166
2.9728733e-06,0.027780142,0.97213167,8.50989e-05,2,59164,1300721599
0.30236435,0.6886755,0.00881854,0.00014156627,1,59248,1107579235
0.30683762,0.667308,0.025665462,0.00018889314,1,59248,1516414004
0.027598796,0.9483827,0.023978548,4.007689e-05,1,59248,1152824963
0.38215572,0.6105469,0.007016577,0.00028078968,1,59248,1848177720
2.1568678e-06,0.22216025,0.77783036,7.2703274e-06,2,59262,2167850
0.005971262,0.36138424,0.6256785,0.0069659436,2,59262,647124683
5.259267e-05,0.38192302,0.6179351,8.9239635e-05,2,59262,1645681572
1.1321016e-05,0.14484711,0.85512143,2.0151661e-05,2,59262,266195835
3.3515514e-06,0.039320987,0.9581812,0.0024944854,2,59262,1682723910
0.6222827,0.37707695,0.00061571586,2.4662868e-05,1,59289,298423487
0.042391688,0.9303858,0.027165966,5.6566743e-05,1,59289,1874530513
0.053710584,0.9236146,0.02261644,5.8393747e-05,1,59289,1543619117
0.18741193,0.79816324,0.01434532,7.9503094e-05,1,59289,1708496639
2.2868708e-05,8.27186e-05,0.13314624,0.8667481,2,59314,493774583
4.919575e-05,0.0004847847,0.27345377,0.7260123,2,59314,544662651
0.000119574266,0.00076991896,0.17253867,0.8265718,2,59314,880716961
8.020244e-05,0.0008321505,0.46803862,0.531049,2,59314,937192565
0.00012909246,0.0007187075,0.15472102,0.84443116,2,59314,1674656173
2.8141138e-05,0.0004300194,0.6883842,0.3111577,3,59384,1002424421
5.4548923e-06,0.0013728228,0.8838107,0.11481101,3,59384,1864379381
2.6559426e-05,0.00024232546,0.4475254,0.55220574,3,59384,1341723935
2.879463e-05,0.00023173806,0.106642626,0.8930968,3,59384,1681094091
0.5626985,0.4344942,0.002409285,0.0003980897,1,59437,1173103876
0.73453337,0.2650195,0.0003684912,7.869742e-05,1,59437,1999181254
0.36576402,0.61940897,0.012465017,0.0023619465,1,59437,349802224
0.3207491,0.67191464,0.006969753,0.0003664534,1,59437,569649216
0.5621846,0.43672824,0.0010223622,6.488748e-05,1,59437,1189047605
0.010059797,0.7843325,0.19632885,0.009278813,1,59442,78386078
0.0035534971,0.8940698,0.10233564,4.1057036e-05,1,59442,2007900972
0.002564438,0.71756876,0.27946416,0.00040261884,1,59442,71611278
0.013102959,0.8185067,0.16731746,0.0010727742,1,59442,1051148468
3.7051705e-05,0.3331483,0.6668106,4.092488e-06,2,59460,1007335394
6.2091516e-05,0.22877637,0.7711182,4.3421667e-05,2,59460,2105686699
0.00019852277,0.32610828,0.6736733,1.9938789e-05,2,59460,1428618904
3.7398047e-05,0.08746285,0.9117072,0.0007925594,2,59460,1772075763
0.13532737,0.84245396,0.022091899,0.00012676216,0,59527,345649155
0.66492057,0.3348085,0.00025621406,1.4741548e-05,0,59527,757415834
0.8902976,0.10903192,0.0005427054,0.00012779658,0,59527,1087088804
0.8252856,0.17430986,0.00033936917,6.5148255e-05,0,59527,486402307
0.8037282,0.19576745,0.00046384853,4.0528736e-05,0,59527,548189891
0.90412194,0.09585112,2.3327819e-05,3.6582587e-06,0,59527,1470450751
0.7265149,0.2708323,0.0019954308,0.0006574029,0,59583,1151111763
0.6162775,0.38100728,0.0023188833,0.0003962905,0,59583,1176982893
0.6342788,0.3650252,0.0006104259,8.560268e-05,0,59583,1648500210
0.28857455,0.70421743,0.0066529335,0.00055510923,0,59583,1963594574
0.2657477,0.73323625,0.0009898439,2.6205373e-05,0,59583,327933500
0.48795316,0.5084903,0.0030376697,0.000518863,0,59583,394168289
0.7413873,0.25799036,0.0005305567,9.180089e-05,0,59583,858759701
0.74661607,0.2494939,0.0024850192,0.0014050739,0,59583,2063501774
0.00057713327,0.11114526,0.88374263,0.00453497,2,59594,1251348398
0.0005572119,0.11302484,0.8821218,0.0042961305,2,59594,1871456527
5.574038e-06,0.054671858,0.9452953,2.7357028e-05,2,59594,724212091
3.6206857e-05,0.0872707,0.9124845,0.00020850635,2,59594,1585006710
0.022592476,0.61710846,0.3558543,0.0044447165,1,59723,983095826
0.022710824,0.66030246,0.31470543,0.002281275,1,59723,1184400438
0.004267333,0.44509077,0.55009496,0.0005469377,1,59723,438059694
6.2937556e-06,0.08345552,0.9164469,9.117194e-05,1,59723,904978594
0.0003940283,0.6408505,0.35869664,5.8849593e-05,1,59723,2026794803
0.3665863,0.6257015,0.0074709463,0.00024132799,1,59750,102668578
0.010416546,0.9176164,0.07166099,0.00030607518,1,59750,610813120
6.272743e-05,0.6369034,0.36303145,2.4558547e-06,1,59750,683406897
0.0041602016,0.66505295,0.32985663,0.0009302086,1,59750,1528053671
2.8569104e-05,0.10154416,0.8983314,9.580369e-05,1,59806,764394917
0.0002307635,0.287117,0.71241045,0.00024180741,1,59806,1669033454
0.00056246785,0.41009414,0.5892629,8.051518e-05,1,59806,705873233
0.0006346409,0.51764137,0.48162866,9.534564e-05,1,59806,1938538147
0.0023129522,0.5496946,0.44718462,0.0008078499,1,59806,2119940867
1.3084698e-05,0.0010850297,0.94886917,0.050032657,2,59839,271998434
0.00011867965,0.00543763,0.8357822,0.15866153,2,59839,1025184278
3.8455048e-05,0.006686576,0.960728,0.03254691,2,59839,245555285
3.1929821e-06,0.0009901336,0.9868333,0.012173371,2,59839,797177730
1.2821696e-06,0.008769999,0.9911499,7.876479e-05,2,59839,1513616678
0.031173872,0.6194232,0.33667043,0.01273248,1,59891,1286884136
0.37132984,0.61274153,0.01281004,0.0031185837,1,59891,2100736615
0.46126673,0.5140479,0.013072561,0.0116128465,1,59891,607931098
0.075350955,0.9063571,0.018165015,0.00012698189,1,59891,2051803280
0.28622636,0.7007698,0.012765233,0.00023855292,1,59904,80945939
0.727047,0.26610777,0.005985832,0.00085943035,1,59904,1785400342
0.5603292,0.43602365,0.002781181,0.00086587697,1,59904,1953734202
0.6919587,0.30568758,0.0019061466,0.00044758533,1,59904,1120588309
0.26594517,0.7289704,0.0049272277,0.00015717403,1,59904,1822911871
0.4835831,0.5079619,0.0069692396,0.001485778,1,59904,1955829690
0.32044977,0.6747206,0.0045771734,0.00025247267,1,59904,2127833840
9.212522e-05,0.18089756,0.81897724,3.298362e-05,2,59969,1419406043
6.021635e-05,0.03391453,0.9603936,0.005631583,2,59969,1856297345
0.0006771983,0.11411669,0.8808312,0.004374928,2,59969,769751177
0.0007516305,0.0786521,0.9038653,0.01673099,2,59969,803324636
0.000821792,0.2799651,0.7157828,0.0034303437,2,59969,1363571199
6.588091e-05,0.0021257068,0.80728763,0.19052076,2,60001,1236280814
5.116684e-06,0.001527417,0.98585355,0.012613913,2,60001,1890233822
2.349848e-05,0.00047680413,0.50946873,0.49003088,2,60001,282738620
0.0009823376,0.01014726,0.55631125,0.4325591,2,60001,746990846
2.1836819e-05,0.009302651,0.9726978,0.017977757,2,60001,1120835018
0.77016556,0.22669198,0.0015796012,0.0015628206,1,60047,525983855
0.69992244,0.2942263,0.003950415,0.0019009087,1,60047,967233668
0.6500682,0.34508535,0.0032081674,0.0016382255,1,60047,1426848441
0.5298844,0.45681325,0.009769309,0.0035330676,1,60047,1833891301
0.00025159155,0.05630436,0.9348131,0.008630886,2,60067,804654997
0.00010255409,0.03719455,0.9563507,0.006352213,2,60067,1108593154
1.1531326e-05,0.002912511,0.9797106,0.017365387,2,60067,1938253607
0.00055560295,0.045816306,0.8954596,0.058168516,2,60067,1941022369
0.09476068,0.8676507,0.037227616,0.0003611024,1,60089,754886263
0.0162397,0.90561545,0.07681457,0.0013302285,1,60089,1558355370
0.29163402,0.6838921,0.022057964,0.0024159718,1,60089,539806137
0.34129107,0.64995885,0.008532103,0.00021798557,1,60089,1343082023
7.8575045e-05,0.2687357,0.73114526,4.0346797e-05,2,6028,774516862
0.00032707967,0.5416406,0.45778388,0.00024843196,2,6028,1668626929
0.0010956425,0.2718042,0.7262875,0.00081261666,2,6028,149892126
8.628176e-05,0.58648247,0.41342288,8.336824e-06,2,6028,677682133
0.00014496643,0.3959355,0.6038791,4.043182e-05,2,6028,1035355447
0.0012682655,0.6797464,0.31833825,0.0006471057,2,6028,1493638415
0.0026817312,0.02334834,0.3629171,0.6110529,2,60307,630038372
0.008642036,0.05050719,0.54756695,0.3932838,2,60307,1358034442
0.23003352,0.4509622,0.27942583,0.039578445,2,60307,1498514214
0.012159838,0.14433204,0.6821368,0.1613714,2,60307,1647690851
0.23003352,0.4509622,0.27942583,0.039578445,2,60307,1977118398
0.0013295425,0.046148453,0.27979648,0.6727255,2,60307,620782999
0.0019971312,0.015393306,0.22213124,0.7604783,2,60307,736350307
0.007867724,0.05662525,0.42364207,0.51186496,2,60307,1040966154
0.024985729,0.20316164,0.6685666,0.10328601,2,60307,1896843235
3.8307688e-05,0.31822026,0.68147975,0.0002616238,1,60317,69749285
4.606584e-05,0.59416574,0.40574777,4.0424322e-05,1,60317,1798273989
0.00010895116,0.66857356,0.33129176,2.576828e-05,1,60317,992366262
0.00014338898,0.7954737,0.20437516,7.765393e-06,1,60317,1734831707
3.5587393e-05,0.069177054,0.93043166,0.00035569968,2,6039,906633270
1.8901412e-05,0.16881819,0.83097404,0.00018889147,2,6039,1151332297
0.0002732265,0.12067693,0.87249696,0.0065529007,2,6039,1805743607
3.0190292e-06,0.019343583,0.9804786,0.00017481402,2,6039,467252345
8.557592e-06,0.026416428,0.9729338,0.00064114435,2,6039,558368364
4.379864e-06,0.047683846,0.9519475,0.00036418863,2,6039,661571160
0.20975687,0.77237415,0.017096048,0.0007729957,1,60425,792610168
0.10967385,0.87902063,0.011125026,0.00018049647,1,60425,1335496065
0.5828546,0.41400418,0.0027193676,0.00042179867,1,60425,690612382
0.30059564,0.6774049,0.019192372,0.0028071264,1,60425,1070185939
2.0404088e-05,0.14997642,0.8499986,4.614428e-06,1,60503,436770279
1.0759153e-05,0.19439657,0.8055856,7.0539927e-06,1,60503,840030254
8.8612316e-05,0.39458814,0.60520864,0.000114656345,1,60503,1139685213
7.2438e-05,0.3211662,0.67874736,1.4042292e-05,1,60503,1991215704
4.1825682e-05,0.3434899,0.6564347,3.3635966e-05,1,60503,2099253157
6.402391e-05,0.013275087,0.8152426,0.17141825,2,60511,1222388611
1.7207898e-06,0.0034068197,0.995557,0.0010345778,2,60511,1934180793
9.4036495e-06,0.008183645,0.9879639,0.003842975,2,60511,712102463
0.0014208979,0.11155545,0.8337795,0.053244144,2,60511,1236758953
0.00031121177,0.50393,0.49561846,0.0001403421,1,60534,487534890
0.00052392285,0.5703065,0.42903626,0.00013329514,1,60534,2050857755
0.0057107727,0.7893477,0.20478451,0.00015702425,1,60534,942931229
0.0008935215,0.75220865,0.2467981,9.982693e-05,1,60534,1010110217
0.0023958853,0.49004915,0.5064982,0.0010567383,1,60534,1666893655
0.92064226,0.07902197,0.00025378785,8.2058716e-05,1,60537,71711043
0.87726814,0.12222347,0.0003082555,0.00020014445,1,60537,1344982998
0.28717753,0.7019563,0.010551579,0.00031466395,1,60537,2001286189
0.9148333,0.08457943,0.00035241348,0.00023493796,1,60537,2110228192
0.9403233,0.059591703,4.7656304e-05,3.736397e-05,1,60537,2120080915
0.72171247,0.2770967,0.0009916371,0.00019916991,1,60537,30747188
0.79275113,0.20647053,0.0006193941,0.00015897043,1,60537,426788713
0.822207,0.17748171,0.0002474496,6.38327e-05,1,60537,727454331
0.89411646,0.10561125,0.0002198659,5.240063e-05,1,60537,984171557
0.2318566,0.75506574,0.012755551,0.0003221395,1,60584,1263577218
0.31066415,0.67971253,0.009412996,0.00021034121,1,60584,1666485916
0.27311155,0.684607,0.039543964,0.0027375256,1,60584,109294091
0.17965817,0.8060574,0.01377268,0.00051176985,1,60584,520795710
0.00031401016,0.3916635,0.6080084,1.4084989e-05,2,60638,489364137
0.032156106,0.8509984,0.115747295,0.0010982086,2,60638,651254660
0.00034372666,0.3497057,0.64987564,7.4894444e-05,2,60638,1331917006
2.8745519e-05,0.24324825,0.7567011,2.180929e-05,2,60638,1869779270
5.4191227e-05,0.29168206,0.7082349,2.8839157e-05,2,60638,1699570507
0.0014576745,0.69934666,0.2990314,0.00016424658,2,60638,1710039972
2.9839392e-05,0.00011540622,0.10750824,0.89234656,3,60752,1376675660
2.13733e-05,5.199552e-05,0.037845034,0.9620816,3,60752,1561342493
9.524864e-05,0.00014580038,0.03113198,0.968627,3,60752,1718763927
7.260414e-05,0.00021789044,0.07346403,0.9262455,3,60752,811470016
0.0004005286,0.00091606705,0.08913041,0.909553,3,60752,1005853922
0.00015237411,0.00039996632,0.14286372,0.85658395,3,60752,1258119386
6.0075414e-05,0.023680074,0.96564215,0.010617643,2,60786,5877149
2.727428e-06,0.011516374,0.9879382,0.0005427491,2,60786,296071404
3.2746535e-05,0.086178355,0.91338485,0.00040395895,2,60786,1781699204
6.735654e-06,0.019772474,0.97553885,0.0046818717,2,60786,1062492172
2.3558774e-05,0.038833473,0.9573452,0.0037977886,2,60786,1504952774
2.6731989e-06,0.06156374,0.9382837,0.00014983866,2,60786,1664629256
0.064469896,0.9203591,0.01512988,4.1135805e-05,1,60819,603083321
0.11454874,0.87339157,0.0117984405,0.00026126826,1,60819,1358033938
0.029169776,0.94281775,0.027964272,4.8186852e-05,1,60819,1950469985
0.6126268,0.38423672,0.0027587928,0.0003776259,1,60819,615634118
0.18579607,0.8120971,0.001985445,0.00012136418,1,60819,1319281829
0.9336587,0.06626543,3.978875e-05,3.6145346e-05,1,60819,1733006797
0.68979114,0.30763948,0.0018820182,0.00068740826,1,60819,2097500941
1.453674e-05,1.4868418e-05,0.01602161,0.983949,3,60885,545062499
0.0004981632,0.03386926,0.7647738,0.2008588,3,60885,1755101067
4.4423567e-05,4.4894696e-05,0.02044564,0.97946507,3,60885,161635756
4.0293935e-06,7.2609923e-06,0.014797791,0.9851909,3,60885,1087276640
0.00064214395,0.0032665185,0.12154293,0.87454844,3,60885,1813741066
0.0012016036,0.2641306,0.72710717,0.0075605735,2,60903,496763798
0.0008896868,0.4676605,0.52957386,0.0018759174,2,60903,1198417440
0.0022969558,0.5221726,0.47186476,0.0036657043,2,60903,865839134
0.00065361854,0.35304055,0.64623785,6.804508e-05,2,60903,1128069714
0.0011127098,0.006757713,0.2497945,0.74233514,2,6104,273517761
4.0004306e-06,4.733424e-05,0.17546953,0.8244791,2,6104,1669393556
6.829596e-05,0.003228324,0.5503495,0.4463539,2,6104,719997970
3.275571e-05,0.0007069685,0.6556577,0.34360257,2,6104,925133109
0.34123093,0.6400537,0.017966086,0.0007492594,1,61054,1389810526
0.14496581,0.7954318,0.056726113,0.0028762922,1,61054,1803964055
0.54735446,0.4359626,0.011736941,0.004946016,1,61054,445328094
0.39465234,0.59663427,0.007626757,0.0010866697,1,61054,1143072456
6.9837806e-05,0.00096352544,0.39284256,0.60612404,3,61226,677177188
4.6015048e-05,0.0002374221,0.1235664,0.8761502,3,61226,1464290692
0.00019138074,0.0014047745,0.53618115,0.46222267,3,61226,2012248370
3.3863143e-05,0.0003147022,0.3052659,0.69438547,3,61226,869368167
0.00029385812,0.009412715,0.89182323,0.09847018,3,61226,1162141348
0.8948634,0.10340499,0.0005266006,0.0012050777,0,61267,150897852
0.84106475,0.15816507,0.0004406649,0.0003295515,0,61267,1583206545
0.76558197,0.23320164,0.000980235,0.00023609845,0,61267,418246110
0.8476766,0.14915909,0.0011885206,0.0019758262,0,61267,1233033222
0.0009395024,0.40661654,0.59206486,0.0003790812,1,61481,256104701
0.0037027495,0.5843983,0.4113969,0.0005020131,1,61481,1272491662
0.00078022666,0.3915039,0.6076009,0.00011496299,1,61481,1328963105
6.1179926e-05,0.1656877,0.8341318,0.00011943019,1,61481,1449357713
0.00010884278,0.24627048,0.7534999,0.00012071316,1,61481,21412259
2.25085e-06,0.025913835,0.9740751,8.92435e-06,1,61481,966570664
0.014178529,0.43377435,0.53955793,0.012489207,1,61481,996142588
0.0024041147,0.7812067,0.2163478,4.1320764e-05,1,61481,1432652544
0.38302326,0.610686,0.0054285084,0.0008622296,1,61556,833781250
0.40069374,0.5989412,0.00034380113,2.1222271e-05,1,61556,1833988015
0.73214924,0.26571527,0.0014927534,0.0006427371,1,61556,889510154
0.52668875,0.47269785,0.00047954344,0.00013382015,1,61556,1142002839
0.7173802,0.2812679,0.0009409132,0.0004109661,0,61565,17179314
0.91500616,0.08481256,0.00010596182,7.542198e-05,0,61565,972381839
0.9342508,0.06559114,7.781444e-05,8.015891e-05,0,61565,1157083153
0.8964343,0.103202246,0.00018143351,0.00018205245,0,61565,620625420
0.8234748,0.1758432,0.00040615269,0.00027588118,0,61565,1360772764
0.0031026157,0.865385,0.13136725,0.00014513894,1,61648,309104129
0.005685197,0.7268317,0.26741117,7.1895454e-05,1,61648,1697948904
0.28484613,0.71308917,0.002039589,2.5073068e-05,1,61648,212326945
0.061918773,0.9195495,0.018298646,0.00023301183,1,61648,362613686
0.88507926,0.11432321,0.00033804754,0.0002594267,0,61668,198923768
0.9479048,0.05198334,6.525207e-05,4.6620742e-05,0,61668,602049208
0.94553834,0.054302577,8.334563e-05,7.5830634e-05,0,61668,971266222
0.97277045,0.027023489,8.889331e-05,0.00011711825,0,61668,1521138032
0.9816928,0.01825432,1.4817455e-05,3.8026566e-05,0,61668,1739982245
0.9795829,0.020371206,1.09994635e-05,3.490832e-05,0,61668,1931672296
0.9629029,0.037043482,2.0326406e-05,3.327081e-05,0,61795,1474054672
0.9914374,0.008543505,4.8089646e-06,1.4337051e-05,0,61795,1800918633
0.9718095,0.028130176,2.7106369e-05,3.321667e-05,0,61795,1911452170
0.9640496,0.03588533,2.2581222e-05,4.2580483e-05,0,61795,157153876
0.9815151,0.018406155,4.088014e-05,3.7955633e-05,0,61795,895664142
0.98097163,0.019017369,5.499706e-06,5.548944e-06,0,61795,961879418
0.13780323,0.85420847,0.0078070993,0.00018121174,0,61829,804308638
0.13630834,0.85502994,0.00857077,9.102292e-05,0,61829,1056062773
0.47954434,0.5073191,0.0125798825,0.0005566941,0,61829,1311435861
0.66621125,0.3317758,0.0018826525,0.00013036047,0,61829,136408650
0.26954737,0.7182281,0.011988535,0.00023602851,0,61829,325313172
0.24157178,0.7457044,0.012196525,0.0005272706,0,61829,1240478852
0.00011345545,0.062179796,0.9215756,0.016131045,2,61942,348698317
0.001390482,0.21012199,0.76221603,0.026271503,2,61942,640716257
0.00020898983,0.2164202,0.78254247,0.00082839973,2,61942,835935181
0.0070289164,0.27374086,0.61027443,0.108955815,2,61942,1602525642
0.00064216723,0.08865045,0.82673067,0.0839767,2,61942,1675714542
0.0015007829,0.21117923,0.7482826,0.039037406,2,61942,1940579498
0.88426477,0.11405574,0.0009934847,0.00068594853,0,62007,840166197
0.9619696,0.037840016,5.8513127e-05,0.00013190009,0,62007,1038468009
0.9415257,0.05692671,0.0007623017,0.00078523724,0,62007,1567534278
0.970471,0.029490909,1.488714e-05,2.3146527e-05,0,62007,2113382962
0.9497558,0.04983683,0.00019193681,0.00021550173,0,62007,237596795
0.9714434,0.028308194,0.000108924396,0.00013942155,0,62007,731501373
0.96828026,0.03165815,2.287988e-05,3.8718295e-05,0,62007,2095320064
0.00011320743,0.22397777,0.77561635,0.0002926944,1,62046,743184984
0.0020679294,0.50464284,0.49310464,0.00018454102,1,62046,2025623985
0.0024397946,0.8038806,0.19277571,0.0009038409,1,62046,2034379480
0.00034191518,0.66427,0.33533677,5.1275903e-05,1,62046,1420970095
9.18161e-05,0.32480046,0.6750947,1.3047142e-05,1,62046,1941029540
0.0066586845,0.6210455,0.37198055,0.0003152795,1,62046,1952785433
0.0049581015,0.68294424,0.3118283,0.00026939038,2,62105,268216681
0.0022162355,0.5615079,0.43575257,0.0005232404,2,62105,659339450
0.0023936746,0.39276966,0.60453886,0.00029774808,2,62105,739509060
0.004955553,0.53743005,0.45749968,0.00011467447,2,62105,77181780
0.003572769,0.66036636,0.3359051,0.00015575388,2,62105,285995161
0.9607732,0.039109234,5.5742054e-05,6.172273e-05,0,62415,604295748
0.7610886,0.23835734,0.0003825304,0.00017155925,0,62415,1484516665
0.7556548,0.24041764,0.0022578032,0.0016697303,0,62415,242612482
0.89978254,0.099712245,0.00022143273,0.00028385274,0,62415,1552035318
0.00039910869,0.0762452,0.9165627,0.0067929826,2,62468,58721358
2.9209617e-05,0.006362114,0.9834894,0.010119338,2,62468,606839796
0.00073102204,0.009737321,0.842253,0.14727853,2,62468,420466480
9.711713e-05,0.012244298,0.9369229,0.050735626,2,62468,1103664317
1.5198296e-05,0.06200288,0.93789095,9.1033966e-05,2,62627,180735505
0.00059437874,0.04249051,0.90751946,0.049395636,2,62627,839877349
1.4784648e-05,0.004853105,0.9773842,0.017747857,2,62627,1547724972
7.8379475e-05,0.017413385,0.9639186,0.018589597,2,62627,2113283191
7.869451e-05,0.3877035,0.61218303,3.47708e-05,2,62628,369783531
1.747776e-06,0.07928722,0.9206999,1.1136935e-05,2,62628,849823225
1.2574107e-05,0.067517646,0.9322339,0.00023590926,2,62628,394284310
1.6495436e-06,0.01940069,0.98045075,0.00014695276,2,62628,2030119538
0.30283988,0.6860591,0.009514583,0.0015864323,0,62706,394685735
0.070525244,0.8976611,0.030856816,0.00095689157,0,62706,1184647867
0.21552248,0.7807444,0.0036512034,8.188633e-05,0,62706,1273142663
0.8366381,0.16239311,0.0006230267,0.00034573514,0,62706,267554239
0.82427126,0.1748972,0.0005676233,0.00026382814,0,62706,1242300824
0.15120381,0.8165942,0.031975534,0.00022654804,0,62865,1119844739
0.17495488,0.8224815,0.0025499428,1.3714979e-05,0,62865,1505382277
0.32652062,0.66808265,0.0052080816,0.00018864174,0,62865,1538793725
0.7350417,0.26425406,0.00064864074,5.554569e-05,0,62865,1893690980
3.480949e-05,0.0019101825,0.91028523,0.08776978,2,62866,284682487
2.1667953e-05,0.011561077,0.9611453,0.02727194,2,62866,1134078358
1.7347984e-05,0.023971777,0.97476166,0.0012492705,2,62866,555212080
0.00011263812,0.0264317,0.9365462,0.03690939,2,62866,1566540725
0.00011764873,0.05847037,0.9392146,0.0021973588,2,62866,1749829721
0.0025061537,0.7181956,0.27915943,0.00013878333,1,62961,782277839
0.008732506,0.7737458,0.21709192,0.000429838,1,62961,951919929
0.01777302,0.62438864,0.35701668,0.0008216926,1,62961,192837763
0.0065873726,0.5288491,0.4631055,0.0014580012,1,62961,597076377
0.020183481,0.7651163,0.21293187,0.0017683522,1,62961,777802464
1.2347467e-05,0.00020171805,0.34869698,0.65108895,2,62985,1366913186
0.00017013501,0.002550377,0.8543847,0.1428948,2,62985,1382356128
6.541154e-05,0.0064780377,0.8746382,0.11881832,2,62985,1861422076
5.885603e-06,0.00010265071,0.2777451,0.7221464,2,62985,1869629906
0.00010419465,0.3344747,0.6653169,0.000104145984,2,63052,846239613
0.00011972966,0.3967123,0.6027423,0.0004256484,2,63052,1163914240
8.8937406e-05,0.2978532,0.7019565,0.00010128408,2,63052,1629111887
1.4650093e-05,0.035709374,0.96321845,0.0010574945,2,63052,259698053
8.553749e-06,0.14973885,0.85024345,9.229247e-06,2,63052,863263119
0.7562615,0.24295016,0.00060947816,0.00017885187,1,63053,1259123525
0.42596322,0.5339454,0.03786695,0.0022243927,1,63053,1508591677
0.25250274,0.73499334,0.012347526,0.00015643293,1,63053,1733916686
0.019982502,0.74015385,0.23940659,0.0004570123,1,63053,151272201
0.28813046,0.6989662,0.012699813,0.00020346245,1,63053,358240402
0.10647147,0.8226882,0.06954949,0.0012907806,1,63053,1562088774
0.059777163,0.86729074,0.07268043,0.0002516064,1,63053,1922119353
0.009062986,0.7855824,0.20374368,0.00161086,1,63312,696760808
0.06512674,0.7712376,0.16016717,0.0034684977,1,63312,1042741014
0.022453634,0.8463517,0.130057,0.0011377132,1,63312,1277325162
0.059257004,0.88646615,0.053402074,0.0008748088,1,63312,1878784425
0.0030783224,0.6718054,0.3247529,0.00036344075,1,63312,1324428464
0.00055911724,0.43580619,0.56360704,2.7627086e-05,1,63312,2128901467
0.00032770942,0.0029109702,0.36148894,0.63527226,3,63388,932209985
0.00026175607,0.0016678937,0.4744892,0.5235811,3,63388,1940057985
2.4061028e-05,0.0011721009,0.788994,0.20980977,3,63388,387090853
0.0005689188,0.009148483,0.5813186,0.40896392,3,63388,1067906771
4.703418e-06,2.0817632e-05,0.05061812,0.9493564,2,63393,61058370
5.084228e-05,0.00019646934,0.16437003,0.8353826,2,63393,794169753
1.0269001e-05,3.9272825e-05,0.0425921,0.9573584,2,63393,1134152177
0.00022228013,0.0005354267,0.1715472,0.82769513,2,63393,963952104
3.19763e-05,0.00034148476,0.28555635,0.71407014,2,63393,1750155650
0.0004512653,0.85800934,0.14152817,1.1297959e-05,1,63412,758420101
0.015785228,0.92706704,0.057051275,9.647338e-05,1,63412,1688344488
0.014152544,0.8196146,0.16611014,0.00012269082,1,63412,549229138
0.006684201,0.8558858,0.13719344,0.00023655032,1,63412,1240188445
0.46811214,0.52570176,0.0059343963,0.0002517311,1,63412,1998055947
0.95065963,0.049277935,4.285923e-05,1.9666371e-05,1,6348,29313008
0.96403074,0.03591264,2.9732813e-05,2.6878222e-05,1,6348,639085425
0.920881,0.07883967,0.00018812396,9.118517e-05,1,6348,1880439413
0.19107875,0.7899541,0.018884543,8.259358e-05,1,6348,1947447592
0.9339847,0.06578947,0.00015535051,7.0519345e-05,1,6348,2118478753
0.0037488176,0.7269879,0.26909715,0.0001661323,1,63495,1617078901
0.043931004,0.74601305,0.20746824,0.002587695,1,63495,2046037988
0.0050944216,0.8630695,0.13173097,0.0001051734,1,63495,414271517
0.01682709,0.71830785,0.26406902,0.00079603994,1,63495,1410983674
3.3985307e-06,0.11194429,0.8880339,1.845274e-05,2,63507,1062509889
4.84084e-05,0.42001167,0.5799062,3.374559e-05,2,63507,1672290320
0.00013084042,0.44622713,0.55342555,0.00021648378,2,63507,742029620
1.4356935e-05,0.29528025,0.7046919,1.3473067e-05,2,63507,1444828666
1.8082534e-05,0.0018595536,0.87312645,0.124995865,3,63522,732122273
8.005188e-06,2.7188935e-05,0.1366345,0.86333036,3,63522,1837331485
0.00016697432,0.007907596,0.78698784,0.20493759,3,63522,1185337897
0.0004566211,0.010345859,0.6447228,0.3444747,3,63522,1367376397
0.027471066,0.905606,0.06653468,0.0003882877,1,63529,739019225
0.17300847,0.79468787,0.03195802,0.00034568715,1,63529,1219754945
0.023760965,0.8956782,0.08037603,0.00018471513,1,63529,268081878
0.08566556,0.8362554,0.07480323,0.0032757742,1,63529,1691847670
0.02466114,0.92041004,0.05488487,4.384032e-05,1,63563,309865982
0.10472169,0.8594561,0.035438698,0.00038344605,1,63563,353365999
0.43368554,0.54572946,0.020121664,0.00046338848,1,63563,1678459732
0.028705342,0.96531606,0.0059765424,2.1119877e-06,1,63563,41828016
0.005566848,0.9469988,0.04741374,2.0705224e-05,1,63563,282159659
0.029764453,0.9157858,0.054372407,7.7336874e-05,1,63563,762750198
0.6739078,0.3244035,0.0014768282,0.00021186298,1,6358,506268522
0.8401718,0.15958996,0.00017188427,6.634691e-05,1,6358,1707399621
0.43805414,0.55971956,0.0020843768,0.00014187851,1,6358,1740280069
0.9158386,0.08359873,0.00037457957,0.00018804443,1,6358,814845160
0.93435234,0.06533697,0.00017784999,0.00013274126,1,6358,1173731806
0.56821215,0.42593017,0.0055320016,0.00032565466,1,6358,1515734508
1.8689068e-05,0.0061221006,0.8767418,0.11711737,2,63601,975386553
1.9761531e-07,0.0006473835,0.9846875,0.014664932,2,63601,1164737427
9.406368e-07,0.00013093058,0.5603665,0.43950167,2,63601,105176080
0.0003761821,0.0027485546,0.4120064,0.58486885,2,63601,461649952
0.00044029072,0.456594,0.54257727,0.00038842438,2,63617,1231062805
0.00063209306,0.56049824,0.43861282,0.00025681636,2,63617,1855699072
0.003460118,0.94672793,0.049807064,4.898669e-06,2,63617,1917877119
0.0002104513,0.45461005,0.5451011,7.839221e-05,2,63617,159110654
0.0007217276,0.28364703,0.71279365,0.0028376072,2,63617,887426674
3.1565817e-06,0.34990147,0.6500924,2.9074747e-06,2,63617,1136150274
0.687422,0.30988002,0.002385925,0.00031205267,1,6368,1502973397
0.66888034,0.32761317,0.003236354,0.00027014472,1,6368,1600137792
0.15448686,0.8225214,0.02272429,0.00026739176,1,6368,104745286
0.00081212376,0.89695585,0.10222702,4.9946984e-06,1,6368,1645949347
8.2212166e-05,0.2389125,0.7609448,6.0589628e-05,1,63713,864730731
0.0042145094,0.45609605,0.5374558,0.0022336096,1,63713,955073281
8.627667e-05,0.12463531,0.87500554,0.00027284646,1,63713,1817192286
8.411117e-06,0.27055874,0.7294265,6.316293e-06,1,63713,76910587
0.056433856,0.657332,0.27603614,0.010198001,1,63713,246045064
7.873845e-06,0.30313236,0.6968524,7.369298e-06,2,63745,1661749135
9.892605e-05,0.25195685,0.7479276,1.6634924e-05,2,63745,2041390037
0.0018979037,0.5789337,0.41904944,0.00011897767,2,63745,2074379756
0.0001583998,0.49575046,0.5040764,1.4717158e-05,2,63745,285549196
0.0010717404,0.4840338,0.5145151,0.00037934908,2,63745,1421316488
0.0025442124,0.8857068,0.111718014,3.0939347e-05,1,63800,278471549
4.723127e-05,0.92379504,0.076156855,8.4258767e-07,1,63800,706295547
0.00020236436,0.78261507,0.21717387,8.776159e-06,1,63800,203370689
0.0007025538,0.7330049,0.2662479,4.4626613e-05,1,63800,1529805047
0.43735144,0.5613156,0.0012411724,9.178359e-05,1,63851,1118077166
0.31321007,0.68570495,0.0010257025,5.9265327e-05,1,63851,1345339780
0.7076943,0.29210666,0.00017664934,2.2427921e-05,1,63851,353536939
0.42751187,0.57084745,0.0014509719,0.0001897345,1,63851,415173443
0.0042130956,0.94271594,0.053019516,5.1444287e-05,1,63892,185105823
0.544117,0.45471022,0.0010898026,8.3045175e-05,1,63892,782664016
0.025573937,0.9453737,0.028969835,8.2456245e-05,1,63892,485940459
0.53157854,0.4628608,0.0047737993,0.0007869114,1,63892,2121492289
2.40803e-06,5.834915e-06,0.033712633,0.9662791,3,63948,430829094
5.743558e-05,0.00013931641,0.06998135,0.9298219,3,63948,911894301
1.7518381e-05,3.2357588e-05,0.060337145,0.939613,3,63948,1992919799
3.708822e-05,0.00017493966,0.07844794,0.92134,3,63948,315757960
8.4924075e-05,0.00015268107,0.05145916,0.9483032,3,63948,1110355469
0.0003533226,0.0009542285,0.088583544,0.9101089,3,63948,2138875314
0.64403605,0.35121953,0.004137852,0.00060650427,1,63974,527242239
0.6641593,0.3349085,0.0008322498,9.992332e-05,1,63974,1371365906
0.00584469,0.89748967,0.09663436,3.1229105e-05,1,63974,475913911
0.0006964246,0.51237774,0.48690784,1.7990695e-05,1,63974,878462732
0.013171141,0.71091515,0.27582997,8.374294e-05,1,63974,1709432328
0.008739651,0.6607011,0.32555756,0.005001699,2,64016,697957354
0.009165348,0.1305291,0.25306067,0.6072449,2,64016,968037758
0.009652567,0.537574,0.3836346,0.069138795,2,64016,1917790673
0.00016532943,0.1499693,0.84855837,0.0013069946,2,64016,1454228267
0.00010118822,0.11150271,0.88724804,0.0011480731,2,64016,1847203240
6.002406e-05,0.002178859,0.24962525,0.74813586,2,64022,1773693452
0.0003991805,0.05017613,0.925216,0.024208672,2,64022,1950444363
5.0364863e-05,0.014469575,0.9163098,0.06917032,2,64022,319292430
4.5536843e-05,0.006555658,0.90842825,0.08497061,2,64022,1992620470
0.00014748098,0.014585838,0.9031374,0.08212929,2,6403,667335337
0.00011386807,0.010265455,0.47201553,0.5176051,2,6403,1531990988
0.00012917496,0.026965905,0.96503943,0.007865451,2,6403,594453323
3.563388e-05,0.002701165,0.32594463,0.6713186,2,6403,923861475
5.1380488e-05,0.2860073,0.71386003,8.131726e-05,2,64085,1112710805
0.0010480329,0.5220701,0.4767154,0.00016647333,2,64085,1664920336
0.0020946616,0.5701442,0.42766017,0.0001009146,2,64085,495344169
0.000453412,0.5329236,0.4665971,2.5950138e-05,2,64085,665184084
0.0003176475,0.5009114,0.49850598,0.00026497024,2,64085,813436274
0.78046197,0.21928385,0.00021691679,3.732048e-05,1,64093,584093927
0.8307983,0.16902874,0.00013838049,3.45845e-05,1,64093,1195013761
0.75703853,0.24142951,0.001270975,0.00026095158,1,64093,1205137860
0.1420729,0.8376428,0.019600071,0.00068416534,1,64093,304332477
0.2251585,0.7680757,0.0066915904,7.422213e-05,1,64093,1114953440
0.1324493,0.85519487,0.012062963,0.0002928616,1,64093,1238977827
0.1420729,0.8376428,0.019600071,0.00068416534,1,64093,1734748903
0.5756914,0.41590613,0.00700875,0.001393726,1,64122,350742276
0.8103882,0.18855023,0.00085758895,0.00020394188,1,64122,1651436244
0.6999512,0.29733792,0.0021656607,0.0005453463,1,64122,1374323718
0.56258744,0.4357979,0.0015103882,0.00010428812,1,64122,1452743962
6.0736078e-05,0.08962055,0.90908074,0.0012380196,2,64261,787239200
0.01059486,0.45339236,0.47511724,0.060895585,2,64261,1547713656
0.00268034,0.36854014,0.61416006,0.01461942,2,64261,611774732
3.951357e-05,0.07483436,0.9246706,0.0004556243,2,64261,2105106664
7.287876e-05,0.00021164447,0.046016373,0.95369905,3,64262,513801849
0.00017642963,0.0005167223,0.1390341,0.8602727,3,64262,984629140
8.816451e-05,0.0030083759,0.57771534,0.41918814,3,64262,1160504838
1.6447633e-05,0.0006646427,0.22720759,0.7721113,3,64262,1410507878
3.065027e-05,0.00037103015,0.19115725,0.80844104,3,64262,772664209
0.00023561371,0.00086196896,0.17198837,0.826914,3,64262,1119733048
9.469336e-05,0.00124314,0.19809352,0.80056864,3,64262,1278180671
0.00044814602,0.32108927,0.676936,0.0015266505,1,64309,989427775
8.6460095e-06,0.0820892,0.91788983,1.2296521e-05,1,64309,1070852768
0.00014160079,0.20190847,0.7971346,0.00081537553,1,64309,1721930898
2.1906087e-06,0.0245094,0.97540516,8.325507e-05,1,64309,30186387
0.00010578338,0.15985362,0.83847713,0.0015635642,1,64309,648093443
1.8879946e-05,0.12956455,0.8701613,0.00025528672,1,64309,2131686778
0.536467,0.10718965,0.021514228,0.3348291,3,64335,69079290
0.6322181,0.06656478,0.00565811,0.2955589,3,64335,947651636
0.026385717,0.002978483,0.0020640166,0.96857184,3,64335,612444866
0.0044228514,0.0029086876,0.008704058,0.98396444,3,64335,1002294905
0.7477527,0.11227453,0.010908049,0.12906471,3,64335,1791401240
0.03262875,0.8713543,0.09551564,0.00050130277,1,64372,101452300
0.19010463,0.79527634,0.013588418,0.0010306396,1,64372,2060614573
0.0031870476,0.8219978,0.17435679,0.00045834546,1,64372,1111409245
0.09147933,0.8229313,0.081234,0.0043554055,1,64372,1257913296
0.66139406,0.33530566,0.0030085493,0.0002916666,1,64385,138963357
0.5398429,0.44409513,0.011798573,0.004263375,1,64385,371176944
0.21841057,0.76432043,0.016202755,0.0010662182,1,64385,1032681733
0.70676786,0.29139334,0.0010290891,0.00080969563,1,64385,177569086
0.8289023,0.17010985,0.00043213062,0.00055575185,1,64385,234568025
0.7772496,0.22148679,0.00090727175,0.00035634267,1,64385,1676343141
0.560225,0.4319495,0.007142197,0.00068331097,1,6440,562412789
0.4631296,0.5310749,0.005509656,0.00028587916,1,6440,1576125139
0.41061118,0.58025664,0.007794896,0.0013372707,1,6440,995671343
0.13952705,0.8089065,0.051246826,0.00031963576,1,6440,1376958719
6.4769585e-05,0.18360789,0.81588894,0.00043838902,2,64439,84747386
1.591837e-05,0.27097508,0.7289828,2.620434e-05,2,64439,1423923778
4.9801274e-05,0.14537828,0.8543121,0.00025975195,2,64439,822293179
0.0004674806,0.4512972,0.5481911,4.4230823e-05,2,64439,1862196686
0.000345439,0.361597,0.63569236,0.0023651777,1,64447,315072613
0.005380042,0.56565744,0.42819303,0.0007694983,1,64447,1116247886
0.0012966754,0.69445133,0.30400217,0.00024988625,1,64447,1630271473
0.013997065,0.6731737,0.3053526,0.007476481,1,64447,295592576
0.0083625205,0.72977746,0.2614628,0.000397242,1,64447,1032712385
0.0005415667,0.57030386,0.4290698,8.480072e-05,1,64447,1827294586
0.03825136,0.86430216,0.09709905,0.00034744616,1,64480,389344175
0.001203111,0.88917625,0.10954027,8.0378035e-05,1,64480,1469470494
0.0020847567,0.8962132,0.10168792,1.4174187e-05,1,64480,1761589157
0.050704867,0.9078908,0.04116562,0.00023859453,1,64480,1258919885
0.0042941915,0.9558455,0.039847564,1.2793692e-05,1,64480,1558053984
0.0018553532,0.13367003,0.8146527,0.049821954,2,64496,1593577574
6.2116105e-06,0.015976176,0.98301,0.0010076774,2,64496,1752638451
3.9111703e-05,0.054796003,0.9448453,0.00031959862,2,64496,615969067
8.825072e-06,0.002845064,0.97858137,0.018564677,2,64496,1542465301
0.00027890512,0.6459137,0.3538045,2.9576352e-06,2,64501,452406098
0.00033541193,0.48318473,0.51643187,4.8001777e-05,2,64501,1789416787
5.37185e-05,0.2750252,0.72475153,0.00016955659,2,64501,27097946
0.00021141728,0.22700255,0.7727466,3.9454448e-05,2,64501,673038417
3.949001e-05,0.25601712,0.7438761,6.7335495e-05,2,6451,510038463
2.6873902e-06,0.07571091,0.92427874,7.73748e-06,2,6451,932526186
1.5796299e-05,0.017419884,0.9810079,0.0015564645,2,6451,172828968
1.683538e-05,0.0244397,0.97526044,0.00028302456,2,6451,201679253
8.5127016e-05,0.15346998,0.8435621,0.002882672,2,64519,47305213
7.911815e-05,0.22488247,0.774944,9.43998e-05,2,64519,1105525666
0.0013811522,0.21353842,0.762927,0.022153398,2,64519,1647620346
0.00018655392,0.12599498,0.87272877,0.0010897141,2,64519,1858944330
1.8686052e-05,0.19053452,0.8094142,3.249245e-05,2,64550,1169342196
7.427827e-06,0.054318935,0.9453903,0.00028328228,2,64550,2005355296
4.4073226e-06,0.099762894,0.90022516,7.481082e-06,2,64550,298239307
2.5916182e-05,0.077686615,0.92097723,0.0013101745,2,64550,582680700
1.7767195e-05,0.044369306,0.95515114,0.00046183617,2,64550,1924646642
1.2587311e-05,0.0039091976,0.9916715,0.004406729,3,64553,1275940570
3.6366644e-05,0.0009932289,0.95695376,0.042016596,3,64553,1610080297
0.0004902613,0.017746875,0.9451563,0.036606602,3,64553,1438440119
3.6713176e-05,0.003432694,0.98650384,0.010026785,3,64553,1785622407
0.011266502,0.79126465,0.19621974,0.0012490263,1,64725,1339002996
0.008241646,0.91264564,0.07905652,5.6158187e-05,1,64725,2089181919
0.0050123865,0.6762181,0.313343,0.00542654,1,64725,224985084
0.0016702104,0.90168536,0.09659753,4.6855967e-05,1,64725,401860199
0.6278271,0.37169516,0.0004383675,3.9365565e-05,1,64745,54900395
0.80314547,0.19664033,0.00017390361,4.0354964e-05,1,64745,1120539170
0.71482694,0.2845056,0.00047113473,0.00019626672,1,64745,2061466831
0.6948084,0.304661,0.00048978993,4.0788844e-05,1,64745,417861938
0.8068889,0.19174312,0.0010623599,0.00030559537,1,64745,1529970552
0.7690471,0.22495271,0.002289045,0.003711191,0,64751,296894645
0.92635936,0.0732886,0.00021079626,0.00014124012,0,64751,1459237304
0.70212173,0.2705955,0.010476019,0.016806794,0,64751,1910009464
0.98689353,0.012998675,2.9732177e-05,7.799156e-05,0,64751,715084228
0.9690699,0.030723548,6.9923866e-05,0.00013663182,0,64751,1399226454
0.9961307,0.003847809,4.238081e-06,1.721037e-05,0,64751,2121120835
0.39842942,0.52562326,0.06773743,0.0082098255,1,64846,440925112
0.047477346,0.9310745,0.021324899,0.00012317146,1,64846,1218499619
0.6194163,0.3740302,0.005589447,0.00096402696,1,64846,1969971922
0.037286017,0.95580924,0.0068999077,4.901311e-06,1,64846,55220012
0.37688217,0.60986114,0.012859554,0.0003971389,1,64846,540464326
0.77660173,0.22183801,0.0014242906,0.00013597922,1,64846,993563732
0.00067927357,0.0023274107,0.2604806,0.7365128,3,64848,425840965
1.9719764e-05,5.0089402e-05,0.0063962396,0.99353397,3,64848,962979110
5.532332e-06,6.9952434e-06,0.0077040647,0.9922834,3,64848,1989474918
4.6937228e-05,0.00012880556,0.0072578965,0.99256635,3,64848,176471248
0.0008766059,0.001859542,0.033904534,0.9633594,3,64848,701539888
0.00083537324,0.0011846289,0.0788708,0.9191092,3,64848,1860372295
0.3427088,0.61309075,0.03983762,0.004362788,1,64883,1895558234
0.24697827,0.7315361,0.020143487,0.0013420708,1,64883,2123378911
0.00025372687,0.47416177,0.5254451,0.00013935441,1,64883,176822159
0.0014203627,0.74484175,0.2532845,0.00045339932,1,64883,1132701535
0.0029457698,0.79560226,0.2012736,0.00017836124,1,64883,1448504011
0.7546861,0.24085817,0.0035097436,0.0009459707,1,64974,652681524
0.76227754,0.23747642,0.00023128568,1.4819197e-05,1,64974,2072950690
0.92500055,0.07491227,7.607019e-05,1.1082547e-05,1,64974,262548111
0.9652494,0.034284875,0.00018233327,0.00028334346,1,64974,525254112
0.0019500372,0.79991984,0.1980583,7.177961e-05,1,65009,46008825
8.576496e-06,0.16740958,0.832549,3.2893186e-05,1,65009,1255308688
3.084729e-05,0.22551943,0.77442265,2.7056372e-05,1,65009,1839724317
1.8962593e-06,0.18973188,0.8102413,2.4904297e-05,1,65009,473819353
2.8557313e-06,0.021516271,0.978451,2.9947949e-05,1,65009,847789550
2.1513415e-05,0.29942673,0.700546,5.6650383e-06,1,65009,2107778379
0.25109455,0.7290224,0.019124072,0.00075906626,1,65074,442209765
0.20202385,0.79259604,0.005299208,8.0856764e-05,1,65074,1603958175
0.03864402,0.92910075,0.032123234,0.00013197087,1,65074,1722160623
0.3274121,0.65637577,0.015792944,0.00041913448,1,65074,1999047918
0.00033048374,0.26690406,0.7319894,0.0007760576,2,65180,941752793
4.232098e-05,0.27811858,0.72182083,1.8253688e-05,2,65180,1857042791
3.6832545e-05,0.064212605,0.9341017,0.0016487795,2,65180,105944179
0.00075436244,0.24347666,0.7531337,0.0026353374,2,65180,912049576
0.017091466,0.63412416,0.34831992,0.0004644338,2,65222,111055050
3.2012318e-05,0.46519345,0.5347656,8.976402e-06,2,65222,749095883
5.536977e-06,0.37591887,0.62407064,4.9320865e-06,2,65222,1559227517
0.0002621702,0.5107649,0.48880956,0.00016328647,2,65222,358676381
0.00016302867,0.4092486,0.5904829,0.00010543595,2,65222,1581943313
0.00020193927,0.41138315,0.58812535,0.0002895684,2,6525,201882472
0.00015646566,0.04841032,0.94670904,0.0047242525,2,6525,1038206941
6.982601e-05,0.07997145,0.9180865,0.001872149,2,6525,164075452
0.0012598402,0.07309044,0.9109319,0.014717743,2,6525,357545864
1.27518115e-05,0.023454046,0.9742052,0.0023280375,2,65270,1325288898
0.00015920478,0.1720669,0.82677734,0.000996556,2,65270,1868314759
7.042828e-05,0.14650752,0.8532086,0.00021349128,2,65270,1392133589
7.987301e-06,0.045916013,0.9538908,0.00018521534,2,65270,1709182071
0.9292963,0.0704764,0.000110767025,0.00011653007,1,65312,1403782108
0.29514387,0.6901662,0.014358547,0.00033148198,1,65312,1766155194
0.7242883,0.2753353,0.00030757568,6.8801935e-05,1,65312,47242268
0.77830315,0.22117896,0.0004113777,0.00010653859,1,65312,512667035
0.35463205,0.6349949,0.010119676,0.000253395,1,65312,984948933
0.002345816,0.009422805,0.19180891,0.7964225,1,65456,247536669
0.026718812,0.31594035,0.6526431,0.004697746,1,65456,1324528355
0.0010792225,0.12936707,0.7625242,0.10702952,1,65456,1434507452
0.0005899981,0.592559,0.40622818,0.0006228478,1,65456,1750470202
0.20756508,0.58793825,0.20200023,0.0024964518,1,65456,1772323269
0.00044742855,0.4581154,0.5402707,0.0011665178,1,65456,414100967
0.0011474589,0.6319562,0.36662498,0.00027134785,1,65456,694039741
0.015941529,0.33613735,0.60257214,0.045348987,1,65456,1100416658
0.004716637,0.6286772,0.36521435,0.0013917875,1,65456,1182228912
0.0025380661,0.18955675,0.8008502,0.007054976,1,65456,2061485168
0.052293986,0.12748607,0.55031085,0.26990914,0,65471,788523694
0.14578755,0.4519167,0.34711555,0.055180177,0,65471,1026382947
0.0496424,0.09164633,0.12756829,0.731143,0,65471,1600898071
0.013082433,0.3258213,0.6276446,0.03345167,0,65471,1729119684
0.09516081,0.30133635,0.20602047,0.3974823,0,65471,658974043
0.005978391,0.027405843,0.38346234,0.5831535,0,65471,1227369952
0.05230062,0.36621612,0.5554297,0.026053501,0,65471,1339577618
0.01640556,0.5279862,0.44762057,0.0079876585,0,65471,1435109581
0.15039162,0.770895,0.07545429,0.0032590595,1,65495,161429092
0.0003272286,0.85639846,0.14325222,2.207459e-05,1,65495,1435151627
0.058573782,0.87844676,0.062415008,0.0005644821,1,65495,179786992
0.056999695,0.897239,0.04545099,0.00031025775,1,65495,474938164
0.03549898,0.9004421,0.06379912,0.00025971275,2,65530,633167749
0.0023796118,0.67523783,0.3222424,0.00014011802,2,65530,1277826488
0.43414956,0.54977065,0.015496016,0.00058381713,2,65530,1627492472
0.016623445,0.8481651,0.13510509,0.0001063322,2,65530,675828643
0.000583318,0.57319087,0.42579696,0.00042885428,2,65530,1039644878
0.16798131,0.72722,0.10213113,0.0026675083,2,65530,1401303823
6.7226174e-06,1.27995245e-05,0.012640523,0.9873399,3,6622,101449602
4.3250282e-05,0.00010316162,0.03745021,0.96240336,3,6622,918306191
0.0006604091,0.015170634,0.5433629,0.44080603,3,6622,1084526278
0.0007586716,0.009294273,0.3785067,0.61144036,3,6622,1122306338
0.00027439574,0.0039066137,0.19420828,0.80161065,3,6622,1346548427
0.21368623,0.6664902,0.06146224,0.058361314,1,665,96506336
0.29051712,0.6488638,0.05479735,0.00582168,1,665,257447107
0.011429261,0.5724276,0.38553458,0.030608531,1,665,785975238
0.12944835,0.12429816,0.51777357,0.22847994,1,665,1714047622
0.08962808,0.8358463,0.07284923,0.0016763686,1,665,2030700146
0.06372858,0.83911276,0.083873734,0.013284872,1,665,121937371
0.003177928,0.03575974,0.9281366,0.03292581,1,665,964941054
0.11148194,0.72255266,0.15953949,0.006425897,1,665,1230697451
0.19618347,0.7012033,0.094249606,0.008363589,1,665,1952054795
0.13484095,0.67990965,0.12892771,0.05632178,1,665,2062712798
0.00015648859,0.006975121,0.23795035,0.754918,2,6685,133692434
0.000837798,0.012281894,0.30457887,0.6823014,2,6685,535580785
0.0011262469,0.063446574,0.53688824,0.398539,2,6685,2127534398
0.00012021721,0.008232423,0.57764095,0.4140064,2,6685,1755453486
0.00034050172,0.01252915,0.5471798,0.4399506,2,6685,1948040623
7.674196e-05,0.0011758856,0.1444973,0.85425,2,6685,1985511506
0.00011004814,0.0026474951,0.27026117,0.7269813,2,6685,2096523486
0.015651956,0.9275357,0.056612346,0.00020004257,1,6782,111749389
0.0007776432,0.53469145,0.46428978,0.00024110051,1,6782,1687677932
0.004796669,0.7505547,0.24400946,0.0006391809,1,6782,138146308
0.0035611629,0.8704708,0.12579013,0.00017783581,1,6782,1103287957
1.7436518e-05,0.027638854,0.9716503,0.00069333875,2,6849,1267265
0.00015456851,0.009388874,0.65723896,0.33321753,2,6849,2126509876
0.0002843059,0.022000711,0.6831491,0.29456592,2,6849,1090873935
6.296424e-05,0.02163008,0.97030556,0.008001464,2,6849,1486993970
0.8611632,0.13865891,0.00013696145,4.091182e-05,0,6902,1322273261
0.4361661,0.5578216,0.005420304,0.00059202866,0,6902,1783431836
0.8582526,0.14134052,0.0002890872,0.000117793505,0,6902,820433293
0.8046823,0.1948753,0.0003936139,4.8824277e-05,0,6902,1205606878
0.5014623,0.49502754,0.003402418,0.00010773767,1,6912,335753093
0.83823633,0.16093914,0.0007311701,9.337781e-05,1,6912,1816993535
0.06625454,0.8099599,0.119913906,0.0038716788,1,6912,1253760299
0.11309579,0.87172157,0.015116379,6.626833e-05,1,6912,2068187762
0.003867956,0.65850955,0.3361258,0.0014967225,1,6952,519361712
0.008514714,0.9694937,0.02198755,4.102493e-06,1,6952,538874962
0.46313033,0.52928126,0.007239662,0.00034870187,1,6952,280647977
0.00040438707,0.8653672,0.1342049,2.3570352e-05,1,6952,1735250615
7.697821e-05,0.367162,0.63267136,8.964827e-05,2,6972,198464846
0.001348783,0.68017954,0.3183488,0.00012280159,2,6972,637534899
0.00039523165,0.31509513,0.684138,0.00037163013,2,6972,726493894
0.00016044224,0.49260202,0.5071955,4.2064818e-05,2,6972,2006097084
0.0014031053,0.8290619,0.16938676,0.00014815781,2,6972,281027821
3.478698e-05,0.28579932,0.714078,8.780914e-05,2,6972,1255766432
0.00013442342,0.5668256,0.43298334,5.6646077e-05,2,6972,1357909115
6.13668e-06,0.0011466579,0.95334417,0.045503,2,6980,117791125
6.1537903e-06,0.023516979,0.9754985,0.0009784108,2,6980,750439265
6.088922e-07,0.012326672,0.9875836,8.911052e-05,2,6980,486388755
5.526296e-05,0.014512993,0.9765173,0.008914347,2,6980,1407403956
0.65231127,0.34730121,0.00030602515,8.150679e-05,1,7012,585157710
0.7020427,0.2972612,0.00061173306,8.4348736e-05,1,7012,671902196
0.29882514,0.6990738,0.0019794465,0.000121548066,1,7012,10816335
0.5449771,0.45385402,0.0010588466,0.00011007442,1,7012,1037939550
0.035851832,0.5729057,0.37742835,0.013814179,1,7021,463554048
0.023215009,0.39664587,0.54778117,0.032357916,1,7021,583433433
0.014395729,0.18796873,0.54456407,0.25307146,1,7021,2039142344
0.004366933,0.08404936,0.6845481,0.22703572,1,7021,480894458
0.010255137,0.33379948,0.65173125,0.004214096,1,7021,1145962276
2.6222513e-05,0.21812499,0.7817929,5.59325e-05,2,7033,559538557
3.6486657e-05,0.14509036,0.8545481,0.00032505632,2,7033,2071257818
5.281904e-05,0.15932444,0.84043074,0.00019199782,2,7033,91555108
4.2211404e-06,0.06861682,0.9313677,1.1239618e-05,2,7033,1442262040
3.8855737e-06,0.04129386,0.9586528,4.9459155e-05,2,7033,1961292782
0.6719288,0.32740685,0.0006365696,2.7795095e-05,1,7082,97523089
0.69687665,0.30236045,0.00067952863,8.341618e-05,1,7082,1361832624
0.6165006,0.38273895,0.00073486613,2.556039e-05,1,7082,840940158
0.10326853,0.89237577,0.004346581,9.1062075e-06,1,7082,1628603097
0.45772904,0.53984964,0.002306694,0.000114605835,1,7082,1938432045
0.4383136,0.5604402,0.0012259077,2.0320127e-05,1,7094,1709019481
0.8730228,0.12671672,0.0001963578,6.41335e-05,1,7094,2045763523
0.45528898,0.5207347,0.020241838,0.003734439,1,7094,1265925255
0.060464334,0.87887704,0.060319133,0.0003394725,1,7094,1898179158
0.019082343,0.53853416,0.4411563,0.0012272412,1,71,198449006
0.0055154758,0.37301716,0.6189551,0.0025123167,1,71,1405295276
0.00016712662,0.09747239,0.9008853,0.0014751771,1,71,1249745058
0.0013970473,0.21020536,0.78173965,0.006658009,1,71,2004100590
0.0012804777,0.110130064,0.8871586,0.001430839,2,7136,381426905
0.025761459,0.19874266,0.24235702,0.5331389,2,7136,680011077
0.0008436753,0.10268122,0.8816798,0.014795352,2,7136,1207934560
0.00095836475,0.068055116,0.45528546,0.47570103,2,7136,1232279879
0.0051764753,0.09395511,0.8243892,0.07647923,2,7136,1345273615
0.00074403157,0.019765545,0.84517646,0.13431391,2,7136,847183747
0.008220472,0.19040515,0.77392817,0.027446207,2,7136,1468441364
0.046705738,0.41815162,0.35125136,0.18389127,2,7136,1788105199
0.027282525,0.3488641,0.6223212,0.0015322601,2,7136,1801768059
0.006458484,0.16014296,0.36072168,0.47267687,2,7136,1832673261
3.4272728e-06,0.02892374,0.9709746,9.813198e-05,2,7151,396925350
5.6528213e-05,0.097829536,0.9018973,0.00021656939,2,7151,731258312
7.16985e-06,0.11935211,0.88057595,6.4785105e-05,2,7151,1736413644
1.4451457e-06,0.06471607,0.9352595,2.2984439e-05,2,7151,1938638705
3.0206866e-06,0.018154021,0.9816026,0.00024038016,2,7151,495135071
1.2298733e-05,0.035863366,0.9639905,0.00013376484,2,7151,720920250
0.00015694402,0.060181238,0.9214429,0.018218867,1,7247,1316976122
2.5225285e-05,0.0888084,0.91081166,0.0003547304,1,7247,1767498959
6.484545e-05,0.0751863,0.9153401,0.009408735,1,7247,480725098
8.089235e-06,0.23790516,0.7620634,2.333374e-05,1,7247,513613537
8.963139e-05,0.27114996,0.727383,0.0013773328,1,7251,443495007
0.001646609,0.6172956,0.3800878,0.00096999685,1,7251,490362549
0.0023177224,0.6219752,0.37437534,0.0013318289,1,7251,506596116
0.0010859948,0.4608526,0.5372731,0.0007883545,1,7251,1741696127
0.0005478501,0.21321417,0.7825477,0.0036902134,1,7251,2113117638
9.035042e-05,0.11655256,0.8827026,0.0006544595,2,7396,29866384
6.517842e-05,0.07342025,0.9251981,0.001316464,2,7396,2016760811
1.7511813e-05,0.025055658,0.9746593,0.0002675189,2,7396,179970358
1.15765715e-05,0.058287628,0.94052494,0.0011758832,2,7396,920625205
7.0191563e-06,0.009200933,0.99015117,0.0006409409,2,7397,365154131
1.0180996e-05,0.005487691,0.9903619,0.0041403044,2,7397,531274417
0.000114182454,0.039864395,0.94409513,0.01592622,2,7397,723641150
9.971728e-06,0.0013792032,0.979035,0.019575873,2,7397,1579337904
1.4999887e-06,0.0031684823,0.99607784,0.00075215107,2,7397,1708692259
0.08167096,0.88376284,0.034057368,0.000508901,1,7491,395290287
0.066178165,0.868264,0.06450045,0.0010573082,1,7491,1058314505
0.029742276,0.77283156,0.19649115,0.00093502575,1,7491,1242696903
0.01377054,0.8331261,0.15226291,0.00084036647,1,7491,1678492783
0.0048866593,0.489417,0.50368816,0.0020082388,1,7544,448184794
0.00031494556,0.49832997,0.50130826,4.6844056e-05,1,7544,1205283630
3.606313e-05,0.20633915,0.793456,0.00016879472,1,7544,1528620153
0.00015587859,0.41895357,0.5808405,5.005754e-05,1,7544,2117721642
0.48406214,0.51343095,0.002439989,6.688856e-05,1,7648,555000490
0.450348,0.546145,0.0033810067,0.00012595612,1,7648,973265499
0.14769606,0.8440655,0.007850459,0.0003879873,1,7648,1132964603
0.5735628,0.42141986,0.0043745977,0.00064283505,1,7648,930545168
0.41999692,0.5702236,0.00963068,0.00014874114,1,7648,1692953921
0.00040872896,0.008150879,0.24373282,0.74770755,2,7679,1131912005
7.012715e-05,0.00086882967,0.3970517,0.60200936,2,7679,1318758683
0.0017246509,0.008401839,0.17985898,0.81001455,2,7679,223930585
4.8380207e-05,0.0008733881,0.22857468,0.7705036,2,7679,289193609
0.000183318,0.032028858,0.5196513,0.4481365,2,7679,1306708068
5.7594116e-05,0.07760417,0.9178884,0.0044498923,2,7873,615559793
4.316325e-06,0.00058801926,0.8503022,0.1491054,2,7873,2079273146
0.00011607368,0.037153073,0.9622664,0.00046451748,2,7873,914094252
0.00017544534,0.09185029,0.9038796,0.004094737,2,7873,1968573992
9.675617e-05,0.646155,0.35362092,0.00012731939,1,79,324319833
0.0005594664,0.74385464,0.2555673,1.8588864e-05,1,79,1043635482
0.0044645136,0.9714286,0.024096215,1.0734162e-05,1,79,1032716115
0.0042286236,0.7826171,0.21312223,3.21318e-05,1,79,1968162207
0.0023024974,0.64915544,0.3483576,0.00018449803,1,7900,311985348
0.0031860364,0.688564,0.30805957,0.00019038058,1,7900,1296016435
0.012993007,0.8811619,0.105583794,0.00026126695,1,7900,1661836179
0.00023519843,0.43671253,0.562928,0.00012422688,1,7900,295792758
0.008996379,0.6210687,0.36907616,0.00085879164,1,7900,1833379637
0.98150796,0.01840047,2.8623826e-05,6.286743e-05,0,7908,1126503464
0.9826964,0.017000135,7.915949e-05,0.00022429877,0,7908,1526398679
0.99259514,0.0073570693,1.1928344e-05,3.5883164e-05,0,7908,2018792640
0.99046296,0.009494797,9.351503e-06,3.2970354e-05,0,7908,898599546
0.9871155,0.012812465,1.823359e-05,5.3763713e-05,0,7908,1556079262
0.00048512395,0.014112378,0.76285607,0.22254634,2,7985,412327262
0.0001098203,0.005799013,0.4999758,0.49411535,2,7985,587435494
7.842483e-06,0.005877099,0.9825357,0.01157932,2,7985,1697621006
2.6360594e-05,0.0132252555,0.93847716,0.04827118,2,7985,153671190
0.00022064299,0.017616194,0.8975335,0.084629744,2,7985,218714033
3.783698e-06,0.0011749864,0.91933626,0.07948487,2,7985,576139264
0.016059278,0.32738826,0.6554059,0.001146593,2,8038,65327662
0.014260261,0.53763133,0.44713888,0.000969514,2,8038,146014654
0.00030326442,0.1253039,0.85215604,0.022236815,2,8038,772023036
0.0001963599,0.2466247,0.7486692,0.004509712,2,8038,803330736
0.10252835,0.40412858,0.47525883,0.018084237,2,8038,269081549
0.00043661374,0.11092148,0.88058144,0.008060476,2,8038,302531270
0.05011178,0.5862856,0.36200118,0.0016014244,2,8038,1402425103
0.007852979,0.24160166,0.74090075,0.009644579,2,8038,1933758526
0.12466098,0.8542123,0.021042623,8.4065454e-05,1,8053,478220057
0.6724317,0.3245671,0.0026551764,0.00034604227,1,8053,2033993212
0.22241946,0.7681769,0.009227173,0.00017649803,1,8053,347430488
0.5381151,0.45711565,0.0043453528,0.00042394095,1,8053,1134115441
0.2992257,0.69304794,0.0073049716,0.00042141788,1,806,314735371
0.07000002,0.9074738,0.02228838,0.00023780268,1,806,1718549170
0.00014127551,0.28382427,0.71593994,9.452155e-05,1,806,791970176
0.009431282,0.87140465,0.11883281,0.00033125243,1,806,805842284
0.0017337584,0.9521932,0.046068422,4.6284877e-06,1,806,886957103
0.0008609038,0.46953782,0.5293423,0.0002589437,1,8072,100715726
0.000963718,0.7947718,0.20415014,0.00011433716,1,8072,2088030209
0.2581366,0.6794598,0.061541032,0.0008625116,1,8072,1733627070
0.18062386,0.7593605,0.059220437,0.00079521834,1,8072,1857860231
0.7417728,0.25706184,0.0010231158,0.00014229171,1,8077,731479435
0.46302643,0.5243261,0.009114641,0.003532794,1,8077,1753162756
0.57922477,0.41569525,0.0037556088,0.0013242884,1,8077,1142504786
0.26199973,0.73266023,0.0051983693,0.0001416491,1,8077,1537619289
0.02126929,0.8859612,0.092524655,0.00024487445,1,8214,750085231
0.0008393893,0.7847445,0.21432646,8.961617e-05,1,8214,1766917773
0.0017634727,0.42115438,0.5764993,0.00058281526,1,8214,1092358684
0.00092069,0.37704784,0.62198085,5.066138e-05,1,8214,2102410726
0.00084066053,0.27211848,0.72677726,0.0002635919,1,8218,1080728445
0.00027399053,0.80778944,0.19192524,1.1387566e-05,1,8218,1215494362
2.7111723e-06,0.47517267,0.524823,1.6186495e-06,1,8218,349649753
0.00025623702,0.19689079,0.8026499,0.00020303972,1,8218,1756002702
0.038963024,0.9470626,0.013805711,0.00016866639,1,8260,1641873139
0.080043994,0.91061896,0.009266834,7.027449e-05,1,8260,1900523352
0.030872531,0.944845,0.023929264,0.00035324311,1,8260,284800898
0.21197683,0.7809324,0.0069719963,0.00011882,1,8260,1799418080
4.2231576e-07,0.007295996,0.9925687,0.00013484686,2,8325,826011010
1.7884989e-06,0.005802642,0.99375665,0.0004389291,2,8325,1735956294
3.265225e-05,0.01901706,0.98076266,0.00018765089,2,8325,2026248949
6.248346e-05,0.11833236,0.8811497,0.00045537853,2,8325,792243320
2.624266e-05,0.023025965,0.9750518,0.0018959192,2,8325,1341271965
3.4897896e-06,0.0237887,0.9761765,3.129294e-05,2,8325,1651262367
1.8533722e-06,0.030465912,0.9694178,0.00011439484,2,8325,1687300875
7.3658357e-06,0.053276576,0.9466752,4.0914965e-05,2,8325,1824429137
9.366456e-07,0.07457361,0.92542106,4.4389376e-06,2,8354,1058910148
0.00016008766,0.16056101,0.83868223,0.0005966727,2,8354,2012272781
8.837943e-05,0.076372825,0.9225132,0.0010255822,2,8354,769174283
7.884147e-06,0.055352073,0.94446653,0.00017355896,2,8354,1478076245
1.5979826e-05,0.00033091858,0.029291298,0.9703618,2,8361,574346017
0.0003228882,0.001657612,0.15028512,0.8477343,2,8361,607838430
9.393192e-05,0.00064105354,0.038024243,0.96124077,2,8361,1413441277
0.00021050681,0.0013365522,0.169953,0.8284999,2,8361,652784387
4.553682e-05,0.000538155,0.013781322,0.985635,2,8361,1283351171
7.443976e-05,0.41371837,0.5861144,9.275511e-05,1,8383,743173646
9.534156e-05,0.321182,0.67865425,6.837526e-05,1,8383,799885261
0.00030634564,0.48812482,0.5114433,0.00012550017,1,8383,1232582310
3.4967063e-05,0.086386904,0.91270435,0.00087387196,1,8383,1194860150
0.00015532668,0.4367478,0.56291616,0.00018072594,1,8383,1262972916
0.0005451722,0.32284257,0.67621726,0.00039501916,1,8383,1630963965
0.00011227523,0.20198627,0.796055,0.0018464826,1,8383,1909646067
0.00028306566,0.010123403,0.85013944,0.13945414,2,8461,342227587
0.00032101508,0.020069318,0.8874215,0.092188284,2,8461,1975940477
0.00037275028,0.010208222,0.6533832,0.3360358,2,8461,35599537
6.957874e-05,0.021458056,0.9738975,0.00457487,2,8461,1928583076
0.030449215,0.9362806,0.033169013,0.00010107158,2,8570,15071485
0.003676257,0.5079214,0.48811364,0.00028876206,2,8570,669955299
0.38422108,0.43009928,0.1817595,0.0039201356,2,8570,984799738
0.0035772042,0.57376873,0.4217653,0.0008887115,2,8570,2139613775
4.023731e-05,0.48184556,0.5180853,2.890393e-05,2,8570,143219894
0.04260286,0.8404002,0.11666125,0.00033556556,2,8570,223612292
0.0026060601,0.49256176,0.5005063,0.0043259556,2,8570,465849117
0.07364821,0.5507722,0.37205613,0.0035234794,2,8570,1210510801
7.929041e-06,0.009807448,0.9842951,0.005889459,2,8574,709325885
0.00014158298,0.007740549,0.91169345,0.08042443,2,8574,2064028440
0.00011022821,0.0017053434,0.6514329,0.34675154,2,8574,480930509
0.0002173104,0.00071081426,0.19448236,0.80458945,2,8574,1913735558
3.974339e-06,0.0017880527,0.9966265,0.0015815231,2,8604,97924768
0.0006652078,0.005561689,0.8318133,0.16195989,2,8604,547378819
4.469121e-05,0.0048179585,0.96913886,0.025998486,2,8604,915256228
0.00041417967,0.0023170675,0.72058046,0.27668825,2,8604,1944296651
3.3052074e-06,0.03105176,0.96893096,1.3924522e-05,2,8612,993929405
0.0026261664,0.18730845,0.8006641,0.009401177,2,8612,1094340756
2.5400996e-06,0.0037221415,0.9903189,0.0059563466,2,8612,313218472
0.0007187798,0.06577614,0.9293443,0.0041607735,2,8612,1177736435
0.8580236,0.13412157,0.0041535334,0.0037012624,0,8619,394214330
0.9590533,0.040691756,7.7372635e-05,0.00017759702,0,8619,504227625
0.9628783,0.03480121,0.00048031643,0.0018401633,0,8619,597761399
0.88579667,0.0999799,0.0040270854,0.01019628,0,8619,1116996763
0.96438897,0.031759094,0.00035098277,0.003501009,0,8619,7239788
0.9249356,0.07427071,0.0004465165,0.00034715346,0,8619,364115788
0.8815199,0.11719623,0.00085008785,0.00043383724,0,8619,736576019
0.9157696,0.08410323,9.5259384e-05,3.1885113e-05,0,8619,776808417
0.9846148,0.015247554,2.364588e-05,0.000114082315,0,8619,1006592349
0.97020954,0.029667692,3.8883893e-05,8.3970794e-05,0,8619,1726644384
1.509203e-06,1.1618374e-05,0.18105225,0.8189346,2,862,493071540
1.2771209e-05,2.6874852e-05,0.08272438,0.917236,2,862,684538323
0.0002287771,0.00026666903,0.16564456,0.83386,2,862,741358020
9.036515e-05,0.00022627026,0.14136913,0.8583142,2,862,1632067448
0.008089042,0.72481257,0.26694956,0.00014877747,1,8642,525511932
0.0043961676,0.91837984,0.077102,0.00012202286,1,8642,547643705
0.0035463963,0.92190844,0.07450294,4.2166757e-05,1,8642,789138781
0.0042077196,0.8195174,0.17609367,0.00018123652,1,8642,46214839
0.03349815,0.8686984,0.09761163,0.00019177649,1,8642,71849094
0.020018887,0.8838488,0.09597968,0.00015271812,1,8642,621312183
0.08803783,0.84311175,0.06832239,0.0005279234,1,8686,196539091
0.17653911,0.81861687,0.004782793,6.1144274e-05,1,8686,1385602129
0.5486772,0.4494218,0.0017120623,0.00018895326,1,8686,219460346
0.2331339,0.68547875,0.07768234,0.0037049616,1,8686,742704507
0.13019429,0.8596584,0.010082787,6.4408465e-05,1,8686,1184638053
5.0148054e-05,0.0003182014,0.44105482,0.5585768,3,8732,647267886
3.5247773e-05,0.0016030159,0.94310576,0.055255882,3,8732,791267021
0.00023237182,0.0035043908,0.4647825,0.5314808,3,8732,391790803
9.107851e-05,0.0010537434,0.655578,0.3432772,3,8732,1250168404
0.00028916748,0.0057854485,0.41555068,0.5783747,3,8732,1459886943
0.000541122,0.46507928,0.53432256,5.7067253e-05,1,8785,402462048
0.00060313346,0.93183494,0.067558505,3.484575e-06,1,8785,1050149859
0.0035114414,0.9522934,0.04418153,1.3574263e-05,1,8785,1906919388
0.00010985528,0.22504722,0.7747632,7.9712474e-05,1,8785,1218134344
0.0038976052,0.76165164,0.23427442,0.00017629899,1,8785,1307526001
0.014368282,0.71569926,0.26135746,0.008574998,1,8817,714596136
0.019750135,0.67372113,0.3032673,0.0032614493,1,8817,1406177895
0.019568838,0.84512675,0.13361292,0.001691545,1,8817,1412732012
0.0020043633,0.878987,0.11891247,9.6185126e-05,1,8817,2113467020
0.895942,0.102780364,0.00039918933,0.0008783736,0,8935,1052705063
0.6617007,0.3263651,0.010832441,0.0011016771,0,8935,1397515418
0.7903062,0.2078295,0.00157115,0.000293105,0,8935,1906156833
0.67347676,0.32238945,0.0026663013,0.0014674542,0,8935,315969791
0.52249676,0.47028148,0.0053334422,0.0018883456,0,8935,551254216
0.7485242,0.24940237,0.0018212915,0.00025214165,0,8935,1129304924
0.074689455,0.8968729,0.028317425,0.00012029614,1,8945,510316314
0.47958845,0.48146826,0.035417985,0.0035253433,1,8945,1078750735
0.023351138,0.94666505,0.029951174,3.2596523e-05,1,8945,120802214
0.118463814,0.8622766,0.019089764,0.00016979109,1,8945,594850626
0.14525339,0.8321057,0.02245764,0.00018327661,1,8945,1084566022
4.876205e-05,0.337178,0.66266,0.000113197755,2,8981,781645012
0.00011541241,0.24376085,0.75525415,0.0008695765,2,8981,1509850488
0.00014067975,0.22681369,0.77046466,0.0025809633,2,8981,1970569824
7.470269e-07,0.019333376,0.98057383,9.2152484e-05,2,8981,507893958
8.222653e-05,0.072382815,0.92693174,0.0006032761,2,8981,560946398
3.2029136e-05,0.096903324,0.9013825,0.0016821999,2,8981,1456080721
0.010363725,0.842599,0.1469476,8.97237e-05,1,9039,1862782313
0.0054242373,0.806399,0.18806057,0.000116234005,1,9039,2081656062
0.0055964584,0.6412148,0.35293034,0.00025839105,1,9039,527993011
4.0811163e-05,0.5333694,0.4665653,2.4384568e-05,1,9039,1845527676
1.8593154e-06,0.39051616,0.6094639,1.8071227e-05,2,9052,106629842
6.7159825e-05,0.15094714,0.84782356,0.0011621764,2,9052,164691998
7.448224e-05,0.31829917,0.6813308,0.00029556055,2,9052,1105074977
1.669406e-05,0.54137576,0.4585859,2.1624164e-05,2,9052,449139861
0.0008741819,0.5423242,0.45670617,9.547641e-05,2,9052,2147069906
0.0030706786,0.22955924,0.75466937,0.012700746,2,9088,537342573
0.013027508,0.21514408,0.724752,0.047076456,2,9088,757064047
0.019955637,0.16863465,0.79357237,0.017837353,2,9088,817979861
0.07462223,0.50886434,0.40829933,0.008214123,2,9088,1078374232
0.015272104,0.65375984,0.32287702,0.008091085,2,9088,1355153787
0.0005326854,0.16133325,0.8327446,0.005389458,2,9088,1811904798
0.008943098,0.24522318,0.71682435,0.029009394,2,9088,910123451
0.0019469811,0.100974336,0.8730554,0.024023345,2,9088,1074078973
0.005090077,0.17450167,0.7762888,0.044119358,2,9088,1263577273
0.0047201253,0.18665698,0.67010516,0.13851771,2,9088,1326044715
0.004246802,0.2993004,0.6957828,0.0006699977,2,9088,1603958243
0.42624193,0.55261827,0.014788218,0.0063515655,1,9117,74602538
0.39912733,0.5980255,0.0026215522,0.00022563583,1,9117,1175730386
0.13065094,0.85691166,0.012025867,0.00041152234,1,9117,911910436
0.17062157,0.81616956,0.0128685525,0.0003403352,1,9117,1172667911
0.0030175599,0.7779025,0.21881573,0.0002641864,2,9209,1146960777
8.289037e-05,0.46171954,0.53813714,6.0415987e-05,2,9209,1522098388
0.005950615,0.7688246,0.22487676,0.000348004,2,9209,179674348
0.00034573398,0.384944,0.61458874,0.00012155517,2,9209,331138130
3.8432063e-06,0.16284142,0.83715236,2.399505e-06,2,929,463519551
0.0079553705,0.5174926,0.46910235,0.0054496266,2,929,1465673769
9.673061e-05,0.15528692,0.8443579,0.00025844347,2,929,615145871
7.058727e-06,0.191115,0.80885786,2.0152234e-05,2,929,668904418
0.00092634937,0.7530342,0.24599558,4.3936237e-05,2,936,83335632
0.07602282,0.76071596,0.15980367,0.0034575209,2,936,1386514105
0.0075301784,0.9069898,0.08537083,0.00010925276,2,936,2006445536
9.560966e-05,0.61077434,0.38910434,2.5716994e-05,2,936,920390822
0.0011916296,0.4123269,0.58635163,0.00012980547,2,936,1850696336
0.34082958,0.6376738,0.019687546,0.0018090785,1,9400,963254159
0.42604125,0.5625237,0.01007875,0.0013562575,1,9400,1655384525
0.5906039,0.3781307,0.019511715,0.011753662,1,9400,597777356
0.68226254,0.31274936,0.0038415752,0.001146544,1,9400,637217441
0.13079692,0.8652122,0.0039412063,4.9638587e-05,1,9400,1316340004
0.0023032823,0.8396397,0.15799466,6.239648e-05,1,9559,203061242
0.00076702493,0.5228696,0.47606468,0.00029876697,1,9559,1047452753
0.0012715701,0.6860271,0.3124417,0.0002595828,1,9559,1174804734
0.07160159,0.8768717,0.051423937,0.000102752565,1,9559,378171161
0.23105307,0.75501555,0.0128098475,0.0011214247,1,9559,790325351
0.0022560041,0.7171147,0.28056896,6.039171e-05,1,9559,1775300814
0.1320518,0.7632442,0.10346531,0.0012386744,1,9702,807573619
0.024318758,0.9221085,0.052695982,0.0008767455,1,9702,1520090136
0.08236573,0.64914906,0.26267064,0.00581461,1,9702,1866426124
0.026083602,0.9119424,0.061760403,0.00021356635,1,9702,948946212
0.28655717,0.6956495,0.01745417,0.00033908614,1,9702,993838408
0.030220907,0.81597894,0.15364848,0.00015160433,1,9702,1742538116
0.00041729675,0.049524013,0.84561855,0.10444006,2,9750,1208494128
4.5408262e-05,0.0070549627,0.87551266,0.11738698,2,9750,2028693570
8.241094e-05,0.0058998307,0.5811233,0.41289446,2,9750,135986243
3.239887e-05,0.0033794108,0.8748798,0.121708386,2,9750,435714661
4.995147e-06,0.12133391,0.8785987,6.2422696e-05,1,9762,666905888
6.5855925e-06,0.053745423,0.94553095,0.0007170361,1,9762,1706521816
1.3668393e-05,0.05023537,0.9496817,6.91622e-05,1,9762,214843376
6.9491057e-06,0.042522207,0.9569682,0.00050261756,1,9762,1277544220
0.049443737,0.60064334,0.33083308,0.019079858,1,9771,555397945
0.0025483065,0.81685364,0.18029802,0.0003000536,1,9771,682180502
0.0046376516,0.73923886,0.2554685,0.00065503916,1,9771,836342975
0.026590664,0.7885521,0.18124506,0.0036121919,1,9771,1528300041
0.00021882566,0.541513,0.45825827,9.907857e-06,1,9815,618828301
0.00015777456,0.5162994,0.48353115,1.1650858e-05,1,9815,1922667223
0.004652831,0.6846456,0.31033087,0.00037073268,1,9815,19393291
0.0034059423,0.9119227,0.08465337,1.8071958e-05,1,9815,1587229737
2.6171705e-05,0.05544216,0.9438538,0.00067783677,2,9823,1898280518
0.00012179035,0.023599306,0.9415683,0.03471059,2,9823,2077398691
5.739522e-05,0.037220046,0.9605944,0.0021280907,2,9823,1378385222
3.293337e-05,0.0538919,0.94578993,0.0002853027,2,9823,1698583261
0.009662351,0.7893028,0.20084704,0.00018774968,1,9865,455089656
0.00065481954,0.6638948,0.33523187,0.0002185026,1,9865,666603125
5.0364368e-05,0.54461753,0.45531934,1.2798743e-05,1,9865,1702992213
0.00038884295,0.89314556,0.1064555,1.0093246e-05,1,9865,637542663
0.0075278794,0.69544965,0.2965676,0.00045488475,1,9865,1659900307
0.00049266714,0.4688438,0.5304987,0.00016486316,1,9865,1831206522
1.3828529e-05,0.14963087,0.8502858,6.951428e-05,1,997,873425464
1.2814805e-05,0.15732086,0.8426213,4.4968398e-05,1,997,2129119612
0.12717502,0.78890824,0.08138129,0.002535459,1,997,1487679918
0.00032811382,0.4611505,0.53829503,0.00022634897,1,997,1775983513
