class_0,class_1,class_2,class_3,target,study_id,image_id
6.813753e-05,0.26406106,0.73563874,0.00023204448,2,10226,461614796
0.0003835608,0.2902315,0.7081565,0.0012283764,2,10226,530620473
0.0006808265,0.1900334,0.8041565,0.0051292917,2,10226,309353373
0.00047421004,0.41951028,0.5785058,0.0015097047,2,10226,348710745
0.0005155373,0.37903446,0.61934847,0.0011014834,2,10226,806376890
0.0005557452,0.20353161,0.7943851,0.0015274973,2,10226,1943220805
0.00010054755,0.00018969948,0.089183815,0.9105259,3,10243,130367763
5.3152577e-05,0.000427371,0.2135782,0.7859413,3,10243,1716961366
2.5850992e-05,0.000102085105,0.09982688,0.9000452,3,10243,1424382547
0.0003284139,0.0006831903,0.11605652,0.8829318,3,10243,1797657520
0.015035381,0.8349386,0.14958508,0.0004409682,1,1025,773597682
0.007955186,0.77984035,0.21177237,0.0004320907,1,1025,1803952236
0.046184886,0.8082508,0.14332056,0.0022436918,1,1025,347069540
0.04328512,0.87827194,0.07737421,0.0010687488,1,1025,1122776493
0.006922546,0.7625084,0.22896834,0.0016007465,1,10342,1523044954
0.013368291,0.7480225,0.23497036,0.0036387695,1,10342,1981230598
0.006486939,0.8594454,0.13285075,0.0012169438,1,10342,430541765
0.010202534,0.7404646,0.242752,0.00658079,1,10342,628578547
0.013096958,0.8061492,0.17995116,0.0008026093,2,10406,233967803
0.0029503084,0.7603502,0.23644738,0.00025205463,2,10406,1622454506
0.0039465874,0.6734164,0.32199556,0.00064146984,2,10406,1905942887
0.0060061375,0.7338231,0.25985068,0.0003200232,2,10406,939620685
0.0033849492,0.62597984,0.3700615,0.00057367503,2,10406,1121301491
0.0016533461,0.57266235,0.4252816,0.0004026131,2,10406,1205849672
0.16349015,0.83198154,0.0043679085,0.00016042078,1,10442,342203223
0.5457885,0.43281436,0.020098535,0.0012985737,1,10442,604882069
0.06504029,0.91253227,0.022174587,0.0002528411,1,10442,1119390120
0.18933877,0.8012239,0.009127965,0.00030934002,1,10442,1605097365
0.47840002,0.51626664,0.005012176,0.00032111607,1,10442,1755756186
0.033577155,0.9358315,0.030445782,0.00014559859,1,10442,506148695
0.02403178,0.88344556,0.09223568,0.0002869516,1,10442,560290012
0.06750789,0.9043054,0.027912972,0.0002737211,1,10442,652344784
0.0072484715,0.84832615,0.14422175,0.00020356788,1,10442,1833418626
0.01858642,0.8747556,0.10624379,0.000414193,1,10442,1962451444
0.061761584,0.9021743,0.035832383,0.0002317429,1,10442,2078023734
0.0023275902,0.7344403,0.26311725,0.000114782786,1,10468,435970835
0.0038687864,0.73397416,0.26120415,0.00095293287,1,10468,1159975979
0.011030627,0.80640864,0.1820126,0.0005481837,1,10468,243972300
0.01524369,0.7568174,0.22737359,0.0005653532,1,10468,1400960750
0.00036418883,0.08123803,0.91688174,0.0015160287,2,10739,1308949510
5.167588e-05,0.17562819,0.8240539,0.00026621518,2,10739,1858761621
0.000107593725,0.04455725,0.9541063,0.0012289453,2,10739,2068922317
0.006229484,0.6388514,0.3532421,0.0016769669,2,10739,643651118
0.0013110059,0.6285547,0.3696949,0.00043936234,2,10739,761142587
0.0001824677,0.25072128,0.74869466,0.0004015915,2,10739,1176657590
0.20509441,0.49157873,0.25304163,0.050285317,1,10851,808241086
0.4920625,0.34582144,0.13768993,0.024426088,1,10851,1120382217
0.4633311,0.33697543,0.13017686,0.06951657,1,10851,1285202241
0.17138138,0.61554897,0.16706964,0.046000004,1,10851,1441952045
0.67764604,0.22771893,0.0904507,0.0041843024,1,10851,1547415696
0.0008736864,0.30267388,0.6887616,0.0076908646,1,10851,504613176
0.0032978405,0.5059504,0.48679924,0.003952528,1,10851,1797968584
0.00057681266,0.10441684,0.8855357,0.009470635,2,10865,1215083449
0.00024163001,0.070151135,0.922878,0.00672925,2,10865,1676397365
0.0006939683,0.1507182,0.8455902,0.00299773,2,10865,149787458
0.001259582,0.2912172,0.706091,0.0014322477,2,10865,1873336201
0.6162613,0.3765609,0.006016834,0.0011609348,1,10924,112923789
0.61707777,0.37828362,0.0037413486,0.0008972975,1,10924,1377138508
0.5459308,0.44996983,0.0035166517,0.0005826825,1,10924,1563151720
0.80293876,0.19474335,0.0016654064,0.0006525431,1,10924,1926557483
0.00102365,0.43847817,0.55946004,0.0010380917,1,1100,880086705
0.0036989849,0.40221173,0.5905746,0.0035146568,1,1100,1209315961
0.007710257,0.3605616,0.6184817,0.013246458,1,1100,1427603798
0.0015068486,0.45031774,0.5467783,0.0013970911,1,1100,1538849311
0.0055408184,0.39698666,0.59502673,0.0024457579,1,1100,98312675
0.005516913,0.21038036,0.7558352,0.02826756,1,1100,362023212
0.0042197416,0.52693605,0.4661718,0.0026724467,1,1100,468462241
0.832298,0.16678265,0.00064220885,0.00027709894,1,11032,646843040
0.86425495,0.13523035,0.00041554632,9.9210985e-05,1,11032,1521956184
0.7249418,0.27453035,0.00043483457,9.301745e-05,1,11032,2075246714
0.74428636,0.25524908,0.00038783663,7.674145e-05,1,11032,618839560
0.4571553,0.5394368,0.002726575,0.00068130123,1,11032,1579825622
0.829149,0.17073093,9.592537e-05,2.4198465e-05,1,11032,2085894046
0.8343429,0.16486053,0.00067106547,0.00012548713,0,11094,1086977375
0.97966135,0.02028871,4.5717516e-05,4.254598e-06,0,11094,1417771843
0.9064242,0.09304137,0.00045376454,8.071735e-05,0,11094,1882170663
0.9458219,0.05409769,6.483141e-05,1.557361e-05,0,11094,1926447510
0.9334722,0.06602057,0.00040998266,9.72415e-05,0,11094,1069719282
0.95973754,0.040101476,0.000111426234,4.9537226e-05,0,11094,1569592890
0.00044244196,0.006961671,0.47175312,0.52084273,2,11097,135744075
0.0012479885,0.036404483,0.7072609,0.25508663,2,11097,162801043
0.000417063,0.009453199,0.6160023,0.37412745,2,11097,1063696188
0.00017074335,0.0011902087,0.15902343,0.83961564,2,11097,752170963
0.00010229238,0.0011002586,0.1874537,0.8113437,2,11097,2126625832
0.00017989193,0.19536684,0.8038693,0.0005839404,2,11098,601424809
0.0015783726,0.20709947,0.78624463,0.0050775385,2,11098,1292022412
0.0016159171,0.22549662,0.7676163,0.005271172,2,11098,1265594762
0.0006930846,0.3520367,0.6457546,0.0015155997,2,11098,1490995644
0.01094237,0.06288137,0.7037609,0.22241525,2,11107,1166211296
0.0021831216,0.060092274,0.815684,0.122040555,2,11107,1992353189
0.00033068686,0.034996707,0.94489247,0.01978016,2,11107,2011862807
0.016083706,0.64444345,0.3370477,0.0024250853,2,11107,75093114
0.019249516,0.78244305,0.19405633,0.0042510736,2,11107,1843457717
0.28780684,0.6861233,0.02084187,0.005228013,1,11169,1482850375
0.13048586,0.8449648,0.024306236,0.00024301924,1,11169,1782545135
0.519274,0.4781538,0.00224421,0.0003280052,1,11169,705260993
0.5898878,0.4078409,0.0012596981,0.0010115874,1,11169,1617219261
0.054111656,0.84651977,0.09636235,0.003006213,1,11272,800619116
0.026650846,0.84945506,0.12268208,0.0012120632,1,11272,915970291
0.036498453,0.91267943,0.050096735,0.0007253522,1,11272,1842113265
0.002931887,0.742779,0.2540232,0.00026594126,1,11272,773193090
0.0071776495,0.82497805,0.16734245,0.0005018346,1,11272,1076104858
0.0017970682,0.70612425,0.29187843,0.00020024499,1,11272,1875195919
7.0193187e-06,0.013113215,0.9807469,0.0061327843,2,11294,812228127
0.00023540258,0.008802126,0.92008275,0.07087977,2,11294,895146777
1.0662839e-05,0.010943496,0.9886606,0.00038527694,2,11294,1824102234
1.2436776e-05,0.07202643,0.92781323,0.00014794237,2,11294,1349602681
0.00022665515,0.102698825,0.89627916,0.0007954068,2,11294,1409066065
6.365183e-05,0.12921138,0.8704391,0.0002858707,2,11294,1747838179
0.00028582185,0.00080141844,0.10124634,0.8976664,3,11330,1859340051
4.6113764e-05,0.00014873942,0.037881743,0.9619234,3,11330,2113821527
0.0021648267,0.008655608,0.21070433,0.7784752,3,11330,1929037711
0.00025388712,0.0036363266,0.43804148,0.5580683,3,11330,2109530754
0.00042608602,0.010573066,0.8281241,0.16087675,2,11357,2041036912
0.00027226855,0.013987271,0.91672486,0.069015644,2,11357,2120226240
0.00048822994,0.0009234957,0.14682104,0.8517672,2,11357,1339170303
0.000114566,0.0077435817,0.9741933,0.017948553,2,11357,1802781738
0.00076549995,0.5196155,0.47941062,0.00020839905,2,11358,100531881
0.009937067,0.4274158,0.5566317,0.0060153613,2,11358,480059535
0.0016500632,0.6306787,0.36755046,0.000120811084,2,11358,1191615895
0.024520176,0.7786209,0.1947923,0.002066591,2,11358,1259210781
6.814563e-05,0.032962356,0.9656653,0.0013041603,2,11403,465285673
1.136041e-05,0.0060308333,0.9879764,0.005981537,2,11403,1080572775
0.00010962654,0.010891886,0.9453789,0.04361959,2,11403,756751679
2.8681998e-05,0.01185306,0.98620856,0.0019097193,2,11403,971287547
0.5701341,0.41785383,0.010916107,0.0010959118,1,11421,578429039
0.515311,0.4757771,0.007698205,0.0012136949,1,11421,864460834
0.8357645,0.16130087,0.0020670344,0.00086751074,1,11421,2065682925
0.40476775,0.57664514,0.017300988,0.0012861158,1,11421,220684820
0.19722739,0.76842445,0.033358198,0.0009899975,1,11421,766028876
0.08491759,0.8624337,0.05201076,0.0006379386,1,11421,1030542061
0.0001312118,0.0011356447,0.4905015,0.5082317,2,11446,1407646878
2.094861e-05,4.4779143e-05,0.032436173,0.96749806,2,11446,1680862182
8.372623e-05,0.00076786935,0.5224087,0.47673973,2,11446,252493965
0.00034285875,0.0038666115,0.74585,0.24994056,2,11446,1344266027
0.98400766,0.015969476,2.1081887e-05,1.729375e-06,0,11503,223391501
0.9307143,0.06869265,0.00051856984,7.4419295e-05,0,11503,320906700
0.647791,0.3450107,0.0065146573,0.00068359677,0,11503,390085683
0.83566266,0.16077292,0.0030775003,0.00048695604,0,11503,1562697609
0.8265909,0.17060807,0.0025270036,0.00027400258,0,11503,332534551
0.9646702,0.035054404,0.00023965535,3.5692454e-05,0,11503,1970327379
0.00014673687,0.26874673,0.7300735,0.0010330001,2,11514,365435745
0.00087598927,0.48330185,0.5153004,0.00052178616,2,11514,642804651
0.00038181053,0.29541993,0.7028688,0.0013293856,2,11514,2098499524
0.0011967965,0.56787854,0.4298061,0.0011185465,2,11514,63471846
0.00015654454,0.34868175,0.65096617,0.00019558908,2,11514,2050760270
0.3026412,0.6397042,0.05278471,0.0048698997,1,11559,142956131
0.036985967,0.89606935,0.06637736,0.00056732784,1,11559,2079752072
0.034546107,0.85722727,0.10788847,0.00033816835,1,11559,1034781820
0.18050677,0.6987563,0.116247095,0.004489977,1,11559,1447556282
0.3488467,0.6275456,0.023053907,0.00055382575,0,11596,1204482923
0.38016552,0.57003695,0.047688365,0.0021091136,0,11596,1899756297
0.48428044,0.5070541,0.00822349,0.00044195115,0,11596,455204256
0.73449,0.26039335,0.004506517,0.00061011006,0,11596,858160878
0.00078084855,0.0038932674,0.3233522,0.67197365,2,11631,877773253
0.00018673239,0.0043119015,0.8389074,0.1565939,2,11631,1073049948
0.00036350157,0.0006095299,0.08762878,0.9113982,2,11631,1156867790
2.3599096e-05,5.7601246e-05,0.04833081,0.95158803,2,11631,1721151785
6.3188905e-05,6.286127e-05,0.0076065916,0.99226743,3,11664,801982551
2.4707797e-05,3.441114e-05,0.005330861,0.9946101,3,11664,2033849614
2.123139e-05,4.5171426e-05,0.011400119,0.98853344,3,11664,354816390
2.6234644e-05,2.695421e-05,0.0020752077,0.9978715,3,11664,1178808620
0.00073881523,0.2683145,0.7301817,0.0007649469,2,11728,459878698
0.0007002113,0.3728921,0.62546736,0.00094028935,2,11728,1769822637
0.00014315195,0.16240247,0.8371189,0.00033555867,2,11728,1079334910
0.00042743701,0.22088653,0.77779263,0.0008933604,2,11728,1915803121
0.7833642,0.21651816,0.00010549813,1.2107452e-05,1,11755,792525089
0.8215462,0.17744109,0.00075483735,0.00025785886,1,11755,2039406817
0.6763343,0.3182908,0.004621047,0.00075380417,1,11755,1062355012
0.7163569,0.28224018,0.0012408224,0.00016214635,1,11755,1952816084
0.36111516,0.6260648,0.01181062,0.0010095008,1,11794,307771716
0.5687239,0.4163101,0.0121530015,0.002812964,1,11794,1691462054
0.026200918,0.9480796,0.025473122,0.00024643337,1,11794,626059719
0.062130075,0.914193,0.023323331,0.00035365156,1,11794,1614276869
0.017822424,0.90014887,0.081685595,0.00034309394,1,11794,1939031267
0.94864386,0.05110567,0.00020975327,4.071425e-05,1,12064,1050262497
0.9763449,0.023597142,4.6401703e-05,1.1530881e-05,1,12064,1464744279
0.7542701,0.23970361,0.005583265,0.0004430766,1,12064,1033150434
0.9697267,0.030173862,8.559758e-05,1.3956133e-05,1,12064,1749823230
0.0018896068,0.18554956,0.79975337,0.012807515,2,12065,1477394579
0.00019094837,0.078807004,0.91510105,0.005901002,2,12065,1842578230
0.0019124325,0.041449238,0.8711773,0.085460976,2,12065,391500809
7.997241e-05,0.008898985,0.97491825,0.01610282,2,12065,1469752184
0.04940997,0.9282586,0.021860974,0.0004705363,1,12091,845644976
0.07480699,0.90165704,0.02299148,0.0005444641,1,12091,1075061563
0.0350597,0.93050814,0.03406008,0.00037199986,1,12091,1670567147
0.0492338,0.9201011,0.030018982,0.0006460087,1,12091,193239486
0.019290641,0.9150973,0.06510244,0.0005096526,1,12091,909894915
0.09620184,0.8778926,0.025098652,0.0008068831,1,12091,1003865662
0.94965345,0.049860742,0.00040066638,8.519152e-05,0,12111,235205659
0.9220921,0.077554025,0.00028763936,6.624348e-05,0,12111,992291508
0.97995985,0.019968566,6.381538e-05,7.868549e-06,0,12111,1908054619
0.98353404,0.016371267,6.877996e-05,2.5899068e-05,0,12111,1958666116
0.90349686,0.09601945,0.000411934,7.1672745e-05,0,12111,4419843
0.87238234,0.12646724,0.00090075086,0.00024972713,0,12111,1166852260
0.7797884,0.21797931,0.0018546237,0.00037772255,0,12111,2071944688
0.8373819,0.16115893,0.0012360892,0.00022303683,0,12111,2103956468
1.2060487e-05,1.7555321e-05,0.027963925,0.97200644,3,12149,1006821991
0.00011979489,0.00032634882,0.07837282,0.921181,3,12149,1787834927
2.5231664e-05,4.488907e-05,0.029833807,0.97009605,3,12149,1165372797
0.00013570105,0.00027342056,0.07871411,0.92087674,3,12149,1792784474
3.609697e-06,5.030022e-06,0.0066540283,0.9933374,3,12149,2134134659
0.032669026,0.9157613,0.051375065,0.00019468891,1,12166,1485562110
0.038031902,0.84469163,0.11597558,0.0013008807,1,12166,1724299402
0.20183703,0.7786001,0.01919745,0.00036545555,1,12166,907296039
0.11559332,0.8394524,0.043761306,0.001193026,1,12166,1157376930
0.5465292,0.45115018,0.0019075514,0.000413106,0,12167,418708021
0.9118556,0.08705883,0.00066881045,0.0004167197,0,12167,612410595
0.5274271,0.45815325,0.011860598,0.0025590698,0,12167,938621742
0.37208194,0.62421274,0.0031108872,0.0005944348,0,12167,1491261943
0.3186792,0.6752716,0.0053445147,0.0007047423,0,12167,1962254134
0.003687875,0.70312715,0.29289916,0.0002857739,1,12250,10719291
0.0015008674,0.8103243,0.18813933,3.5403384e-05,1,12250,534785176
0.072162844,0.9137532,0.01382527,0.0002586567,1,12250,1513047386
0.039996974,0.83918566,0.1198711,0.0009462543,1,12250,1901256691
0.45658475,0.52731884,0.014563468,0.0015330105,0,12305,1995339680
0.6859532,0.30574402,0.006691148,0.0016116257,0,12305,2026358482
0.6659643,0.31345215,0.01432195,0.0062616016,0,12305,746439348
0.5641298,0.42636424,0.008417947,0.0010879472,0,12305,1147731478
0.06780038,0.84814125,0.08103916,0.00301921,1,1234,43382331
0.13148549,0.55829287,0.2799684,0.030253256,1,1234,708512491
0.13799128,0.67293084,0.17873332,0.010344598,1,1234,787188483
0.063368574,0.8634157,0.07178048,0.0014352392,1,1234,2071252218
0.2799743,0.7111791,0.0077007967,0.0011459101,1,12393,335847400
0.2103303,0.7623641,0.02347304,0.003832561,1,12393,1461202655
0.10026023,0.7984416,0.097218595,0.004079546,1,12393,1643562919
0.037824962,0.90823174,0.053303763,0.00063952897,1,12393,118544819
0.2730495,0.70830226,0.017710257,0.0009380325,1,12393,810451955
0.060378205,0.87097234,0.067205995,0.001443532,1,12393,873736292
0.20399515,0.7825044,0.013170231,0.00033021098,1,12480,299982441
0.46530414,0.5199834,0.012898176,0.0018143154,1,12480,1037476776
0.4111834,0.5537297,0.032991964,0.0020949289,1,12480,1293679574
0.5679824,0.40821695,0.022745261,0.0010554219,1,12480,91326312
0.12354934,0.84653264,0.029763244,0.00015467376,1,12480,513379364
0.22248015,0.719061,0.056371585,0.0020872115,1,12480,2023955360
0.14258982,0.8439038,0.01306141,0.00044499765,1,12501,306501826
0.16774656,0.7399084,0.08625558,0.006089432,1,12501,865056445
0.31143224,0.6207509,0.062049843,0.0057670367,1,12501,63750504
0.21479553,0.7679004,0.016337346,0.0009666297,1,12501,785986826
0.11861884,0.86132777,0.019320615,0.0007328613,1,12550,553713668
0.31592262,0.6470765,0.03194084,0.005060077,1,12550,1838086301
0.4621521,0.516104,0.019351546,0.002392339,1,12550,882602822
0.0613237,0.890703,0.047155295,0.0008179909,1,12550,1789625167
0.5324724,0.458555,0.007189916,0.0017826994,1,12608,208024474
0.6802761,0.31806016,0.001464358,0.00019941542,1,12608,477106886
0.49223346,0.502873,0.003886205,0.0010073759,1,12608,1519686055
0.22081962,0.75757974,0.020557664,0.0010429157,1,12608,285313482
0.2044186,0.7585479,0.036018256,0.001015261,1,12608,677186927
0.5387101,0.45248222,0.007906355,0.00090128044,1,12608,1366158176
0.11007354,0.87148654,0.018008035,0.00043190634,1,12735,1011374421
0.026298279,0.7964977,0.17507863,0.0021253848,1,12735,1152713088
0.058647346,0.810398,0.12782624,0.003128462,1,12735,374223336
0.08016235,0.87823504,0.040883973,0.0007186354,1,12735,1171672801
0.00022149371,0.040634945,0.9541748,0.00496881,1,129,460565604
0.0014266276,0.042001408,0.8622378,0.09433423,1,129,593561341
0.0001187734,0.022419337,0.96200514,0.01545674,1,129,636847368
0.00040716914,0.05483711,0.9363472,0.008408496,1,129,1290552022
3.8031147e-05,4.0397787e-05,0.020117883,0.9798037,2,12943,164195334
0.0017078193,0.0031690605,0.13984184,0.85528135,2,12943,1532841026
0.0004472446,0.0014982726,0.25402245,0.744032,2,12943,1660434599
0.00029665593,0.0065921065,0.6729462,0.320165,2,12943,823801773
0.0039694216,0.04304344,0.70568436,0.24730279,2,12943,1950538456
0.0032345476,0.15860125,0.8107291,0.027435072,2,12965,530152346
0.001847963,0.44495147,0.5508382,0.002362429,2,12965,1386978412
0.0006134926,0.76935464,0.22997491,5.696719e-05,2,12965,940555165
0.001069387,0.5969885,0.4003875,0.001554602,2,12965,962879394
0.07768937,0.83177394,0.0880591,0.0024776012,1,13009,1005559617
0.010341134,0.9716733,0.017951347,3.424854e-05,1,13009,1814014828
0.019581832,0.94620866,0.03404685,0.00016268902,1,13009,256282867
0.11925706,0.7920759,0.08625976,0.002407311,1,13009,573935520
0.5152748,0.4759428,0.007569994,0.0012123783,0,13016,1272777722
0.7985819,0.20066313,0.0006461198,0.00010878946,0,13016,2121983429
0.5788866,0.41754913,0.003305105,0.00025909403,0,13016,902887092
0.17070888,0.79832065,0.030261248,0.0007092387,0,13016,1046149748
0.84937954,0.15045711,0.0001367749,2.6621035e-05,1,13080,867972758
0.9544763,0.045240246,0.00017493067,0.00010860024,1,13080,1234645275
0.9235237,0.07633856,0.000105169886,3.262193e-05,1,13080,203562424
0.77783805,0.22110416,0.00089457043,0.00016314254,1,13080,1584830464
0.010543012,0.7387519,0.2487011,0.002004002,1,13081,141913252
0.07403641,0.8938646,0.03140844,0.000690643,1,13081,1705277057
0.0043231486,0.78104335,0.21418412,0.00044931643,1,13081,196339795
0.0068801036,0.86493665,0.1280234,0.00015978682,1,13081,1838430826
0.00044379255,0.10815316,0.8717428,0.019660203,2,13128,77527444
0.0050366144,0.034568608,0.6770329,0.28336185,2,13128,1281880653
0.0027757084,0.12278976,0.7729031,0.10153146,2,13128,580430558
0.021238696,0.2129394,0.67316157,0.09266035,2,13128,1053152425
0.9531232,0.046803642,3.341351e-05,3.9734277e-05,0,13162,322539523
0.9285059,0.07082594,0.00039137344,0.00027679594,0,13162,1520295331
0.9744553,0.02536531,9.8983925e-05,8.048764e-05,0,13162,2030850520
0.9830736,0.016790671,2.4599418e-05,0.00011109996,0,13162,2146326410
0.87525886,0.123254105,0.0012103213,0.00027669675,0,13162,104693931
0.97161394,0.027776556,0.00030244922,0.00030701674,0,13162,785945334
0.9685708,0.031378407,3.460409e-05,1.6132872e-05,0,13162,1389037743
0.017094836,0.7178314,0.2640665,0.0010073942,1,1322,1056265302
0.1334891,0.76223594,0.102286406,0.001988525,1,1322,1444164845
0.00097479514,0.3282021,0.67042196,0.00040118658,1,1322,1008790576
0.016521636,0.55071104,0.42985708,0.0029102787,1,1322,1474527718
0.06447336,0.83612984,0.0974278,0.0019689735,1,13247,795534080
0.0776953,0.8240519,0.09584098,0.0024117213,1,13247,1667805972
0.009205226,0.8521753,0.13802318,0.0005963283,1,13247,1919542840
0.013907855,0.8467604,0.1385726,0.0007591143,1,13247,1161274778
0.0784034,0.8041666,0.115921594,0.0015083797,1,13247,1784766914
0.08412273,0.8083047,0.106171496,0.0014010582,1,13247,1785591182
0.014945495,0.88368726,0.10099448,0.00037279312,1,13247,2057018586
2.7418211e-05,0.00084326125,0.867818,0.13131134,2,13267,69917988
4.0555955e-05,7.57534e-05,0.06294781,0.9369359,2,13267,1303801780
0.0003342403,0.0004595493,0.09964827,0.89955795,2,13267,1222788247
0.00011501391,0.00025306572,0.09942723,0.9002047,2,13267,1789731455
0.0016691772,0.011744454,0.6800423,0.30654404,2,13267,2024785721
0.0033415041,0.60104185,0.39497498,0.0006416036,1,13293,1194998320
0.0023144141,0.7805009,0.21698768,0.00019701477,1,13293,1482218157
0.001996652,0.5340536,0.46364507,0.00030462773,1,13293,1562571552
0.0017928069,0.32009354,0.67556894,0.0025447207,1,13293,196944914
0.0010953553,0.4459489,0.55239606,0.00055966113,1,13293,301233937
0.0017655294,0.51506215,0.48229837,0.0008739163,1,13293,2118363087
0.98791283,0.011991883,7.243788e-05,2.2892189e-05,0,13302,188584446
0.9858409,0.01395075,0.00017118713,3.7131034e-05,0,13302,1045302635
0.979758,0.02005199,0.00013734195,5.2579275e-05,0,13302,2145423651
0.8252962,0.17025536,0.0039906166,0.00045777412,0,13302,1390328797
0.6780246,0.31949475,0.0021295694,0.00035107203,0,13302,2002953124
0.022250772,0.88707644,0.089534506,0.0011382658,1,13312,340896505
0.0017228423,0.69847095,0.29814878,0.0016574704,1,13312,358808391
0.30469263,0.6732343,0.021369237,0.0007038522,1,13312,1008199745
0.22536226,0.7642094,0.0098013915,0.0006269537,1,13312,1953250523
0.0006008766,0.6298578,0.36942953,0.00011182786,2,1349,788034359
0.00024107286,0.31877202,0.6807556,0.00023122325,2,1349,1622723373
0.00733543,0.5957887,0.394572,0.00230383,2,1349,1650528096
0.0011228842,0.5035976,0.49476045,0.000519034,2,1349,140724108
0.00017091147,0.3255337,0.6740899,0.0002054573,2,1349,1177432508
0.22175328,0.761437,0.01578465,0.0010250304,1,13508,726620095
0.37942255,0.6167052,0.003458898,0.000413281,1,13508,845243682
0.26900592,0.71838737,0.011688268,0.00091837015,1,13508,464678102
0.28841043,0.69992197,0.0108715845,0.0007959539,1,13508,1092497391
0.002375065,0.90749735,0.09005188,7.571527e-05,1,13511,42353101
0.055209503,0.88714737,0.05648468,0.0011584167,1,13511,150077557
0.0060851737,0.9136605,0.079914294,0.00033989965,1,13511,696017063
0.04886161,0.88925683,0.06102895,0.00085262913,1,13511,1222743534
0.00040171534,0.0017560683,0.14664198,0.8512002,2,13524,999272331
0.00074496446,0.002225503,0.071513616,0.92551595,2,13524,1367132807
0.00012849523,0.0002677432,0.0650225,0.9345813,2,13524,892610097
0.0007725828,0.0009409248,0.044268683,0.95401794,2,13524,1647761003
0.0008402977,0.0016792008,0.068007834,0.9294727,2,13524,2071067473
2.4881732e-05,0.015641665,0.979999,0.0043344568,2,13539,286846505
0.00015437357,0.028114907,0.94750214,0.02422853,2,13539,509574470
0.0010869069,0.08427883,0.8792874,0.035346895,2,13539,1456516855
0.00011616497,0.10225672,0.8959036,0.0017234845,2,13539,652910211
0.00019434962,0.12725793,0.87168235,0.00086538267,2,13539,953038641
0.00173434,0.264193,0.7288688,0.005203851,2,13539,1608356095
0.00017044446,0.20131952,0.79798156,0.00052843575,2,13578,469263808
0.001108335,0.41407567,0.5841153,0.00070065993,2,13578,1847322644
0.00012663213,0.239236,0.76045215,0.00018520067,2,13578,1992687456
0.00059869885,0.078376755,0.9147082,0.0063163154,2,13578,230648064
0.00035681605,0.022243274,0.9369253,0.04047459,2,13578,307960873
0.00037975126,0.47071102,0.52865857,0.0002506669,1,1360,155546057
0.0012109841,0.6676398,0.33103254,0.00011669957,1,1360,1217480062
0.013562009,0.6160092,0.36846545,0.0019633307,1,1360,1826482669
0.00046497912,0.16901153,0.828365,0.0021584206,1,1360,22962485
0.00016659433,0.30367622,0.6958794,0.00027785232,1,1360,126305614
0.0003111053,0.22438288,0.7734267,0.0018792797,1,1360,1799497271
0.00078828284,0.5491685,0.44985628,0.00018692367,2,13623,45991475
0.00090328115,0.51861656,0.48020977,0.000270396,2,13623,1288373946
0.00073129823,0.6434321,0.35509902,0.0007376664,2,13623,1502862823
0.0001911917,0.5172331,0.48225895,0.00031682884,2,13623,2133628885
0.23900193,0.75909686,0.0017607089,0.00014057307,0,13635,1237813932
0.33588356,0.6513262,0.010891081,0.0018991386,0,13635,1456852975
0.099520266,0.8949536,0.0053420956,0.00018403682,0,13635,2058935694
0.1630594,0.833518,0.003339388,8.3203035e-05,0,13635,661594494
0.2689725,0.72165453,0.009017435,0.00035556898,0,13635,1618424977
0.08717909,0.8957421,0.01657244,0.0005063565,0,13635,1960264281
0.0047278465,0.69770235,0.2973967,0.00017314288,1,13653,88912957
0.02128402,0.82356924,0.15398009,0.0011666379,1,13653,668548691
0.031653915,0.88810384,0.07970045,0.0005417374,1,13653,1708578388
0.022942673,0.7897907,0.18495712,0.0023095286,1,13653,2023790095
0.55920845,0.4340255,0.0061840494,0.00058201316,0,13858,1617913892
0.6622308,0.32623526,0.009776847,0.0017571014,0,13858,2063625645
0.38790923,0.5924226,0.018133083,0.001535054,0,13858,262670104
0.26427975,0.72083706,0.014124014,0.0007592019,0,13858,1070002162
0.67175514,0.32566947,0.002095702,0.00047974437,0,13868,406720029
0.7584325,0.23987842,0.0012687825,0.00042030046,0,13868,1004286980
0.7871612,0.21169351,0.0010432919,0.00010209574,0,13868,1631171838
0.55186486,0.43140578,0.013636715,0.0030925944,0,13868,2073081392
0.7044042,0.2936127,0.0016959303,0.00028724517,0,13868,46209567
0.69372284,0.3040972,0.001658412,0.00052156043,0,13868,1213780187
0.59600854,0.39637804,0.0066308514,0.0009824972,0,13868,1856911958
5.3219515e-05,0.00019203998,0.053517174,0.94623756,3,13909,1426466271
0.00025067973,0.00048804388,0.10479133,0.89447,3,13909,1939963533
3.3693876e-05,5.1089683e-05,0.020487351,0.9794278,3,13909,1054329984
2.4970794e-05,5.4630458e-05,0.031485964,0.9684344,3,13909,1804435654
0.02337327,0.8585567,0.11752277,0.00054721633,0,13918,63731680
0.026178185,0.7677647,0.20313223,0.002924839,0,13918,1178907559
0.016352188,0.70428157,0.27791163,0.0014546524,0,13918,232178927
0.019721253,0.8833207,0.09650016,0.00045783632,0,13918,755876684
0.025081102,0.85886437,0.112459175,0.00359531,1,14048,379054974
0.24887495,0.7363033,0.013734341,0.0010873998,1,14048,553411156
0.47340542,0.5173346,0.00653269,0.002727358,1,14048,1077338558
0.17309365,0.7437846,0.06644939,0.016672334,1,14048,1379638734
0.075882256,0.8760103,0.04709319,0.0010143026,1,14123,1236782782
0.0010466621,0.84798443,0.15088697,8.199577e-05,1,14123,2009772454
0.028591618,0.88471353,0.08576565,0.0009291638,1,14123,634025923
0.15729272,0.7831512,0.056141477,0.0034146027,1,14123,1641748045
0.034658663,0.8858466,0.078709655,0.00078507146,1,14123,1702128001
0.30064103,0.6838017,0.014474149,0.0010830561,0,14166,831488326
0.16374646,0.83060557,0.005452319,0.00019563278,0,14166,1206206935
0.42890435,0.5652613,0.004698818,0.0011355687,0,14166,570368246
0.40611306,0.59054226,0.002926392,0.00041832105,0,14166,1100076228
0.02706261,0.77367616,0.19850855,0.0007527081,2,14316,766403430
0.0036924216,0.7403841,0.2553862,0.00053725543,2,14316,1927362097
0.0033286123,0.5282626,0.46815076,0.0002580198,2,14316,1161537649
0.015440336,0.2895735,0.66358715,0.03139905,2,14316,2081383435
0.1402913,0.7669488,0.054629754,0.038130105,1,14454,397741535
0.2084947,0.74080896,0.04124745,0.009448858,1,14454,1585204195
0.29424927,0.6945663,0.009892034,0.0012924353,1,14454,900990707
0.29760507,0.69044733,0.0091053555,0.0028422507,1,14454,1185853651
0.0035945007,0.12933724,0.8132294,0.05383893,2,14491,1449551658
0.0005356285,0.08648049,0.90545297,0.007530988,2,14491,1531025418
0.00048496443,0.09705151,0.8932669,0.0091966335,2,14491,219164448
0.0026784805,0.054687437,0.76991564,0.17271847,2,14491,1641803982
0.3229438,0.6723666,0.0042090733,0.0004804855,1,14519,671108432
0.32458165,0.65976834,0.014488129,0.0011619166,1,14519,2080907900
0.18383838,0.80940604,0.006453338,0.00030229733,1,14519,1411524954
0.16449071,0.8026695,0.03097856,0.0018612262,1,14519,1511326749
0.0057162186,0.42279473,0.5690413,0.0024477777,2,14627,136950268
0.0010058532,0.28197324,0.7148145,0.0022063877,2,14627,1524785659
0.002625153,0.2636505,0.7224705,0.011253781,2,14627,1109961581
0.0045754374,0.21982044,0.76510394,0.010500194,2,14627,1249214094
8.347394e-05,0.024851255,0.96805257,0.0070127198,2,1475,518278862
0.0010018109,0.01642799,0.7943902,0.18818,2,1475,602438976
0.00041723455,0.004026585,0.5816748,0.41388142,2,1475,86778676
0.000108309425,0.026932823,0.9680873,0.0048715593,2,1475,1806186392
0.0025646065,0.37998095,0.61629355,0.0011608893,2,14756,139276086
0.004256731,0.3805893,0.61431116,0.0008428605,2,14756,284492205
0.0008920957,0.18516134,0.8124038,0.0015428193,2,14756,437701424
0.00025116288,0.24924304,0.75031716,0.00018866207,2,14756,1546281137
0.00022913906,0.3773325,0.6223566,8.167782e-05,2,14756,1620565359
0.0016975288,0.21387354,0.7671349,0.017294059,2,14835,714080360
0.0010666609,0.021644002,0.76396793,0.21332139,2,14835,819430609
0.0005950064,0.03206606,0.9107802,0.056558732,2,14835,1901147927
0.00036308295,0.048886996,0.9392592,0.011490715,2,14835,776141017
0.00073406723,0.005985123,0.27251557,0.72076523,2,14835,860682771
0.008528425,0.13569747,0.6041126,0.25166145,2,14835,2029422648
0.00044416636,0.5929636,0.40634328,0.00024895841,2,14887,615525269
0.002908167,0.4826525,0.5126153,0.0018240162,2,14887,2128001591
0.004866886,0.3761617,0.6166712,0.0023002732,2,14887,1367892077
8.304462e-05,0.36882654,0.6308961,0.00019436763,2,14887,1715537229
0.0004587617,0.35889673,0.6404979,0.00014659436,2,14949,1190686386
0.0005525669,0.5582022,0.44093004,0.0003152348,2,14949,1681159042
0.00049952883,0.4822459,0.5166548,0.00059976085,2,14949,629244346
0.001214948,0.6547768,0.34374392,0.00026429162,2,14949,1114135049
0.0016308577,0.5678625,0.4297735,0.00073313055,2,14978,81259255
0.007490218,0.7210566,0.27069482,0.0007582787,2,14978,1192785820
0.0014159316,0.6619967,0.33613643,0.00045089735,2,14978,530056989
0.0070488374,0.58512145,0.40610057,0.0017291785,2,14978,1468645610
0.0026176842,0.24721028,0.7424794,0.0076926057,2,14978,1853143958
0.83171093,0.16609913,0.0015750462,0.0006148636,1,1498,527092720
0.5170199,0.47874725,0.003766224,0.0004666008,1,1498,677983159
0.55984503,0.43125382,0.006938089,0.0019630417,1,1498,586000336
0.40382,0.5891408,0.0058755395,0.0011637048,1,1498,600321327
0.002752801,0.715655,0.28120938,0.00038270815,1,14990,52757273
0.0011559599,0.55777794,0.44076857,0.00029751347,1,14990,772144878
0.00020042868,0.36999118,0.6296937,0.000114701485,1,14990,138351851
0.0057589593,0.56221294,0.4296177,0.0024104575,1,14990,2013358797
0.0009271263,0.26926035,0.7275464,0.0022660957,2,15026,157991712
0.0004079297,0.4662881,0.5330643,0.00023968362,2,15026,745319358
0.0018305288,0.21412756,0.7799453,0.0040966393,2,15026,618446165
0.004190986,0.07719069,0.8297472,0.08887109,2,15026,710604054
0.0008539506,0.0029598726,0.19192468,0.80426157,2,15066,110218682
0.00010932901,0.027121307,0.9608731,0.011896284,2,15066,1708980845
0.00039522166,0.007143574,0.7817092,0.21075204,2,15066,26143320
0.0019222631,0.05621608,0.8335816,0.10828006,2,15066,242966393
0.025197623,0.1823315,0.65457124,0.13789967,2,15066,508546223
0.00041400958,0.018520853,0.84902084,0.13204429,2,15066,1054832095
0.00073446607,0.5527082,0.44625404,0.00030329436,1,15117,123079102
0.00024734013,0.40866354,0.5909094,0.00017969964,1,15117,1434562406
0.0011577749,0.343351,0.6546522,0.00083903014,1,15117,1969807118
0.0062765544,0.14585146,0.8016715,0.0462005,1,15117,31100464
0.0037039164,0.6053872,0.39020395,0.0007049535,1,15117,1448969820
0.001129869,0.42598084,0.5725109,0.00037844517,1,15117,1630151354
0.000105821935,0.02694195,0.9664832,0.0064691696,2,1519,311477967
0.00042035658,0.00083425146,0.09737129,0.90137404,2,1519,1995842403
0.0051954547,0.28062436,0.69113237,0.023047809,2,1519,67670593
0.004932895,0.19483636,0.7613879,0.038842876,2,1519,586064999
0.15342613,0.73931855,0.099152826,0.008102448,1,15192,664614509
0.026263796,0.8760637,0.09536289,0.0023095328,1,15192,1160336369
0.03987219,0.79021406,0.16591088,0.004002867,1,15192,89566940
0.02295212,0.8553893,0.118471324,0.0031872974,1,15192,1301288925
0.8836762,0.11429608,0.0017445676,0.00028315818,0,15228,251590053
0.845695,0.15395205,0.00030728048,4.5681812e-05,0,15228,1674941712
0.90428084,0.09542735,0.00024188754,4.9986487e-05,0,15228,1256554595
0.90715367,0.09274181,8.470953e-05,1.983999e-05,0,15228,1604157615
0.821423,0.17618552,0.0020974327,0.00029405835,0,15228,2129231764
0.00012829967,0.37821445,0.62139434,0.00026289155,2,15259,188126001
0.00056025287,0.26725763,0.730586,0.0015961337,2,15259,239517752
0.00056072604,0.40975434,0.58938056,0.00030437313,2,15259,910952066
0.00073485385,0.07465289,0.88892317,0.035689104,2,15259,1233060909
0.0015511055,0.16051887,0.82441515,0.013514844,2,15281,1217109395
0.014993121,0.31369963,0.60571826,0.06558899,2,15281,1701106163
0.006841369,0.07010955,0.67467666,0.24837242,2,15281,376290448
0.0014305708,0.005344679,0.17132595,0.82189876,2,15281,968576820
0.0025418827,0.009719735,0.35545978,0.6322786,2,15281,1691130627
1.1961722e-05,0.06804917,0.93174744,0.00019138225,2,15472,381796840
0.0001709362,0.27265286,0.7266286,0.000547688,2,15472,674255496
2.19622e-05,0.20798211,0.7919331,6.277875e-05,2,15472,1720527315
7.468301e-05,0.39883906,0.6009855,0.000100680976,2,15472,938064816
0.0016669898,0.60252005,0.39414993,0.0016630755,2,15472,1221657198
0.9043862,0.092649624,0.001674576,0.001289612,0,15673,252015763
0.6368272,0.3604747,0.0024515726,0.00024658346,0,15673,260952996
0.5816833,0.41444752,0.0032013715,0.0006677903,0,15673,1131384894
0.6681983,0.31409195,0.0116572855,0.006052526,0,15673,1948209471
4.261108e-05,0.01810274,0.97750425,0.0043504,2,15674,976891524
0.00015289553,0.06073319,0.9366483,0.0024656928,2,15674,1517470249
0.00029808772,0.024401616,0.953732,0.021568233,2,15674,667255843
0.001023938,0.28255293,0.7137725,0.0026506674,2,15674,673930318
0.9576408,0.042069785,0.0002351178,5.4176562e-05,1,15756,281984829
0.89302576,0.106356725,0.0005246404,9.294343e-05,1,15756,919855065
0.80789936,0.18912433,0.0025978812,0.0003784369,1,15756,1605137309
0.59618425,0.39556292,0.0076180655,0.000634727,1,15756,1833135619
0.81497765,0.1834046,0.0013022267,0.000315516,1,15756,31297658
0.8364238,0.16206877,0.0012090183,0.00029846266,1,15756,1062095857
0.8334714,0.16604751,0.00044384092,3.7280508e-05,1,15756,1211636441
0.5058639,0.4898116,0.0037958124,0.00052869297,1,15756,1787403822
0.33380258,0.64595443,0.019194327,0.00104863,1,15756,2013942329
7.207491e-05,0.0010527103,0.683798,0.31507722,2,15911,484480
0.000115704875,0.0011982846,0.39324376,0.6054422,2,15911,1182594405
7.213745e-05,0.00024147691,0.053902924,0.94578344,2,15911,1713112320
3.401473e-05,0.0004935201,0.32046986,0.6790026,2,15911,1017412
0.0001221504,0.00056983804,0.17107455,0.8282335,2,15911,1237033188
0.000499632,0.0014009458,0.14309044,0.8550089,2,15911,1981553982
0.012535767,0.40659556,0.57745606,0.0034126877,2,15941,174415167
0.001847019,0.14305414,0.8521367,0.0029622342,2,15941,1499824279
0.00076113566,0.22790623,0.76979023,0.0015424681,2,15941,835160304
0.0012540006,0.1567588,0.8364961,0.005491109,2,15941,871328251
0.005874041,0.1810752,0.78976357,0.02328722,2,15943,223835972
5.1777e-05,0.24494717,0.7548785,0.00012256205,2,15943,1976792080
0.0004283826,0.13021332,0.8685162,0.0008420737,2,15943,1366546385
0.0038268988,0.15649278,0.8229247,0.016755644,2,15943,2008681298
0.030031936,0.83699745,0.12478281,0.008187722,1,15951,390162528
0.73468757,0.25402385,0.006380726,0.004907857,1,15951,448381406
0.10560737,0.83115304,0.048788138,0.014451451,1,15951,1368910304
0.2228718,0.7343714,0.033709276,0.009047528,1,15951,834918356
0.09365089,0.8465444,0.058291078,0.001513652,1,15951,1860111492
0.0006328154,0.24215741,0.75588614,0.0013236087,1,15971,97660380
0.0007837184,0.264634,0.7335788,0.0010034357,1,15971,641814457
0.005902342,0.54559875,0.4464046,0.0020943128,1,15971,1802552036
0.0013908612,0.4017348,0.5959934,0.0008809517,1,15971,1355185060
0.019687338,0.5799543,0.3935345,0.0068238867,1,15971,1378233912
0.0024072381,0.42629382,0.5696104,0.001688544,1,15971,1510777733
0.0076787993,0.44779938,0.5343575,0.010164324,2,15979,516547413
9.4535986e-05,0.26103917,0.7387495,0.00011684986,2,15979,1928593284
0.00038527593,0.45096973,0.54792285,0.0007221485,2,15979,471643474
0.014201312,0.534886,0.44081333,0.010099317,2,15979,1369426452
0.8577322,0.13551506,0.0060348418,0.00071786286,0,16056,343839081
0.94958735,0.050216716,0.0001676141,2.8311868e-05,0,16056,415933816
0.98005694,0.019846253,7.5766366e-05,2.099128e-05,0,16056,1944759055
0.9406028,0.058749966,0.00060233567,4.4881665e-05,0,16056,1511920057
0.78892523,0.19632818,0.01313865,0.0016079514,0,16056,1581775619
0.31542823,0.68017024,0.0038394923,0.00056206965,0,16195,201111881
0.38337386,0.60228693,0.013440896,0.0008982539,0,16195,638792196
0.6798109,0.31324536,0.005194867,0.001748839,0,16195,1731903979
0.7235809,0.2740212,0.0017931776,0.0006046883,0,16195,85346148
0.8316818,0.16540775,0.0018770337,0.0010334256,0,16195,638158199
0.7220499,0.27513358,0.0020779117,0.00073857803,0,16195,1063426888
0.71006805,0.28625432,0.002902428,0.0007751889,0,16195,1395014144
0.0001607673,0.00021744888,0.05983125,0.93979055,3,16208,789454009
0.00011367132,0.00013357005,0.029721003,0.9700318,3,16208,804637886
0.00012268421,0.00018713425,0.08165201,0.9180382,3,16208,1596311133
9.465576e-05,0.00014237591,0.024287459,0.97547555,3,16208,1808016508
0.026850767,0.8662993,0.10653279,0.00031714418,1,16258,1455244273
0.009321137,0.7043576,0.28595796,0.00036322162,1,16258,2106091686
0.002240917,0.6405666,0.35659167,0.0006008388,1,16258,429749273
0.0032432831,0.652235,0.34431782,0.00020397092,1,16258,1462283621
3.20358e-05,0.056403533,0.94190437,0.0016600456,2,16282,344098407
0.00019256672,0.009919365,0.91406363,0.07582447,2,16282,1362623735
0.00012895084,0.033486016,0.9584587,0.007926242,2,16282,1544104109
0.00022417652,0.007936894,0.9237992,0.06803963,2,16282,1999570636
0.0013552579,0.46306953,0.5337684,0.001806791,2,16372,340837767
0.0004887831,0.34090608,0.6558249,0.002780157,2,16372,575872419
0.0015614111,0.36118144,0.6365028,0.0007543499,2,16372,1172333923
0.0022076762,0.29685315,0.697915,0.0030241301,2,16372,926624312
0.0009521949,0.16574597,0.8300928,0.0032090333,2,16372,940286717
0.00049794395,0.3412085,0.65664476,0.0016487837,2,16372,1247995608
6.792498e-05,0.00017166059,0.06445388,0.93530655,3,16481,630217849
0.00013448104,0.0003044081,0.057767395,0.9417938,3,16481,783229013
0.00013861913,0.00019089236,0.04611974,0.95355076,3,16481,1686476356
2.5440866e-05,0.0001261811,0.05343017,0.9464183,3,16481,1693915360
2.2725624e-05,2.127698e-05,0.011416754,0.98853916,3,16481,1725263085
0.0015082747,0.3978327,0.59979725,0.00086189277,2,16526,875404832
0.000319115,0.57705545,0.4224986,0.00012683294,2,16526,1917144602
0.001653583,0.691433,0.30611718,0.00079623266,2,16526,96373593
0.0023157368,0.6233243,0.37358993,0.00077007967,2,16526,428094049
0.0002574175,0.088347286,0.89891046,0.012484874,1,16530,583924462
0.0006829238,0.058061484,0.9193453,0.021910287,1,16530,1923194507
0.0011055933,0.28189814,0.71551466,0.0014816055,1,16530,85541670
0.0001704569,0.22564982,0.7716661,0.0025135418,1,16530,645692601
8.6218824e-05,0.026857464,0.96612287,0.00693345,2,16613,11319137
3.95461e-05,0.03254887,0.96677107,0.000640496,2,16613,279323360
4.777133e-05,0.17033198,0.8292326,0.00038772906,2,16613,990583458
7.980968e-05,0.0087629305,0.950896,0.040261187,2,16613,97187007
4.2643376e-05,0.003083863,0.9618067,0.035066724,2,16613,1145515711
0.00014557136,0.023484116,0.970325,0.006045348,2,16613,1208705082
2.0213762e-05,0.006129541,0.9793713,0.014478953,2,16703,87510051
8.0688355e-05,0.07891712,0.92032546,0.00067685667,2,16703,612451325
8.621743e-05,0.2531738,0.74643445,0.00030548696,2,16703,1930741343
0.00014775495,0.13903503,0.86011624,0.0007009678,2,16703,304734585
0.00013485944,0.0017858522,0.3563195,0.6417598,2,16703,959874006
0.0016403638,0.23427624,0.76209444,0.0019890224,1,1674,297769392
0.00052473135,0.14877118,0.84915614,0.0015479509,1,1674,621776904
8.703012e-05,0.31064588,0.6892297,3.7414702e-05,1,1674,1278240734
0.00020943518,0.43074143,0.56896436,8.470238e-05,1,1674,5523712
0.00017589808,0.0920006,0.9062959,0.0015275493,1,1674,218358232
0.0010253446,0.61376494,0.38486695,0.00034275328,1,1674,1028974035
0.043476813,0.8797024,0.07655778,0.00026297444,1,16912,689319408
0.0368934,0.89449316,0.06779158,0.00082180544,1,16912,948799605
0.025265744,0.9401458,0.03449824,9.021957e-05,1,16912,965950499
0.10664555,0.7658478,0.1229185,0.004588194,1,16912,175702715
0.21826847,0.75869656,0.02223646,0.00079852244,1,16912,242638065
0.39994398,0.55002326,0.044297237,0.005735546,0,16994,1194551561
0.22994228,0.7512365,0.016151981,0.0026693018,0,16994,2083556461
0.12570232,0.8644424,0.00883986,0.0010153378,0,16994,938307290
0.46925938,0.50626975,0.020751495,0.003719417,0,16994,1705601436
0.42373687,0.5653797,0.009259798,0.0016236337,0,1710,389308620
0.22322996,0.74672127,0.027379435,0.0026692997,0,1710,904395183
0.54478556,0.4187956,0.029654276,0.006764594,0,1710,1155316112
0.5201493,0.45858434,0.018540604,0.0027257784,0,1710,658863988
0.86149585,0.1275048,0.0052396273,0.0057596834,0,1710,1443104298
0.43634668,0.5566655,0.0058218767,0.001166012,0,1710,1861682438
0.2793906,0.57903945,0.1175291,0.02404089,1,17111,543347978
0.515245,0.38222012,0.09649472,0.0060401503,1,17111,553375133
0.27821103,0.2991726,0.30588806,0.116728306,1,17111,998909338
0.75513357,0.17401338,0.06124961,0.009603445,1,17111,1425512792
0.4657491,0.39353013,0.12596224,0.014758533,1,17111,1809890037
0.5189954,0.3893134,0.08932856,0.0023626206,1,17111,955062669
0.28102744,0.6393447,0.07696217,0.0026656832,1,17111,1057081367
0.66723055,0.28849393,0.040421296,0.0038541579,1,17111,1400240217
0.6328452,0.34131876,0.024285031,0.0015510025,1,17111,1505408999
0.6658277,0.30247393,0.030948011,0.0007503216,1,17111,1843156127
4.041558e-05,0.007045339,0.97884333,0.014071,2,17181,327475620
0.00018152443,0.0070449132,0.91512954,0.07764407,2,17181,466277614
0.00048546022,0.006919411,0.8899163,0.10267891,2,17181,948053698
0.00010711066,0.006629477,0.939072,0.054191418,2,17181,2133610525
0.007960181,0.7295814,0.26136962,0.0010887762,1,17231,1719494815
0.0018340128,0.583234,0.4141121,0.000819853,1,17231,1986860049
0.04178046,0.77849215,0.17590556,0.003821823,1,17231,688778787
0.002502067,0.7743288,0.22274189,0.00042722243,1,17231,1755435853
0.0017017295,0.030399397,0.8000167,0.1678821,2,17233,243300177
0.0002742879,0.04242212,0.93811476,0.019188838,2,17233,1721794937
0.009383049,0.11227171,0.7177423,0.16060293,2,17233,180203219
0.0036892986,0.0780059,0.6439595,0.27434525,2,17233,724992685
0.00022200144,0.032431006,0.95745075,0.009896247,2,17275,1235184709
5.8861177e-05,0.045003626,0.95258737,0.0023501792,2,17275,1902277943
0.00012370641,0.051519748,0.93540645,0.01295018,2,17275,101328387
0.000898277,0.20574367,0.7820929,0.011265097,2,17275,806486933
0.9791419,0.020661674,0.00014850973,4.7933932e-05,0,17346,488419651
0.9965004,0.0034958825,2.3765028e-06,1.4035239e-06,0,17346,1112712537
0.99545825,0.004534834,4.531412e-06,2.4038943e-06,0,17346,520291212
0.99492776,0.005043123,1.5571688e-05,1.3613028e-05,0,17346,1845152496
0.7105239,0.28457862,0.00377733,0.0011201367,1,17376,736863172
0.5532263,0.44250214,0.0037037048,0.00056784693,1,17376,1938370084
0.86722857,0.12927796,0.0021934686,0.0013000993,1,17376,2144487171
0.6663286,0.29306293,0.03588774,0.004720772,1,17376,154971332
0.319438,0.6520093,0.026398169,0.0021545289,1,17376,358299725
0.68381774,0.29078102,0.013559349,0.011841848,1,17376,1980950585
0.00063542556,0.15008137,0.8461234,0.0031598073,2,17377,2115832382
0.00025331942,0.07452715,0.91981196,0.0054075867,2,17377,2141578423
0.00082424853,0.09998352,0.895418,0.0037742446,2,17377,825253618
0.00023473363,0.20354566,0.7951649,0.0010547335,2,17377,843286527
0.00046639243,0.054306325,0.89191353,0.05331376,2,17377,1549357262
0.36857474,0.624105,0.0070986347,0.00022161666,1,17390,540552070
0.38146427,0.60104436,0.01656365,0.0009277299,1,17390,772004563
0.12119596,0.828945,0.04914022,0.00071891624,1,17390,342908717
0.16567646,0.7804185,0.052201238,0.0017037771,1,17390,992064135
0.17528099,0.8047192,0.019616568,0.00038327917,0,1740,104655445
0.315402,0.6807401,0.0032735642,0.0005842725,0,1740,1189243598
0.24824162,0.74400795,0.007418137,0.00033223914,0,1740,746183448
0.42427516,0.560922,0.012022299,0.0027805283,0,1740,886468142
0.2291504,0.75760615,0.01249413,0.0007493734,1,17445,997158008
0.040623546,0.9284233,0.030401217,0.00055199565,1,17445,1241002681
0.05917183,0.87702477,0.0618003,0.0020030257,1,17445,880825414
0.27043596,0.7203053,0.008213688,0.001045126,1,17445,1181984139
0.32408518,0.6546104,0.016576929,0.00472744,1,17445,1787311744
0.39101812,0.5658121,0.03582294,0.007346809,1,17518,378631618
0.03614448,0.8981107,0.06491264,0.00083215826,1,17518,1224867167
0.002576205,0.8661333,0.13095148,0.0003390437,1,17518,1258576007
0.025925748,0.83258766,0.13894118,0.002545441,1,17518,1527823220
0.6974405,0.2965563,0.004372036,0.0016310811,0,17535,492541558
0.57933825,0.41748172,0.0028963194,0.0002837469,0,17535,1722469056
0.39529043,0.597154,0.0071213073,0.00043425255,0,17535,952275239
0.6958795,0.29356286,0.0086669205,0.001890681,0,17535,967529354
0.0015632537,0.8215018,0.17679895,0.00013594392,1,17552,381441252
0.00157722,0.5418085,0.4561061,0.00050819834,1,17552,2020448477
0.01034186,0.708658,0.27953774,0.0014623858,1,17552,2137383100
0.01567345,0.6968393,0.2841418,0.0033454294,1,17552,578044758
0.0050820154,0.82301927,0.17031087,0.0015878844,1,17552,1852096732
0.005180754,0.64112973,0.35186642,0.0018230333,1,17552,2063352927
0.0016980168,0.46117225,0.53670394,0.00042577545,2,17599,315341090
0.0012512876,0.53769684,0.4602446,0.0008072401,2,17599,601498834
0.00017205597,0.1934333,0.8062502,0.00014445078,2,17599,264631518
0.00010994277,0.2389241,0.76087195,9.403769e-05,2,17599,2023443332
0.0002808947,0.3687728,0.6306984,0.00024785654,2,17711,1072440727
0.00020926185,0.10408927,0.8948684,0.00083307194,2,17711,1096061219
0.00040722283,0.07139552,0.92537105,0.0028261032,2,17711,1289703450
0.00025546673,0.12206094,0.8760023,0.0016812957,2,17711,2085109401
0.0022765908,0.63206536,0.36500454,0.0006534596,2,17748,689002947
0.00080246915,0.31270143,0.68624526,0.0002508619,2,17748,1910415017
0.00051551074,0.36914223,0.6275741,0.0027681796,2,17748,2006811500
0.0015547893,0.17691433,0.818539,0.002991829,2,17748,7128461
0.0052113268,0.12811442,0.85190827,0.014765975,2,17748,620099873
0.00038732062,0.040450074,0.87679625,0.082366325,2,17748,1471715401
0.0012546201,0.15109542,0.8197439,0.027905997,2,17750,1079075675
0.0007429678,0.08844895,0.88863796,0.022170119,2,17750,1210853706
0.0015712345,0.13662939,0.79577225,0.06602713,2,17750,824970090
0.0032356966,0.11414373,0.8360629,0.04655771,2,17750,1959221773
0.0042094127,0.108320855,0.52108854,0.36638126,2,17752,898706277
0.001969791,0.008357975,0.45093754,0.5387347,2,17752,1219347914
0.0007172444,0.05069505,0.9168264,0.031761177,2,17752,1251291484
0.00060474186,0.053320605,0.8112721,0.13480258,2,17752,2129134142
0.0008804741,0.19355214,0.78451,0.02105737,2,17752,623402213
0.00045520117,0.18557768,0.80722946,0.006737733,2,17752,701610347
0.0001061259,0.015579508,0.97521555,0.0090988455,2,17752,867232469
0.0002906814,0.12833118,0.86939454,0.0019835327,2,17752,1734611757
0.0004292045,0.3194975,0.6796036,0.00046970966,2,17774,492253488
0.0006229759,0.20726758,0.7906534,0.0014560241,2,17774,809414158
0.0015672018,0.025047792,0.8059901,0.16739497,2,17774,300312794
0.00020317786,0.14134164,0.8579185,0.00053660676,2,17774,317368420
0.00015352132,0.0008853532,0.3626156,0.63634557,2,17797,707817461
0.00045627443,0.0051744897,0.6216184,0.3727509,2,17797,1875559039
0.00027456498,0.0005999757,0.24506254,0.75406295,2,17797,557462406
0.0005305497,0.0031157373,0.5125581,0.48379564,2,17797,767014351
0.00024043911,0.0015137063,0.20607068,0.79217523,2,17797,1531462531
9.86605e-05,0.2048424,0.79288954,0.002169426,2,17808,97569529
0.0013917203,0.26731405,0.72872686,0.0025673797,2,17808,797829458
0.00047030448,0.09700886,0.88867277,0.013848075,2,17808,95636018
0.00011810793,0.3622049,0.63733536,0.00034155752,2,17808,1431788631
0.0005832439,0.21427272,0.78302413,0.002119923,2,17808,2075516041
0.005278213,0.12823208,0.8439082,0.02258157,1,17836,616007076
0.032174494,0.36062896,0.4803113,0.1268853,1,17836,1983324546
0.0033046152,0.019933354,0.45410004,0.5226619,1,17836,2028731091
0.0012782924,0.0231663,0.8194631,0.15609233,1,17836,640646030
0.00060250214,0.048559256,0.83384836,0.11698995,1,17836,883313268
3.3803368e-05,0.013043247,0.9846602,0.002262716,2,17853,688382750
0.000103981714,0.005981518,0.92238134,0.071533166,2,17853,2059423319
9.1452974e-05,0.009259946,0.9753454,0.015303146,2,17853,2082205119
5.5309876e-05,0.022391293,0.97655356,0.0009998615,2,17853,555605729
6.0664705e-05,0.03384889,0.96511424,0.00097625644,2,17853,831632670
0.00032891578,0.03971662,0.95143634,0.008518062,2,17853,1599619293
0.6267138,0.36495388,0.007865979,0.00046627256,1,17892,10291229
0.39338037,0.58926076,0.016884398,0.00047443013,1,17892,159695636
0.8118004,0.1798416,0.008192988,0.0001649786,1,17892,528128777
0.117879316,0.859773,0.022207314,0.00014042857,1,17892,1279779406
0.5551425,0.437507,0.0070495983,0.00030082354,1,17892,964900795
0.7598607,0.23599882,0.004018921,0.00012149915,1,17892,1283964415
0.75552666,0.23844026,0.005683311,0.00034972583,1,17892,1364513753
0.6910649,0.30640313,0.0023947791,0.00013720625,1,17892,1834961516
0.6554649,0.34046257,0.0032556194,0.00081701204,1,17894,75408744
0.15826945,0.8252169,0.015378812,0.0011348815,1,17894,446858992
0.28343472,0.6979347,0.016664788,0.001965815,1,17894,413493245
0.50265014,0.4698725,0.02333335,0.0041440013,1,17894,653372914
0.98471284,0.015143756,9.7704775e-05,4.5701163e-05,0,17922,1283960739
0.9726264,0.02707231,0.00022446043,7.6819e-05,0,17922,2104119585
0.93236643,0.06400852,0.002409942,0.0012150652,0,17922,2141891903
0.9734761,0.026257522,0.00020914066,5.7287933e-05,0,17922,15601792
0.96588945,0.03335122,0.00055901764,0.00020028336,0,17922,166075845
0.94886994,0.050177637,0.00061872107,0.00033374908,0,17922,1752210506
4.7197846e-05,0.058786783,0.94030875,0.0008573435,2,1794,694634843
0.00014552729,0.011586277,0.891136,0.09713221,2,1794,1687362173
0.00015776584,0.0022498951,0.43882442,0.5587679,2,1794,235258199
7.976398e-05,0.0049306247,0.92669326,0.06829633,2,1794,777292807
0.00011725672,0.010082764,0.9233504,0.06644956,2,1794,1934811550
0.010586386,0.71075064,0.2773053,0.0013576702,1,18014,1372582414
0.05957408,0.79805756,0.13823278,0.0041355556,1,18014,1401678684
0.037803695,0.8702345,0.09126891,0.00069292827,1,18014,1913181518
0.0037065237,0.7225434,0.27337283,0.0003771557,1,18014,2106902101
0.0062144888,0.7833261,0.21002743,0.00043194546,1,18014,664784028
0.0095142815,0.7647041,0.22527374,0.00050789263,1,18014,1960474755
0.0030718907,0.8703479,0.12649767,8.2566025e-05,1,18031,252921728
0.021247962,0.86071736,0.117285386,0.0007493215,1,18031,1141715608
0.1394048,0.782331,0.07714614,0.0011181377,1,18031,14899266
0.0030027598,0.83210266,0.16484304,5.154751e-05,1,18031,202436708
0.18747364,0.7647175,0.04670143,0.0011074007,1,18045,876048138
0.01728394,0.9150312,0.06746415,0.00022068921,1,18045,1648647452
0.04873847,0.9029614,0.047603417,0.00069674605,1,18045,670746083
0.06338985,0.90691066,0.02934677,0.0003527945,1,18045,2002934355
0.0020289095,0.6544615,0.34319168,0.00031791755,1,18144,1172288631
0.06771091,0.710986,0.21919456,0.0021085413,1,18144,1592907799
0.013182432,0.75457156,0.23060614,0.0016399099,1,18144,424435710
0.0018845806,0.7420228,0.25555226,0.0005403971,1,18144,1959388660
0.039945737,0.93098646,0.028022954,0.0010447908,1,18227,1374799779
0.22993143,0.72359157,0.044480026,0.0019969621,1,18227,2033192024
0.009038721,0.92514896,0.06568029,0.00013204358,1,18227,838516813
0.072920464,0.84384286,0.08190447,0.0013322437,1,18227,1726114514
8.6727065e-05,0.11048589,0.8888092,0.0006181396,1,18243,275252810
0.0019326119,0.13958135,0.8469554,0.011530661,1,18243,1526540449
0.000683338,0.60894305,0.39020944,0.00016417581,1,18243,1362357046
0.001705158,0.42663208,0.57123137,0.00043138073,1,18243,2026141593
0.0008552319,0.5636602,0.4350337,0.0004508763,1,18265,926424534
0.0023301407,0.7891547,0.2082783,0.00023683775,1,18265,1508772384
0.027778424,0.86206084,0.10732431,0.0028364568,1,18265,491618791
0.0070311246,0.77638835,0.21572454,0.0008559779,1,18265,1365275826
0.010978051,0.8573467,0.1308815,0.00079375546,1,18265,1911839160
0.02576554,0.9029266,0.07068697,0.0006208369,2,18269,620558313
0.0023080923,0.60344243,0.3932132,0.0010362482,2,18269,670461054
0.0020358886,0.6484917,0.34920144,0.0002710436,2,18269,1794668604
0.0037745684,0.65210956,0.34332594,0.00078989856,2,18269,266264627
0.004157595,0.80363566,0.19160597,0.00060074,2,18269,1586935311
0.018296134,0.18810956,0.61218107,0.18141322,3,18484,253848986
0.00036283277,0.012042063,0.769068,0.21852708,3,18484,598967166
0.00027777004,0.0075284876,0.67626864,0.3159251,3,18484,855731364
0.006918222,0.14267066,0.6485522,0.20185892,3,18484,179359143
0.005750288,0.054313093,0.6640496,0.27588692,3,18484,1578051516
0.008668907,0.78229713,0.20780325,0.0012306855,1,1852,2035737047
0.2805829,0.70407367,0.014380672,0.0009627914,1,1852,2076003064
0.033868615,0.8748367,0.0908416,0.0004530789,1,1852,1350250333
0.00435517,0.6344076,0.35985082,0.0013863886,1,1852,2096111098
0.35302433,0.59030354,0.05289517,0.0037769587,1,18536,49811752
0.0039725145,0.5244095,0.46705267,0.004565308,1,18536,899940683
0.13836421,0.7420651,0.103346735,0.016223894,1,18536,1570353235
0.76749814,0.20943959,0.007685968,0.015376298,1,18536,1588958298
0.08016841,0.681609,0.23219797,0.0060245697,1,18536,825734015
0.20097855,0.6371825,0.1503529,0.0114860535,1,18536,1006899114
0.18323855,0.63010997,0.123570815,0.06308064,1,18536,1635370726
0.011641705,0.77822226,0.2094955,0.0006405173,1,18536,1694035392
0.90957594,0.08970071,0.00051628426,0.00020705789,1,18586,548573704
0.53037405,0.46386188,0.0051485486,0.0006154539,1,18586,729737300
0.5567961,0.4373882,0.00518988,0.00062584504,1,18586,1217878895
0.6196686,0.37889194,0.0011354936,0.00030403023,1,18586,1974763683
0.31964427,0.66935086,0.0106427865,0.00036208302,1,18586,126229056
0.2699779,0.72401834,0.00556269,0.00044111387,1,18586,461819734
0.109413825,0.86803746,0.022139736,0.00040894092,1,18586,787531805
0.29680416,0.70033723,0.0026060704,0.00025253673,1,18586,905812377
0.3915672,0.5995958,0.008189347,0.0006476326,1,18586,1729595318
0.00916569,0.91508996,0.07549396,0.00025034195,1,18626,56674518
0.0075955912,0.9103226,0.08198679,9.508869e-05,1,18626,301699851
0.0036526788,0.8446068,0.15167248,6.793639e-05,1,18626,699686579
0.005187566,0.7341913,0.2598567,0.00076439866,1,18626,843894821
0.006520688,0.90678936,0.08653932,0.00015060444,1,18626,888294382
0.0050584367,0.8809527,0.11387526,0.000113582566,1,18626,975797108
0.19180734,0.7488323,0.05844602,0.00091439404,1,18709,862867450
0.10335389,0.83591664,0.059186507,0.001543008,1,18709,1774858262
0.04834533,0.88124746,0.07005275,0.00035448014,1,18709,403704207
0.019106213,0.8464012,0.13363515,0.0008574671,1,18709,932877061
0.12087287,0.7723967,0.104912065,0.0018183339,1,18709,1843448086
0.8263565,0.17150371,0.0017720658,0.00036777862,1,18717,1251934061
0.4304645,0.5553159,0.012357368,0.0018622158,1,18717,2038474899
0.21838214,0.7596196,0.021110488,0.0008878112,1,18717,1196131818
0.27438915,0.6978987,0.025941692,0.0017704756,1,18717,1218498032
0.0011811719,0.052460432,0.8228018,0.12355657,2,18779,783802580
0.0029315937,0.13826185,0.8327364,0.026070122,2,18779,1126484447
0.0038105692,0.044849034,0.7961754,0.15516491,2,18779,368835614
0.00458566,0.023901224,0.28709352,0.6844196,2,18779,689260454
0.0043915105,0.07010074,0.7758995,0.14960822,2,18784,480822125
0.00131237,0.09922462,0.8718432,0.027619828,2,18784,1897712237
0.0058832676,0.054378223,0.6527492,0.28698936,2,18784,982292140
0.00031331927,0.03112418,0.951426,0.017136572,2,18784,1179403506
0.5959077,0.39864925,0.0051442245,0.000298828,1,18797,821247789
0.88367456,0.11545531,0.0006858971,0.00018423874,1,18797,1571607440
0.40861115,0.56926763,0.016655458,0.0054657664,1,18797,849365885
0.5248844,0.4646581,0.007997786,0.002459727,1,18797,971402072
0.37043318,0.6191159,0.010070133,0.0003808626,1,18797,1707739022
0.00016429996,0.23246434,0.76720047,0.00017100222,2,18873,80120956
0.0013234302,0.73649913,0.2620346,0.00014284256,2,18873,1568302883
0.00046422568,0.21004872,0.78809834,0.0013887287,2,18873,696819971
0.0018677042,0.48212364,0.51547974,0.0005288584,2,18873,1080940233
0.0011919832,0.5313617,0.4673182,0.00012811806,2,18873,2095257976
0.00029947588,0.0015219864,0.22156866,0.7766099,3,18952,1238663835
0.00054843485,0.0018359822,0.1959293,0.8016863,3,18952,1757565601
0.00022882716,0.0018146998,0.43925866,0.55869776,3,18952,286626449
0.00032652318,0.0016550996,0.14784348,0.8501749,3,18952,545110820
0.021555878,0.88382643,0.093395956,0.0012217135,1,19047,159989254
0.044333052,0.9140728,0.041047018,0.00054712873,1,19047,1082463861
0.0018806325,0.70099443,0.2968978,0.00022719192,1,19047,928749486
0.006281351,0.8067089,0.18658376,0.00042599873,1,19047,1083275629
0.0036421008,0.8543448,0.14154826,0.0004647843,1,19047,2094660356
7.727862e-05,0.0017714414,0.860566,0.13758528,2,19171,1523165025
0.00024977053,0.0033856002,0.75564325,0.24072136,2,19171,1912780715
0.00021456575,0.0030112683,0.6322001,0.36457404,2,19171,312338109
0.0001701754,0.00051197014,0.17323765,0.8260802,2,19171,1499100907
0.001047885,0.013314059,0.30330142,0.6823366,2,19175,118705721
0.002079088,0.27647072,0.71788937,0.0035608662,2,19175,793513266
0.0004161162,0.037094224,0.9459167,0.016572999,2,19175,1016394394
0.0041907416,0.13371997,0.8282284,0.03386088,2,19175,1659000052
0.009306177,0.10915637,0.7428994,0.13863797,2,19175,454443587
0.011958838,0.3640146,0.6095526,0.014473973,2,19175,489296141
0.00036100176,0.016220536,0.83972746,0.14369097,2,19175,1548006175
0.18577133,0.51255953,0.25767666,0.043992493,2,19175,1772963478
0.002099267,0.077307075,0.8780151,0.042578544,2,19175,2023872627
0.10040623,0.8503412,0.04459469,0.0046578767,1,19268,183980707
0.032826807,0.85822487,0.1059128,0.0030356294,1,19268,1304625366
0.012903102,0.86379635,0.12277596,0.00052454416,1,19268,1368667448
0.044673905,0.91262746,0.042145632,0.000553045,1,19268,1563935674
0.011995904,0.9237885,0.063865595,0.00035009556,1,19268,2040244680
0.06168853,0.80374146,0.132954,0.0016160104,1,19449,925930752
0.0575967,0.9056691,0.036191225,0.0005429844,1,19449,1423720340
0.009486101,0.5643042,0.42326382,0.0029458767,1,19449,69697378
0.0009273153,0.6104385,0.38717714,0.001456987,1,19449,334299187
0.0032304914,0.8046829,0.19175619,0.00033033962,1,19449,609824365
0.038449,0.9300773,0.030454949,0.0010186669,1,19486,583119542
0.18376133,0.783851,0.03113958,0.0012481018,1,19486,886797800
0.54898316,0.4364065,0.010653075,0.0039572595,1,19486,1749776218
0.10030011,0.87603956,0.023340838,0.00031942315,1,19486,866648159
0.40355745,0.57231706,0.021664083,0.0024613745,1,19486,1608758398
0.021821385,0.8398745,0.1369599,0.0013442182,1,19498,363872298
0.21419229,0.77462924,0.010934655,0.00024379497,1,19498,1587552974
0.042381182,0.8809268,0.07643832,0.00025375976,1,19498,105849292
0.007544563,0.73091227,0.26083758,0.00070562185,1,19498,510896442
0.06218533,0.8785698,0.05767495,0.0015699518,1,19527,477484141
0.24825467,0.7053019,0.04310926,0.0033342545,1,19527,885167871
0.29222944,0.6760529,0.027354201,0.0043635024,1,19527,432836034
0.009403819,0.95905143,0.031297263,0.00024751568,1,19527,937610882
0.025259081,0.1433155,0.7191602,0.112265304,2,19534,997635930
0.009540169,0.69152004,0.2984239,0.0005159902,2,19534,2131778426
0.00042602376,0.08822557,0.90744376,0.0039047098,2,19534,404289746
0.0022438215,0.084563844,0.895125,0.01806735,2,19534,1615726237
0.015156557,0.9068217,0.0774978,0.0005238283,1,19581,216021014
0.036579058,0.8988747,0.06426748,0.0002787085,1,19581,1338497788
0.035663076,0.791116,0.17168349,0.001537441,1,19581,21129467
0.016365955,0.90786725,0.0756918,7.505073e-05,1,19581,1343521046
0.005891413,0.9029852,0.090968564,0.00015484059,2,19589,367140351
0.09193759,0.8050357,0.098945774,0.0040808874,2,19589,1035241931
0.035908256,0.890554,0.07227636,0.0012614459,2,19589,36770041
0.005184436,0.9344329,0.060173903,0.00020879852,2,19589,962193832
0.001551279,0.45165113,0.54451567,0.0022819815,2,19603,61048330
0.0030024673,0.6993661,0.29664072,0.000990735,2,19603,1257189837
0.0012957067,0.762919,0.23544945,0.00033591076,2,19603,1872102537
0.003858258,0.5681929,0.42597595,0.0019729014,2,19603,17395361
0.0029155624,0.794935,0.20175776,0.000391657,2,19603,403821205
0.9717686,0.028158257,6.416997e-05,8.955864e-06,0,1968,1392193422
0.9848963,0.014786975,0.00018125866,0.00013540708,0,1968,1861125663
0.7024483,0.29334417,0.0035410055,0.0006665101,0,1968,765668143
0.8955114,0.10419757,0.00025776104,3.32505e-05,0,1968,2119914947
0.0004984801,0.19659111,0.8007875,0.0021228287,2,19713,850013865
0.00010859192,0.055214413,0.941518,0.0031589307,2,19713,1226242602
0.00014098593,0.3062061,0.6934547,0.00019832587,2,19713,1546457179
7.326746e-05,0.042232756,0.955412,0.002281987,2,19713,837524134
0.00029622918,0.12777244,0.8696395,0.00229186,2,19713,1797364735
0.0017788326,0.0136480415,0.8091234,0.1754497,2,1977,1462616156
0.0001575527,0.008979061,0.9631886,0.027674802,2,1977,1890682725
4.285068e-05,0.0027386956,0.9603871,0.03683134,2,1977,15003387
0.000100542675,0.0020417809,0.6532393,0.3446184,2,1977,797388117
2.6644722e-05,3.1520765e-05,0.013635094,0.9863067,3,19807,101260102
0.0022999428,0.0043530604,0.057853647,0.93549335,3,19807,296932283
1.2701035e-05,1.5706526e-05,0.0071804565,0.99279106,3,19807,413702014
0.00014856299,0.00026235098,0.026257727,0.9733314,3,19807,710429203
0.00025095604,0.0008092451,0.0671192,0.93182063,3,19807,2108638071
0.0023127005,0.015161036,0.5110849,0.47144142,2,19824,732284526
0.000102690195,0.0016875091,0.425775,0.5724348,2,19824,1466354580
0.001380463,0.016334554,0.6400783,0.34220666,2,19824,1311256924
4.9840182e-05,0.0003058522,0.14889646,0.85074776,2,19824,1964586703
0.00013312601,0.00190045,0.50150836,0.49645802,2,19824,2086745040
0.0010774683,0.04211581,0.83176255,0.1250441,2,19919,200906308
0.0010673775,0.013133145,0.36990196,0.61589754,2,19919,604538909
0.0030896035,0.074264385,0.7790022,0.1436438,2,19919,1502102864
0.0029460415,0.03694026,0.4702564,0.48985735,2,19919,1413842125
0.0012089062,0.033788435,0.80296236,0.16204023,2,19919,1954464048
0.00049234834,0.01281036,0.82775474,0.15894255,2,20184,635294704
0.00016218025,0.10812086,0.8912463,0.00047068662,2,20184,1510826996
0.0026676161,0.24066754,0.7552571,0.0014076788,2,20184,140434864
0.0003036675,0.4757623,0.5238552,7.879913e-05,2,20184,1236168241
0.0029146785,0.004265077,0.06854521,0.9242751,3,20189,118942314
1.33548065e-05,1.27462845e-05,0.0031859803,0.996788,3,20189,302836014
5.6290264e-05,8.8043074e-05,0.021275777,0.9785799,3,20189,723919000
0.0070665684,0.02418217,0.21511401,0.75363725,3,20189,312180168
0.024300076,0.25731236,0.659739,0.058648583,3,20189,1422495880
0.0001836792,0.00023392099,0.016053585,0.98352885,3,20189,2109729183
0.61406106,0.3796538,0.005229121,0.0010560753,1,20196,281268966
0.49639884,0.49488536,0.007085336,0.0016303856,1,20196,793322869
0.7534293,0.24026082,0.0053010015,0.0010088196,1,20196,1442684690
0.4540103,0.5353368,0.008095541,0.0025572479,1,20196,1700935813
0.13101348,0.8408449,0.026657742,0.0014838497,1,20196,1304395339
0.030104848,0.9332621,0.03633984,0.0002931506,1,20196,1819952969
0.0029266498,0.00980926,0.2670878,0.72017634,3,20198,1444766660
0.0009836389,0.0056018033,0.2695595,0.7238551,3,20198,1482636895
6.042424e-05,3.726849e-05,0.018639084,0.98126316,3,20198,2143479844
5.3396034e-05,6.403156e-05,0.006898668,0.99298394,3,20198,1874197897
0.000112091395,0.00010596358,0.014536837,0.98524517,3,20198,1874681701
0.27175072,0.72175133,0.00603833,0.00045966444,1,20199,467829091
0.94567794,0.05355058,0.0005697989,0.0002017523,1,20199,1822515374
0.75530106,0.24124308,0.0024657184,0.0009901485,1,20199,187190129
0.9221168,0.07742742,0.0002680483,0.00018778128,1,20199,694023056
0.80238366,0.1959949,0.0009305012,0.0006909571,1,20199,818879708
0.010315503,0.79582417,0.19375905,0.000101343045,2,20218,1887383735
0.019676594,0.7210318,0.25831732,0.00097428815,2,20218,1909727236
0.0110115465,0.8764104,0.1125265,5.1455267e-05,2,20218,868318743
0.012926906,0.73631275,0.24998258,0.00077774975,2,20218,1966804014
8.669457e-05,0.03108031,0.96643615,0.002396799,1,20227,1597577281
0.0004090619,0.019921284,0.9526185,0.0270512,1,20227,1600562515
0.004414197,0.39299035,0.6006738,0.0019216016,1,20227,133072186
0.0009119619,0.38931456,0.60770243,0.0020709562,1,20227,997928982
0.0010481218,0.479451,0.5189966,0.00050430326,1,20227,1233344454
0.23030625,0.7546517,0.01470828,0.00033371418,0,20251,1189991461
0.86961985,0.12679791,0.0028208566,0.000761381,0,20251,1616755366
0.043656167,0.9233577,0.031341534,0.0016445732,0,20251,401181500
0.1799763,0.6589898,0.13383447,0.027199434,0,20251,914071190
0.4259493,0.5079124,0.06158896,0.004549338,2,20264,646013583
0.06865381,0.8164107,0.1128511,0.0020843393,2,20264,1415827741
0.037043847,0.53243524,0.42530233,0.0052185743,2,20264,192769810
0.0070640766,0.6238495,0.3684396,0.0006467522,2,20264,518987553
0.00997719,0.57604474,0.4097606,0.0042174766,2,20264,1483003704
0.005169735,0.3744346,0.61431915,0.0060765445,2,20302,328254457
0.01995506,0.4710609,0.50418985,0.0047942125,2,20302,521849962
0.046256643,0.657692,0.28718084,0.008870507,2,20302,884351550
0.009548389,0.32526496,0.64950657,0.015680047,2,20302,2090052396
0.13060866,0.41563642,0.3699834,0.08377153,2,20302,169932945
0.12110371,0.24616615,0.4064067,0.2263234,2,20302,294208764
0.1352113,0.16422367,0.30067286,0.39989215,2,20302,311434476
0.14814389,0.2868845,0.39841074,0.16656093,2,20302,463564233
0.29292625,0.206431,0.29562968,0.20501305,2,20302,688370663
0.020277346,0.7337657,0.24517176,0.0007851759,1,20345,126260437
0.14445005,0.64106613,0.21184355,0.0026402473,1,20345,423103974
0.02374915,0.56037736,0.41151014,0.0043633007,1,20345,739525513
0.13483264,0.7612423,0.1031276,0.00079747266,1,20345,1471402125
0.25530753,0.68878895,0.048977707,0.0069257505,1,20345,2106297317
0.012881247,0.74154496,0.24465394,0.00091989094,1,20345,696887277
0.010005398,0.8935758,0.096091785,0.00032697924,1,20345,857727822
0.0005784176,0.60320175,0.39607492,0.00014492332,1,20345,898336604
0.02954843,0.84410506,0.12589195,0.00045452465,1,20345,1332778101
0.005685072,0.5352073,0.45811304,0.0009945948,1,20345,1775630980
0.00014291525,0.077584155,0.9211302,0.0011427383,2,20362,181373695
0.00011454066,0.03685159,0.96257466,0.00045922105,2,20362,905126843
0.00031294397,0.19011456,0.80912393,0.00044858715,2,20362,1840245325
0.00045766443,0.068706624,0.92671454,0.004121159,2,20362,502540952
0.0030007097,0.07985219,0.88973665,0.027410483,2,20362,1104033759
0.071174115,0.4205286,0.5029837,0.005313585,2,20365,391231829
0.016951066,0.31507015,0.665847,0.002131772,2,20365,809534962
0.0010965395,0.12174385,0.8749612,0.0021983748,2,20365,1307175424
0.01518157,0.20659043,0.75848305,0.01974494,2,20365,404896658
0.01313469,0.123491645,0.8550535,0.008320191,2,20365,666027886
0.0011610031,0.05804341,0.9199641,0.020831563,2,20365,2045574612
0.046921533,0.84350497,0.106582634,0.0029908256,1,20368,415774191
0.0029524448,0.6728381,0.32287657,0.001332882,1,20368,919560152
0.0133140255,0.5756732,0.40669763,0.004315114,1,20368,515228787
0.033669572,0.6276007,0.3327736,0.0059560575,1,20368,848155487
0.0003979419,0.37686592,0.6223114,0.00042469366,1,20368,1184643337
0.000748499,0.044955857,0.91903746,0.03525816,2,20412,1162930913
0.00086123694,0.053652782,0.91851044,0.026975472,2,20412,1378505216
0.0009160208,0.109319955,0.879077,0.010687088,2,20412,1865811911
0.00065740856,0.018303184,0.8781864,0.10285299,2,20412,431198962
0.00012531942,0.0020874334,0.6134469,0.38434038,2,20412,1430031859
5.8318015e-05,0.0014103812,0.7437438,0.25478753,2,20412,1538707905
0.0004886737,0.0074765827,0.65978974,0.33224496,2,20412,1608325877
0.60886747,0.3861847,0.0030604596,0.0018874248,1,20701,2019369136
0.63527125,0.3503486,0.007337682,0.007042569,1,20701,2123003592
0.10679074,0.8542057,0.03534313,0.0036603792,1,20701,269573736
0.40641508,0.5739852,0.014782887,0.004816847,1,20701,1183989582
0.0038803509,0.007962327,0.050945517,0.9372118,3,20765,114562861
2.7421007e-05,6.7047513e-06,0.00029413693,0.9996718,3,20765,516734688
0.016810773,0.0045293095,0.009275123,0.9693848,3,20765,612896699
0.046282504,0.027168388,0.04254994,0.8839992,3,20765,749307238
0.00013390562,0.00011038636,0.0015901079,0.99816555,3,20765,944412052
0.17174594,0.7997798,0.027495658,0.0009785636,1,20789,670910414
0.23172669,0.6921128,0.06878241,0.007378028,1,20789,1883289719
0.025943354,0.8910371,0.08261745,0.0004021061,1,20789,143692956
0.015903685,0.8277335,0.1559286,0.0004342553,1,20789,1243581779
0.00029248738,0.33684996,0.6624544,0.00040309285,2,20802,259090622
0.00047902015,0.31594256,0.6831387,0.0004396889,2,20802,757398629
0.0003515267,0.5114871,0.4879504,0.00021095372,2,20802,558494954
0.0014864128,0.61289895,0.3848916,0.000723102,2,20802,1927324962
0.001947594,0.8502593,0.14767504,0.00011812654,1,2083,464233349
0.0566692,0.75133413,0.19092172,0.0010749537,1,2083,485668007
0.11407196,0.76151884,0.12285079,0.001558435,1,2083,693829796
0.014399098,0.7601267,0.22412698,0.0013472475,1,2083,84495334
0.003107426,0.82389814,0.17285356,0.00014086196,1,2083,331933117
0.074697345,0.76268643,0.16088073,0.0017355599,1,2083,1775123300
0.0019878645,0.021616075,0.73462844,0.24176766,2,209,274674161
0.0009855812,0.005100993,0.2573073,0.7366062,2,209,1953229819
0.00053256063,0.005031262,0.58388835,0.4105479,2,209,8038644
5.829875e-05,0.0007636827,0.47146294,0.527715,2,209,1311952752
0.0006097103,0.004375094,0.459745,0.5352702,2,209,1855316219
0.00022941761,0.1255267,0.87053615,0.0037077572,2,20903,1204027845
0.00016552745,0.15219964,0.8464796,0.0011553045,2,20903,1367442455
0.00065715483,0.25424346,0.742959,0.0021403404,2,20903,350846659
9.4548945e-05,0.35460895,0.64524883,4.763364e-05,2,20903,1897717426
0.00039563217,0.5320852,0.46734217,0.00017700333,2,20953,1152706670
0.00096887915,0.58087003,0.41793108,0.00022993646,2,20953,1185285247
0.0025256223,0.43997288,0.5557766,0.0017249302,2,20953,156483578
0.00011680281,0.4927927,0.5070183,7.2160445e-05,2,20953,1538818748
0.00073262973,0.50288767,0.49586084,0.0005188765,2,20953,1839678749
0.010348791,0.93528056,0.054260932,0.00010967162,1,20980,438514068
0.0037687637,0.7969682,0.1986309,0.00063210726,1,20980,1437045436
0.15693013,0.8269618,0.015947718,0.00016035857,1,20980,647847146
0.14392674,0.81964827,0.0349538,0.0014712183,1,20980,2118749599
0.30420318,0.65616894,0.03356919,0.0060586324,1,20989,1156988266
0.04140796,0.90790594,0.050358627,0.00032739204,1,20989,1685859255
0.35619137,0.6247662,0.017483884,0.0015585994,1,20989,462794046
0.083547235,0.9046149,0.011720137,0.000117723706,1,20989,493187957
0.00022343906,0.00036727288,0.08341888,0.9159905,2,20992,320117024
0.0003960845,0.007744511,0.8197937,0.17206572,2,20992,1095126044
0.00017805425,0.0012166251,0.27022097,0.7283843,2,20992,1966354375
0.0001085252,0.0007539916,0.24323504,0.75590247,2,20992,294773451
0.0017216513,0.018897373,0.6835112,0.29586974,2,20992,515952558
0.00016099638,0.019092781,0.95397395,0.026772203,2,20992,769481342
0.00011183866,0.00022644491,0.042003207,0.9576584,2,21067,1911118071
0.0008486812,0.00363165,0.295014,0.70050573,2,21067,1979623028
0.00023315057,0.0007425225,0.12836896,0.8706554,2,21067,715321439
7.2854236e-05,0.0004765327,0.18572323,0.8137274,2,21067,1511749844
0.4863022,0.49595436,0.012720046,0.005023322,1,21180,28639091
0.19574077,0.74820954,0.047354817,0.008694812,1,21180,258293371
0.75245774,0.24371395,0.0030827632,0.00074547535,1,21180,707793992
0.46395808,0.5182272,0.013739725,0.004074962,1,21180,2005051070
0.11195451,0.7877478,0.09467611,0.005621595,1,21180,888808642
0.4367564,0.52856815,0.02813351,0.0065418924,1,21180,1085290197
0.072059765,0.7714413,0.14999577,0.0065032067,1,21180,1433909801
0.4505263,0.53345144,0.011856195,0.0041660573,1,21180,1610942978
0.00524113,0.49083403,0.4971693,0.0067556007,2,21209,476821110
0.00018954181,0.11502423,0.8832564,0.00152991,2,21209,676179342
0.0004037382,0.4891031,0.5101975,0.00029565624,2,21209,567496969
0.00088727,0.31599542,0.6808394,0.0022778744,2,21209,1503364948
0.0002008025,0.34126684,0.65822875,0.00030357568,2,21209,1862294544
0.0005737516,0.03672976,0.94451785,0.018178593,2,21214,655892738
0.00011009404,0.012814292,0.97454065,0.0125349555,2,21214,1970939400
0.00613169,0.03362979,0.68822956,0.272009,2,21214,213095459
1.2030319e-05,0.010691997,0.988867,0.00042903857,2,21214,649802037
0.0001758948,0.1056256,0.8932612,0.0009372476,2,21214,665917803
0.78459156,0.2099542,0.0041462895,0.0013079294,0,21224,779681721
0.6183251,0.37318307,0.006447235,0.0020445965,0,21224,2009095956
0.6055841,0.3935036,0.0006824376,0.00022982407,0,21224,1636016606
0.7114399,0.28470615,0.002746224,0.0011077299,0,21224,1924927683
0.9740615,0.025579432,0.00020935047,0.00014969382,0,21228,415040001
0.9764965,0.023072653,0.0003321728,9.862927e-05,0,21228,509736195
0.9588554,0.04100128,0.00012628965,1.7030432e-05,0,21228,1036168952
0.98501587,0.014872465,6.539006e-05,4.6252782e-05,0,21228,1036455783
0.97121847,0.028702248,6.200303e-05,1.7195385e-05,0,21228,1277134794
0.86970127,0.12872736,0.0013583116,0.000213121,0,21228,1282767740
0.97596914,0.023897436,9.67558e-05,3.6606205e-05,0,21228,2040231396
0.000746236,0.2993959,0.6994842,0.00037366422,2,2128,1158224659
0.000878821,0.47954538,0.51935786,0.00021791316,2,2128,1558471205
0.0017009119,0.5756175,0.42224798,0.00043359047,2,2128,184765903
0.00011636113,0.33574116,0.66406643,7.5980424e-05,2,2128,577633257
0.0003312144,0.30501547,0.69448036,0.00017291671,2,2128,1051661155
0.0064733303,0.7262481,0.2663243,0.0009541959,1,21310,1624737203
0.08860201,0.8715922,0.03867511,0.001130685,1,21310,2107897536
0.0038644746,0.834197,0.16177611,0.00016252312,1,21310,1775075022
0.0046203043,0.65696704,0.3374947,0.0009179205,1,21310,1826567385
0.0039628427,0.9241453,0.07177158,0.00012034541,2,21315,266491339
0.0033278798,0.9195177,0.07698021,0.00017427091,2,21315,1838768704
0.0040993714,0.83328795,0.1621178,0.00049488025,2,21315,58132425
0.001093765,0.45811024,0.5404731,0.00032289003,2,21315,355971526
0.0010084222,0.7549004,0.24397615,0.000115021314,2,21315,842119228
0.00050286175,0.14424756,0.8531014,0.0021481332,2,21409,690318599
0.0001428011,0.2562989,0.74317336,0.00038489143,2,21409,2087736309
0.00014605948,0.07581347,0.9230589,0.0009816034,2,21409,1295361113
0.00016183374,0.22562596,0.7734597,0.0007525247,2,21409,1776520698
0.88813114,0.11116545,0.0005484131,0.00015500156,0,21431,83297018
0.8788539,0.11808423,0.00242927,0.0006325751,0,21431,1267661046
0.8940485,0.1048296,0.00062606274,0.000495814,0,21431,743492847
0.68618333,0.31056216,0.002900086,0.0003543769,0,21431,2124992327
9.9220735e-05,0.0027229502,0.71705985,0.2801179,2,21440,243894962
0.0014046615,0.026652403,0.72605604,0.2458869,2,21440,388852576
0.0003005694,0.01392473,0.94591,0.039864603,2,21440,2023635786
0.00017719522,0.0027338907,0.79271865,0.20437029,2,21440,256514942
4.9402654e-05,0.0030422222,0.95207226,0.04483614,2,21440,1141954753
4.5492936e-05,0.0014812057,0.8377533,0.16071995,2,21440,1169381738
0.014602955,0.81692046,0.16778919,0.0006874834,1,21445,468265579
0.021812612,0.8713753,0.10628708,0.00052500906,1,21445,871365777
0.044177588,0.8540882,0.100471914,0.0012623048,1,21445,1790818978
0.043180317,0.84857863,0.1075748,0.00066621933,1,21445,132643082
0.03569382,0.8916029,0.07166943,0.0010338853,1,21445,326771787
0.024750557,0.8712998,0.103474095,0.00047551366,1,21456,842493553
0.16981703,0.80226886,0.02743961,0.00047450763,1,21456,1263262672
0.0623879,0.8242206,0.110274546,0.0031169674,1,21456,1911885035
0.11131425,0.80897665,0.07716115,0.0025479428,1,21456,285788128
0.07999947,0.84320813,0.075509004,0.0012834332,1,21456,863419705
0.00013729706,0.00036367282,0.077512,0.92198694,3,21464,495378265
0.00027038265,0.0017918807,0.27502495,0.7229128,3,21464,705550992
0.0008144653,0.0030378266,0.19208989,0.8040578,3,21464,1112281356
0.0004337145,0.0010008696,0.06923765,0.9293278,3,21464,589355252
0.00038529182,0.001574683,0.24003093,0.75800914,3,21464,1222390337
5.3797594e-05,0.00025766875,0.15366285,0.8460257,3,21464,1771134977
0.10878611,0.8509021,0.039241493,0.0010703873,1,21479,1498517690
0.51801306,0.45032495,0.027085222,0.0045768186,1,21479,1845964323
0.1490346,0.79342693,0.05504725,0.0024911964,1,21479,769817234
0.22250788,0.7614828,0.014681113,0.0013282641,1,21479,1423692450
0.17417109,0.7779864,0.044666264,0.003176313,1,21479,1972490697
0.00044061206,0.15485285,0.8434747,0.0012318207,2,21520,24011738
0.0011363603,0.36234808,0.63439935,0.002116242,2,21520,542158564
0.0018718812,0.11554463,0.8703401,0.012243279,2,21520,1227145819
0.011225844,0.30267674,0.63319236,0.052905142,2,21520,1542713553
0.0011403633,0.39882883,0.59899026,0.0010405693,2,21520,54649644
0.0006934067,0.29259554,0.70500606,0.0017049257,2,21520,108779245
0.0021895054,0.40674743,0.5884575,0.0026054857,2,21520,545232657
0.021408705,0.22793739,0.7094631,0.041190855,2,21520,1071683632
0.0050877794,0.78781956,0.20670795,0.00038465715,1,21524,1432190374
0.0047992393,0.70865387,0.28629088,0.00025594747,1,21524,1486813355
0.0025573305,0.68510723,0.31201383,0.00032159712,1,21524,1469977784
0.020245044,0.78629375,0.19120555,0.0022555823,1,21524,1935969791
0.0015351133,0.17525457,0.8111044,0.01210597,1,21552,119224608
0.0026854936,0.25120673,0.72024316,0.025864579,1,21552,1311590775
0.00041314538,0.30137405,0.6973226,0.00089021976,1,21552,1376184883
8.0714985e-05,0.13286307,0.8657523,0.0013039745,1,21552,837570216
0.0009010482,0.15703365,0.8202045,0.021860804,1,21552,937966187
0.0012951221,0.24088632,0.742936,0.014882544,1,21552,964467610
0.33455864,0.6515975,0.012192009,0.0016518353,1,2159,1873228678
0.09959344,0.89049053,0.009331847,0.00058414915,1,2159,1978625257
0.07224498,0.9121419,0.015167992,0.00044515953,1,2159,191189759
0.027743662,0.83909565,0.13199271,0.0011678805,1,2159,310935708
0.36286864,0.6279042,0.008023469,0.0012036603,0,2163,1188948682
0.7551716,0.23959275,0.003641401,0.0015942631,0,2163,1923728788
0.0444121,0.81841,0.13655299,0.0006249784,0,2163,899252395
0.8456405,0.15167893,0.0018486952,0.00083192636,0,2163,1935638479
0.047575433,0.8033705,0.14760068,0.0014534296,1,21678,351625203
0.009394226,0.8070177,0.18289453,0.00069351756,1,21678,1400217976
0.048056167,0.76879305,0.18182464,0.0013261785,1,21678,2024828753
0.16678336,0.76099217,0.069612876,0.0026115784,1,21678,949184823
0.08504704,0.7781428,0.13400863,0.0028014553,1,21678,1108829334
0.12581238,0.75924,0.111194454,0.003753168,1,21678,1555219451
0.0022625732,0.7872613,0.21000893,0.00046720883,1,21713,1050345861
0.032108225,0.91698396,0.050369915,0.0005379415,1,21713,1192705244
0.025895094,0.88488954,0.088286355,0.00092897745,1,21713,1990429390
0.0025607387,0.06316804,0.7205971,0.21367419,1,21713,491155635
0.0032484487,0.8067439,0.1897217,0.0002859337,1,21713,655534116
0.001437269,0.7345849,0.26352254,0.00045526517,1,21713,974420536
0.8375417,0.16077015,0.0014531533,0.00023504786,1,21744,137087280
0.5388672,0.45813486,0.0026882428,0.00030969322,1,21744,583621111
0.7077178,0.2899752,0.0018854708,0.00042151342,1,21744,656330523
0.92261505,0.07658614,0.0006914404,0.00010730667,1,21744,1603828499
0.7592333,0.24034438,0.00038191013,4.034773e-05,1,21744,1870570286
0.7422303,0.2526468,0.0043385806,0.00078432116,1,21744,5186053
0.78453183,0.21012886,0.004392782,0.0009465579,1,21744,914840750
0.7814508,0.2173059,0.0010559348,0.00018736269,1,21744,1494457072
0.735424,0.26008618,0.003754833,0.0007350628,1,21744,1804333793
0.53671175,0.46232846,0.00088259013,7.715106e-05,1,21744,2067448009
0.0012469263,0.88860774,0.109989755,0.00015563828,1,21765,4596707
0.00114326,0.8852981,0.11345225,0.000106468215,1,21765,1090520916
0.008752329,0.6056601,0.38424432,0.0013432606,1,21765,1301601300
0.004696504,0.36591083,0.62695736,0.0024353038,1,21765,1943278681
0.0010694944,0.77426505,0.22454496,0.00012055012,1,21765,811924383
0.0009970962,0.4281873,0.5705518,0.0002638118,1,21765,1065008946
0.0017616283,0.7485661,0.24944481,0.00022743623,1,21765,1423935903
0.0038738928,0.8166407,0.17923585,0.00024964666,1,21781,887862453
0.015545061,0.8240586,0.16009657,0.00029985257,1,21781,1878001809
0.03619913,0.9133055,0.04867504,0.0018202411,1,21781,130979147
0.17526978,0.77745736,0.045249626,0.0020231896,1,21781,1801374924
0.47038108,0.522087,0.0064814235,0.0010505029,0,21784,465198714
0.2562357,0.72488564,0.016773868,0.0021047648,0,21784,1312257531
0.21089582,0.7776338,0.010769592,0.00070083485,0,21784,1686183485
0.4256408,0.57007176,0.0040223915,0.00026512402,0,21784,217479749
0.5908859,0.400287,0.0077610277,0.0010660845,0,21784,1315940354
0.81045204,0.18738395,0.0012413408,0.0009226195,0,21784,1705587598
0.002664915,0.04802718,0.8064864,0.14282145,2,21809,313182205
0.0005768714,0.20497857,0.7917038,0.0027407662,2,21809,2059332617
0.0011679112,0.25924125,0.71194625,0.027644617,2,21809,359410081
0.0010218184,0.06426998,0.78635603,0.14835218,2,21809,1307476428
0.0060319398,0.096529916,0.8532073,0.044230845,2,21928,1275734041
0.00013472213,0.059758075,0.9384425,0.0016646904,2,21928,2073181720
0.00039719732,0.079438485,0.9171715,0.0029928037,2,21928,769477628
0.0007329687,0.095695004,0.8978448,0.005727276,2,21928,1498981680
0.00014205625,0.34813282,0.6516382,8.6910484e-05,2,21963,209297544
0.0051654116,0.4682244,0.52481145,0.0017987189,2,21963,2022230979
0.001953814,0.29777938,0.6969114,0.0033554195,2,21963,259014189
0.00032203374,0.073584646,0.9240154,0.0020778996,2,21963,1295838199
0.1696277,0.8272359,0.0030173745,0.000118985816,1,2205,75545464
0.23737389,0.74862415,0.012671058,0.0013309545,1,2205,555102122
0.23173395,0.7614808,0.006197429,0.00058776856,1,2205,834604161
0.31695226,0.66217333,0.018845376,0.0020289775,1,2205,263700115
0.27338916,0.70027274,0.02491912,0.001419006,1,2205,485105280
0.15641342,0.8416613,0.0018669837,5.824459e-05,1,2205,693854644
0.15636697,0.8325466,0.010535989,0.0005504085,1,2205,1922546139
0.15531395,0.83524853,0.009106132,0.0003313796,1,2205,2044128060
0.00014338066,0.106694385,0.89121807,0.0019441196,2,22053,1060449744
0.00011153516,0.17220373,0.82720786,0.000476894,2,22053,1665527327
0.00021560701,0.05436739,0.94415504,0.0012619457,2,22053,13139179
0.00013721443,0.03823534,0.956438,0.0051894686,2,22053,2019080665
0.99427694,0.0056587174,5.1268427e-05,1.3078467e-05,0,22130,144755236
0.9936526,0.006296815,3.3122084e-05,1.7370186e-05,0,22130,1515505198
0.9790612,0.020844582,6.638813e-05,2.7845315e-05,0,22130,1899244345
0.9941614,0.005714441,7.5813354e-05,4.822429e-05,0,22130,924769750
0.9828469,0.016744548,0.00030140145,0.00010722415,0,22130,1539519019
0.9960802,0.0038305162,6.681386e-05,2.2483422e-05,0,22130,1870344236
0.0064911875,0.3702491,0.6211068,0.0021529568,2,22253,193300844
0.009215697,0.7674183,0.2225631,0.0008029098,2,22253,230691265
0.0010478108,0.41884264,0.5792875,0.00082201813,2,22253,1638327503
0.043783993,0.4585475,0.4794936,0.018174963,2,22253,47808467
0.0006955029,0.20003107,0.79803103,0.001242359,2,22253,221414555
0.0004398168,0.5561993,0.44309285,0.00026802733,2,22253,1994195689
0.1502866,0.83121645,0.017519725,0.0009771894,1,22321,498670445
0.021284837,0.95591956,0.022439353,0.0003562282,1,22321,1034353496
0.06518993,0.8971732,0.035125088,0.0025117956,1,22321,1052964500
0.073919155,0.89803493,0.027276594,0.0007693422,1,22321,1185349134
0.03450845,0.95268285,0.012472595,0.00033602686,1,22321,2017553878
0.0077592176,0.9568097,0.035287827,0.00014320998,1,22330,459296727
0.006445976,0.8762536,0.11666664,0.00063376094,1,22330,1298677090
0.03053076,0.90270495,0.065527916,0.001236316,1,22330,351516461
0.004032862,0.9175159,0.07790518,0.0005461227,1,22330,1475725068
0.003134072,0.7306971,0.26568472,0.0004841374,2,22359,836548015
0.006205899,0.7328076,0.25971758,0.0012689176,2,22359,907140921
0.014181182,0.8835595,0.10186815,0.00039108697,2,22359,1364844215
0.019474855,0.94793355,0.032368958,0.00022265615,2,22359,1762445904
0.016742308,0.9501283,0.032986443,0.00014290056,2,22359,1894222824
0.023200957,0.35531044,0.59907323,0.022415308,2,22369,901592831
0.031526286,0.7325018,0.23102091,0.004950908,2,22369,2100058222
0.0030253904,0.16353925,0.8130092,0.02042616,2,22369,387012585
0.051213395,0.7197349,0.22303005,0.0060216323,2,22369,1235570197
0.0023459299,0.2233764,0.7633641,0.010913599,2,22369,1328072139
0.027995775,0.7275149,0.24169032,0.0027989012,2,22369,2083134012
0.0037991893,0.49842486,0.49635208,0.0014239205,2,22393,111587136
0.0034834442,0.68697345,0.3087937,0.0007493908,2,22393,677961251
0.0012641457,0.57735,0.42101228,0.00037356,2,22393,923675188
0.0051495135,0.7187665,0.27563164,0.00045234282,2,22393,169981073
0.0004497777,0.5468551,0.45230293,0.00039218398,2,22393,418866686
0.0032939517,0.66908664,0.3272989,0.00032045983,2,22393,627354927
0.00402189,0.53318316,0.46141815,0.0013768197,2,22393,2082500802
0.00038466978,0.063187554,0.9233793,0.0130484495,2,22562,168026535
0.000113697286,0.10246646,0.8956654,0.0017544389,2,22562,1491977729
9.299004e-05,0.10281805,0.8954287,0.0016602763,2,22562,1698906790
0.0001448429,0.05409684,0.9422853,0.003473065,2,22562,1762637461
7.026567e-05,0.09218366,0.9074862,0.00025984406,2,22562,184187010
0.00013082399,0.008357693,0.9369985,0.054513045,2,22562,1512279672
0.28037962,0.70717794,0.011063641,0.0013787834,0,22653,119641830
0.47166133,0.5104742,0.015166048,0.0026984338,0,22653,668879889
0.6691386,0.32914636,0.001463884,0.00025116696,0,22653,307520062
0.35555744,0.6259509,0.017263478,0.0012281983,0,22653,1517345892
0.50474167,0.4829668,0.010860873,0.0014306864,0,22653,1829316911
0.98350567,0.01644483,3.283948e-05,1.667115e-05,0,22687,125769615
0.99262047,0.007330954,2.8550357e-05,2.00919e-05,0,22687,362303403
0.9836373,0.016072497,0.0001835506,0.0001067562,0,22687,765642365
0.98046595,0.018933306,0.0003973315,0.00020345874,0,22687,2123324023
0.971203,0.028220901,0.00041860383,0.00015742246,0,22687,258947692
0.99324185,0.006705556,3.3925447e-05,1.8556013e-05,0,22687,515800754
0.9487548,0.050137196,0.00070997106,0.0003980936,0,22687,1999772196
0.002005985,0.7674492,0.23020858,0.00033623958,1,22703,1715720547
0.0013282679,0.5164628,0.4813683,0.00084064226,1,22703,2128343739
0.0029333506,0.47706226,0.5190417,0.00096264505,1,22703,694656201
0.00041772032,0.6270465,0.37233627,0.00019947362,1,22703,1034696973
0.0002321999,0.0041550775,0.69839776,0.29721496,2,22766,1183214834
0.00035001637,0.025168065,0.90740085,0.06708104,2,22766,1253966080
0.0007757151,0.0553894,0.8443818,0.09945312,2,22766,200520414
0.0016185533,0.22197342,0.7718653,0.004542766,2,22766,478904995
0.002919069,0.20048909,0.78559875,0.010992991,2,22766,1144373872
0.002274857,0.14334786,0.83531153,0.019065717,2,22766,1285868936
0.0004993766,0.07063812,0.87594956,0.052913014,2,22766,1696722394
0.00014233615,0.011726413,0.94056576,0.047565494,2,22817,918012251
0.00017529048,0.2727477,0.72665143,0.00042559227,2,22817,1123527498
0.00022784575,0.020652508,0.89734626,0.08177337,2,22817,625895875
0.00047578782,0.009075878,0.5910931,0.39935523,2,22817,950063228
0.2672086,0.7017118,0.028989987,0.0020896017,1,22826,690125725
0.09872564,0.8721492,0.028228149,0.00089689426,1,22826,1161526333
0.15323712,0.77319354,0.07204396,0.0015253401,1,22826,419140975
0.10169724,0.79378194,0.10347452,0.0010462773,1,22826,907556597
0.23856182,0.7584458,0.0028071743,0.00018516231,1,22826,1624383188
0.048892573,0.87967175,0.07123379,0.00020183527,1,22860,1938449367
0.010824544,0.6080019,0.3797472,0.0014263211,1,22860,2025091558
0.22772205,0.7574834,0.014627006,0.00016748064,1,22860,211811677
0.121043675,0.7542399,0.12128944,0.0034268834,1,22860,768375237
0.21642897,0.7825304,0.00096900226,7.16249e-05,1,22937,179977289
0.3097211,0.6855358,0.0041629802,0.00058015744,1,22937,1051182396
0.34869716,0.6490305,0.0020650008,0.00020738096,1,22937,455627632
0.39867875,0.5972983,0.0035874946,0.0004354961,1,22937,1930272915
0.008114575,0.73020804,0.26014593,0.0015314402,1,23082,1066840569
0.0005471886,0.64561796,0.3537197,0.00011513599,1,23082,2028845048
0.00071336614,0.4467575,0.55210346,0.0004256455,1,23082,175796559
0.00045015782,0.29717192,0.70200896,0.00036893444,1,23082,775905981
0.007252824,0.6687834,0.32334194,0.0006218415,1,23128,752293679
0.009988256,0.5024686,0.48669937,0.00084374944,1,23128,1339357847
0.02610156,0.64180475,0.33083412,0.0012596047,1,23128,154651696
0.006708102,0.57606786,0.41694552,0.00027853088,1,23128,1356437896
0.031879805,0.82819206,0.13719857,0.0027296029,1,2317,1115643101
0.0050984295,0.7633443,0.22908682,0.0024704935,1,2317,1935829544
0.00059228716,0.42583203,0.5717509,0.0018247331,1,2317,159628149
0.0032673564,0.51712126,0.47090313,0.008708277,1,2317,1551743306
0.004579692,0.46693197,0.5271541,0.0013342175,2,23338,675194585
0.0028181977,0.35844773,0.6325833,0.006150745,2,23338,1032653021
0.0031939535,0.029103342,0.37390378,0.59379894,2,23338,1395631511
0.017813532,0.27854425,0.629515,0.07412727,2,23338,1986793649
0.0035630828,0.2656488,0.6950813,0.035706844,2,23338,787652499
0.0030810225,0.07160213,0.9149643,0.010352476,2,23338,917833421
0.0015385071,0.35091946,0.6448026,0.0027394989,2,23338,1514395554
0.009140966,0.2339982,0.7032803,0.05358046,2,23338,1626114519
0.001640348,0.38480255,0.611069,0.0024881235,2,23338,1779521402
0.00025152435,0.21736655,0.7823015,8.049143e-05,2,23344,661352576
0.00062685006,0.16902831,0.82979906,0.00054575753,2,23344,1029939477
0.0014755437,0.18790868,0.80946404,0.0011517494,2,23344,1456038172
0.00035499973,0.11726092,0.8797015,0.002682577,2,23344,1416093920
0.0027187886,0.18584979,0.80608803,0.0053434055,2,23344,1485759556
0.00063252565,0.11179056,0.8844344,0.0031425746,2,23344,1926946495
0.2645,0.720266,0.014252578,0.0009815183,1,23345,445421651
0.3383662,0.64089805,0.019358382,0.0013774358,1,23345,2048604577
0.27230284,0.69012564,0.035415143,0.002156331,1,23345,2106686626
0.57936656,0.41739064,0.0030289402,0.00021384648,1,23345,1254266003
0.58160764,0.41374433,0.0042162198,0.000431857,1,23345,1791547904
0.24227273,0.7005833,0.05344465,0.003699305,1,23345,2146141205
0.0029715677,0.06912706,0.68180186,0.24609953,2,23419,665997729
0.00519833,0.21375217,0.7386915,0.04235806,2,23419,919331182
0.005588208,0.10180376,0.7993304,0.093277566,2,23419,1205359306
0.003414751,0.033635423,0.5919081,0.37104177,2,23419,1776833694
0.00064187415,0.05286775,0.8909233,0.055567037,2,23419,949631286
0.004867544,0.08727769,0.78007257,0.12778215,2,23419,1302446422
0.02992728,0.3561524,0.51000327,0.10391709,2,23419,1428980376
0.0029348223,0.19729026,0.74070776,0.059067186,2,23419,1640890791
0.0005779906,0.02358269,0.9546614,0.021177866,2,23540,1436996388
0.0010873905,0.0063698916,0.72014153,0.27240118,2,23540,1911180846
0.0022451957,0.0062428443,0.43488657,0.55662537,2,23540,2040462482
0.001419056,0.0059120823,0.6089067,0.38376215,2,23540,392067061
0.0017534369,0.012114457,0.6614424,0.32468972,2,23540,793836288
0.0018974879,0.0076100063,0.53339785,0.4570947,2,23540,1287075444
0.0005690443,0.005647436,0.75863963,0.23514384,2,23540,1670754453
0.00012686967,0.18783328,0.8114078,0.0006319753,2,23608,471010287
0.00018862718,0.03196687,0.96290094,0.004943562,2,23608,891637304
9.2659524e-05,0.049451675,0.94765663,0.0027990788,2,23608,243955895
0.00018506344,0.3748848,0.6247194,0.00021075783,2,23608,939842535
0.009531343,0.6045511,0.3743711,0.011546464,1,23643,694225462
0.014728899,0.6645201,0.31597832,0.0047726342,1,23643,1879604768
0.0020715706,0.6203234,0.37565544,0.0019495958,1,23643,366903286
0.0064680614,0.3300349,0.6565121,0.0069849496,1,23643,966753341
0.0022296167,0.026817696,0.7220157,0.24893703,2,23652,266998934
0.00069083105,0.027907098,0.7686362,0.20276596,2,23652,699161877
6.15339e-05,0.0058738715,0.9369674,0.05709724,2,23652,1033355998
0.0005051863,0.044585295,0.9312012,0.023708327,2,23652,1688319449
0.3089022,0.6878747,0.0030316215,0.00019153311,0,23798,40756199
0.5687272,0.4239395,0.006146077,0.0011872043,0,23798,1205643916
0.24401663,0.7390153,0.015406549,0.0015615507,0,23798,157871832
0.08716325,0.9020807,0.010411069,0.00034496683,0,23798,1476068626
0.5675049,0.42535913,0.0054736063,0.0016624026,0,23798,1735232732
0.00077995216,0.7155937,0.28345627,0.00017012593,2,23862,114504506
0.0010208146,0.86880124,0.1301601,1.783221e-05,2,23862,1423954497
0.0028627235,0.78377205,0.21297936,0.00038587404,2,23862,249158083
0.00035805188,0.67470264,0.32487437,6.49815e-05,2,23862,796803972
5.07938e-05,0.0024850531,0.7842363,0.21322784,2,23909,277523961
0.00056775863,0.008309187,0.7112433,0.27987984,2,23909,2078079301
5.0912065e-05,0.0092325825,0.97780037,0.0129161505,2,23909,985491328
0.0001282866,0.001129627,0.35033607,0.648406,2,23909,1087001112
0.00035951028,0.012978078,0.7881368,0.19852568,2,23940,1099649351
0.00014221689,0.020412741,0.9504982,0.028946767,2,23940,1308267993
0.0009218292,0.003054387,0.23691517,0.75910854,2,23940,197756162
0.0002323138,0.00052253215,0.061962098,0.93728304,2,23940,2008553925
5.1443967e-05,0.108360976,0.89149785,8.967127e-05,2,24086,55778582
0.00020011813,0.12368104,0.87470263,0.0014162912,2,24086,984393876
0.00013819146,0.31008506,0.689699,7.775064e-05,2,24086,1522411976
7.931837e-05,0.09165046,0.9078568,0.0004133672,2,24086,320934778
8.426466e-05,0.091740854,0.90782255,0.00035229314,2,24086,795016809
0.00043597707,0.020438105,0.8821611,0.09696482,2,24086,1496834430
0.0008089344,0.0025940018,0.019456351,0.9771408,3,24121,227876514
0.00085002166,0.003267908,0.14970341,0.8461787,3,24121,1297059693
2.8475573e-05,0.00011944637,0.038662933,0.9611892,3,24121,193725339
1.4438688e-05,1.130775e-05,0.005410609,0.99456376,3,24121,1047449999
0.00020105255,0.00049765926,0.06058,0.9387213,3,24121,1103401820
0.0007478472,0.0013124689,0.06918782,0.9287519,3,24121,1666141346
0.00034315666,0.10816366,0.871169,0.02032418,2,24141,1066710235
0.00047348562,0.025528437,0.89457715,0.07942094,2,24141,1349153465
0.00021846089,0.010094456,0.7557717,0.23391539,2,24141,264121965
0.00034017512,0.0017617153,0.30577266,0.69212544,2,24141,1584076835
0.36680305,0.62073624,0.010919047,0.0015416505,1,24204,310760509
0.3551971,0.6362114,0.008042204,0.00054929144,1,24204,895229633
0.58058727,0.4160068,0.002664622,0.0007412426,1,24204,1461309443
0.3078939,0.6734402,0.017178236,0.0014875897,1,24204,1948164128
0.29273316,0.70414037,0.0030153093,0.00011111964,1,24204,447215002
0.82060134,0.17887811,0.00037342322,0.00014712241,1,24204,1638544593
0.40559795,0.58965915,0.0043702265,0.00037270092,1,24204,1640250691
0.45358723,0.53760403,0.0071637956,0.0016449114,1,24204,1991399451
0.0024342348,0.43708423,0.5557858,0.004695811,2,24233,322305519
0.00070521754,0.03550037,0.740922,0.22287248,2,24233,505255398
0.001325689,0.18645245,0.8007878,0.011434113,2,24233,249829419
0.0036313068,0.33474928,0.6349976,0.02662179,2,24233,1763862116
0.032845523,0.62626606,0.32921058,0.011677825,2,24243,404518975
0.0008170875,0.13367967,0.86401576,0.0014874324,2,24243,1893171117
0.0019863115,0.33812967,0.6592446,0.00063943723,2,24243,1915026110
0.0024361792,0.43575242,0.55733544,0.0044759377,2,24243,688580795
0.0014991532,0.45304814,0.5452345,0.0002181803,2,24243,1357878426
0.0012168663,0.52596104,0.47225302,0.0005690898,2,24243,1482751222
0.049454134,0.9273361,0.022886805,0.0003230103,1,24269,152851346
0.17757916,0.7611775,0.05920405,0.0020394062,1,24269,760258995
0.007983888,0.8525497,0.13780415,0.0016623222,1,24269,1313972129
0.13181113,0.77322483,0.09118821,0.0037758108,1,24269,2114118593
0.91704184,0.08115672,0.0014823498,0.0003191016,0,24298,893078519
0.8999184,0.099692635,0.00032643788,6.252467e-05,0,24298,1675612540
0.9742133,0.025489535,0.00024174752,5.5307086e-05,0,24298,767079749
0.9709345,0.028907951,0.00012205196,3.5574267e-05,0,24298,1099920497
0.0010684368,0.4926644,0.50569385,0.0005732945,2,24310,137039509
0.0059923106,0.55152875,0.43492392,0.0075549963,2,24310,418038517
0.0005096153,0.4486599,0.5500349,0.0007956868,2,24310,625697618
0.00024453778,0.16987136,0.82818705,0.0016970338,2,24310,169573827
0.000313781,0.5266993,0.47249553,0.0004913534,2,24310,1234603388
0.01227445,0.62073636,0.36544582,0.0015433911,2,24336,741271206
0.0011807159,0.5526879,0.4459537,0.00017769782,2,24336,762019464
0.00077543076,0.4900001,0.5090448,0.00017969072,2,24336,1860912111
0.006722666,0.74053574,0.2524448,0.00029677045,2,24336,600165706
0.0030229164,0.76436776,0.23255868,5.0653613e-05,2,24336,1293986007
0.0050257607,0.610556,0.38349962,0.000918623,1,24432,206265254
0.0018347271,0.6617792,0.33574077,0.00064528646,1,24432,425102640
0.0006750172,0.25546324,0.74238414,0.0014776649,1,24432,827138876
0.00035101725,0.28986782,0.7093995,0.000381625,1,24432,1308110398
0.0020829644,0.8075094,0.19037968,2.7910874e-05,1,24547,541986614
0.0118308505,0.6430065,0.34485388,0.00030879016,1,24547,1601378533
0.1723172,0.7875128,0.039991785,0.00017826172,1,24547,1255665594
0.18686879,0.7757236,0.03682419,0.0005833917,1,24547,2053483061
0.060770527,0.1544942,0.42702687,0.35770848,2,24553,179593899
0.0038361547,0.3544904,0.6351867,0.0064867674,2,24553,498259559
0.083829924,0.27930984,0.3693607,0.26749963,2,24553,742734272
0.0065299175,0.12417647,0.8027388,0.06655482,2,24553,810528820
0.12347071,0.4756595,0.36138284,0.039486956,2,24553,152999581
0.15055652,0.46791366,0.33926967,0.04226024,2,24553,510349153
0.07497996,0.18746562,0.2308951,0.50665927,2,24553,714234152
0.049781173,0.29437438,0.6150151,0.040829327,2,24553,1166874654
0.0003272173,0.06603693,0.9227098,0.010926015,2,24557,240659199
0.000924822,0.023128426,0.8720622,0.10388456,2,24557,526549687
0.002128829,0.041545175,0.81473076,0.14159524,2,24557,1190427783
0.0005701905,0.008557003,0.6965305,0.29434228,2,24557,7345871
0.00051877694,0.029406538,0.8931659,0.076908834,2,24557,534896684
0.56894255,0.42586082,0.0044320635,0.0007645594,1,24564,1095396480
0.49321166,0.4974923,0.007496137,0.0017997952,1,24564,1109475818
0.32081577,0.66204697,0.015105887,0.0020313384,1,24564,360716168
0.6086598,0.38704753,0.0032434931,0.0010491739,1,24564,1638694017
0.00022883083,0.29838744,0.700963,0.0004207988,2,24566,453137519
0.00011247682,0.2168529,0.78285575,0.00017893616,2,24566,2113818633
0.0002965477,0.031798456,0.95531386,0.012591155,2,24566,182623219
3.1695738e-05,0.091792494,0.9076329,0.0005428913,2,24566,942041246
0.0001748357,0.25087178,0.7483206,0.00063280575,2,24581,111454965
0.0010117436,0.12984146,0.8529625,0.016184306,2,24581,882925909
6.13678e-05,0.03694421,0.9563642,0.0066302572,2,24581,726573843
0.0016530489,0.086748876,0.7533918,0.15820621,2,24581,1234748992
0.0323809,0.7444618,0.21763994,0.005517416,1,24585,8122367
0.0058488124,0.7570219,0.23541054,0.0017188306,1,24585,168221615
0.0685659,0.8582947,0.07067294,0.002466468,1,24585,487375159
0.025800794,0.830003,0.13972414,0.0044720634,1,24585,480456805
0.025788356,0.6846411,0.2769382,0.012632278,1,24585,1405513413
0.03303355,0.7291391,0.22984353,0.00798391,1,24585,1431346577
0.06868662,0.28919557,0.53147495,0.1106429,2,24599,173454910
0.0038185332,0.07037895,0.6777426,0.2480599,2,24599,1259645023
0.06183574,0.38036937,0.41007638,0.14771855,2,24599,1410242946
0.02401109,0.14797872,0.6456732,0.18233696,2,24599,1946658043
0.004301373,0.22820789,0.751481,0.016009787,2,24599,302397459
0.10458238,0.365961,0.45587626,0.07358038,2,24599,1074357139
0.0059000766,0.3830448,0.57939273,0.031662337,2,24599,1183857547
0.13702898,0.41459858,0.37614468,0.072227776,2,24599,1794254610
1.9259976e-06,1.5416448e-06,0.0015496407,0.9984469,3,24636,1118092364
2.0737614e-05,2.1744652e-05,0.009828227,0.9901293,3,24636,1684930922
8.950496e-05,0.00012383978,0.017787233,0.9819994,3,24636,1080914793
1.4224911e-05,1.12710895e-05,0.0035491185,0.99642533,3,24636,1483474091
0.9754934,0.0243464,0.00012526441,3.498645e-05,0,24644,252013216
0.9734769,0.026475001,3.834563e-05,9.867997e-06,0,24644,1383830113
0.9355483,0.063926175,0.00039800993,0.00012745034,0,24644,249677
0.97052705,0.029406914,5.7717734e-05,8.334177e-06,0,24644,636410662
0.9748837,0.025083477,2.5664474e-05,7.1455233e-06,0,24644,1217832977
0.3024884,0.663326,0.032545526,0.0016399747,0,24710,1328485202
0.20883611,0.78497577,0.005798473,0.00038964555,0,24710,1923389718
0.23772714,0.72472125,0.035812464,0.0017391094,0,24710,336101230
0.17961407,0.80277616,0.016716411,0.00089329714,0,24710,1021618321
0.11854999,0.85556257,0.024839181,0.0010482682,0,24710,1666777642
0.0038510356,0.7441739,0.25096157,0.0010135444,2,24782,288765902
0.0028597685,0.5450541,0.45104736,0.001038847,2,24782,736217997
0.0010765558,0.30268842,0.6954179,0.0008172146,2,24782,743119245
0.0007372182,0.16271344,0.8348915,0.001657878,2,24782,1029331922
0.0068025645,0.17487171,0.6416966,0.17662916,2,24782,1987965672
0.199984,0.78990835,0.0099760825,0.00013153712,1,24823,941419694
0.037223294,0.8890333,0.07319736,0.0005459707,1,24823,1879228124
0.088592075,0.8272449,0.08332795,0.00083507656,1,24823,2115046188
0.002725835,0.5719183,0.42434525,0.001010619,1,24823,1967002780
0.014204953,0.6269516,0.35798156,0.0008618813,1,24823,1983512783
0.0007608835,0.0022169268,0.18061402,0.81640816,2,24824,823790196
0.00034218183,0.0007151348,0.11734369,0.88159895,2,24824,1922374111
0.00014908938,0.0075371275,0.8916741,0.100639656,2,24824,309785457
0.0008660933,0.0026558572,0.3305405,0.66593754,2,24824,441263160
0.008711818,0.12531495,0.6426602,0.22331302,2,24845,1201333226
0.012451658,0.21456416,0.674841,0.09814323,2,24845,1419558211
0.0036900276,0.048761133,0.5857867,0.36176214,2,24845,1551910843
0.003728374,0.06990538,0.69242907,0.23393714,2,24845,1642793937
0.009953147,0.16997834,0.6633827,0.15668574,2,24845,404790901
0.0030140125,0.049511835,0.6249264,0.32254782,2,24845,1707799086
0.0018398063,0.03619725,0.6915582,0.2704047,2,24845,1812239773
0.0018982674,0.028686186,0.4544547,0.5149609,2,24845,2051486099
8.1431295e-05,0.022670293,0.9610695,0.016178656,2,24887,1500094188
0.0001125507,0.011553226,0.979645,0.00868926,2,24887,2002265115
2.0192638e-05,0.016371181,0.982844,0.0007646258,2,24887,134062349
0.00013585926,0.0071138437,0.8654192,0.12733105,2,24887,486884967
0.024802877,0.70072263,0.26389736,0.010577146,0,24906,511490556
0.40379164,0.47978824,0.09703674,0.019383404,0,24906,822683321
0.16940528,0.6423876,0.16340005,0.024807049,0,24906,1204289874
0.095333084,0.81154424,0.09127367,0.0018490442,0,24906,1527195043
0.18930458,0.80371755,0.006594789,0.0003831527,1,25101,14100413
0.20411843,0.78427714,0.01098555,0.000618866,1,25101,94746098
0.5508277,0.43832186,0.008251179,0.002599314,1,25101,1260330255
0.5977582,0.3987494,0.0026375796,0.0008548819,1,25101,337080086
0.43714914,0.5580769,0.004237828,0.0005360801,1,25101,1382430597
0.23757818,0.685612,0.06358581,0.013223927,1,25101,1693107430
0.0012422121,0.0023100537,0.11846658,0.8779812,3,25114,616148738
0.0060719918,0.033106267,0.22308172,0.73774004,3,25114,1766504123
0.0014028789,0.0024411022,0.031534087,0.96462196,3,25114,730039852
0.00030470642,0.00081020966,0.0538533,0.9450318,3,25114,1080096064
0.004201656,0.008206986,0.120188296,0.86740315,3,25114,1668839768
0.0009075603,0.01632741,0.9208102,0.06195481,3,25129,1158149796
2.6286556e-05,0.06290679,0.9360163,0.0010505618,3,25129,1649171056
0.00020221983,0.015760316,0.9407909,0.043246612,3,25129,519670691
6.511805e-05,0.012250236,0.95050395,0.037180617,3,25129,1786467280
0.00035265568,0.013918219,0.92088264,0.06484658,3,25129,1846317500
0.000437889,0.3224962,0.67646587,0.00059998146,2,25325,812789747
0.0067452164,0.38669,0.6034581,0.0031066353,2,25325,880801637
0.008149165,0.508822,0.47770077,0.0053280275,2,25325,155851844
0.02092497,0.2813529,0.56712073,0.13060147,2,25325,1082350590
0.0030079037,0.27132097,0.6955208,0.030150248,2,25369,1680253835
0.0003625487,0.24631102,0.75117403,0.002152373,2,25369,1854899389
0.004396461,0.6929766,0.3009791,0.0016477965,2,25369,821681566
0.0034235457,0.25034124,0.67489594,0.07133934,2,25369,1134675907
0.020355627,0.6501838,0.32331637,0.0061441977,1,25378,143027758
0.027127918,0.6223364,0.33936456,0.011171105,1,25378,1513491731
0.19711891,0.5523231,0.19387291,0.05668508,1,25378,243994735
0.06915851,0.7635476,0.15560974,0.011684082,1,25378,577782072
0.047498897,0.78941673,0.15678778,0.006296609,1,25378,1720792604
0.14332362,0.7709984,0.07718735,0.0084905885,1,25378,1998989904
7.186647e-05,0.2687257,0.73109394,0.00010843536,2,25402,1344686282
6.8675516e-05,0.1687094,0.83103245,0.00018944492,2,25402,1692762920
3.542937e-05,0.2021572,0.797748,5.9252845e-05,2,25402,1827476451
0.00013678148,0.034022577,0.9624431,0.003397595,2,25402,353757771
6.543475e-06,0.05845434,0.9414661,7.3063944e-05,2,25402,633102402
0.051831737,0.8517453,0.089939095,0.0064838775,1,25433,608031823
0.056377873,0.85622424,0.082681604,0.004716229,1,25433,1979131702
0.0035661769,0.6620395,0.3327862,0.0016081199,1,25433,165655136
0.0071915714,0.6165249,0.37272748,0.0035560327,1,25433,1214122943
0.06544099,0.73233974,0.19779985,0.004419506,2,25456,1743606971
0.4297742,0.50432724,0.055784553,0.010114068,2,25456,2038389150
0.30758616,0.4275922,0.25638825,0.008433429,2,25456,948703286
0.2160456,0.4340851,0.2620619,0.08780735,2,25456,1572195615
0.0007005659,0.04087501,0.9231293,0.03529514,2,25478,155391196
0.00013479426,0.00979991,0.935834,0.05423129,2,25478,767154727
0.00041719014,0.053633083,0.9240682,0.021881498,2,25478,1415857117
0.0008755504,0.038654007,0.88917637,0.07129412,2,25478,1858484914
0.35854957,0.6380682,0.0032129248,0.00016934144,1,2552,189350088
0.10850714,0.86852103,0.022604711,0.0003671282,1,2552,675625291
0.19211908,0.8008157,0.0066810767,0.00038419323,1,2552,698117587
0.23759721,0.7531176,0.008974724,0.0003104097,1,2552,1536859701
0.0962626,0.89307564,0.01051385,0.00014784536,1,2552,223054388
0.31403667,0.67842305,0.0069292816,0.00061098026,1,2552,1550160521
0.0063387053,0.64464206,0.34798515,0.00103409,1,25520,465605442
0.0033414795,0.659899,0.33601215,0.00074738736,1,25520,1880976133
0.0016722437,0.57325304,0.42418897,0.0008856969,1,25520,1789863177
0.0014678383,0.6686959,0.32810107,0.0017351821,1,25520,1987243243
0.0055274204,0.7155665,0.27676314,0.002142848,1,25520,2053615556
0.9576207,0.04218165,9.516101e-05,0.00010244124,0,25538,1408139656
0.94018567,0.05860278,0.00059866876,0.0006129812,0,25538,1944203904
0.9943299,0.005638718,9.9161525e-06,2.1388394e-05,0,25538,1608814541
0.91029423,0.087946095,0.00094262353,0.00081703754,0,25538,1922513800
0.00011676537,0.07960183,0.9198522,0.00042919075,2,2564,1653694497
0.00077030243,0.059341107,0.9176822,0.022206405,2,2564,2109685949
8.195363e-05,0.03219806,0.9665417,0.0011782986,2,2564,1425372395
0.0001102359,0.08653378,0.9126807,0.00067532796,2,2564,1570678080
0.12379533,0.82007015,0.047174774,0.008959752,1,25682,221546864
0.06136045,0.8940346,0.043855328,0.00074953533,1,25682,1585911173
0.18959677,0.76699185,0.029569505,0.013841909,1,25682,44154240
0.020583557,0.9750762,0.004228106,0.00011215311,1,25682,106935677
0.22007717,0.77450436,0.0049580946,0.00046031823,1,25682,212372161
0.00010238674,0.0056898613,0.9529388,0.041268982,2,25709,1082753612
0.0027697615,0.13663118,0.84530705,0.015292117,2,25709,1410656943
0.0005538779,0.010926853,0.9339087,0.054610625,2,25709,1643117062
0.00063168,0.23078072,0.7682584,0.00032925018,2,25709,1256103511
9.312192e-05,0.25765428,0.74197483,0.00027774676,2,25709,1532085069
0.52073246,0.46395627,0.013002665,0.0023086104,0,25745,947265919
0.3748913,0.5791057,0.032142635,0.013860378,0,25745,2031824097
0.39994594,0.5851243,0.013849238,0.0010804292,0,25745,2097469480
0.3104269,0.66574764,0.022139797,0.0016856865,0,25745,2117402068
0.0008562872,0.21421087,0.784425,0.00050781504,2,25806,78611385
0.007838743,0.17632177,0.8067104,0.009129152,2,25806,711574313
0.00077289215,0.028092252,0.9559093,0.015225501,2,25806,1256593958
0.028673967,0.24456756,0.7033026,0.02345587,2,25806,689611791
0.0018996644,0.19157548,0.8051875,0.0013373186,2,25806,1439055056
0.00012019178,0.2813478,0.71838,0.00015207712,2,25806,1479620796
0.3587014,0.6341888,0.0065622604,0.00054760836,1,25972,692892617
0.875287,0.12317739,0.0012840346,0.0002515424,1,25972,2009178043
0.75411314,0.24402098,0.001618541,0.00024742974,1,25972,187852427
0.7906101,0.2083778,0.00086867844,0.00014345234,1,25972,195615028
0.9529597,0.046787646,0.00021407308,3.862169e-05,1,25972,1202061797
0.43345162,0.4980106,0.06490693,0.0036309282,1,26006,301874408
0.3132959,0.6603377,0.024326187,0.002040259,1,26006,537536205
0.43889427,0.55294096,0.0071939733,0.0009708289,1,26006,522621343
0.5711956,0.41782668,0.00923548,0.0017422581,1,26006,640844088
0.00015477257,0.1964045,0.80331194,0.00012883049,2,26038,813152296
0.0010114996,0.103966095,0.89007604,0.0049463757,2,26038,1455635064
0.0060143704,0.27093098,0.71974564,0.0033090792,2,26038,1559991199
0.0060888985,0.1338918,0.8482611,0.011758198,2,26038,1758716241
0.091611214,0.8491241,0.058338728,0.00092601805,1,26059,821636830
0.08458299,0.85001606,0.0647076,0.000693324,1,26059,888248312
0.12732907,0.832753,0.03889317,0.001024752,1,26059,1296175004
0.59219766,0.40391892,0.0035292737,0.00035419292,1,26059,236604157
0.55840087,0.4247304,0.014788045,0.002080773,1,26059,702102734
0.00038703543,0.29243052,0.7069962,0.0001862772,2,2606,230673267
0.0011529819,0.6274585,0.37098086,0.00040767147,2,2606,824029134
0.00031242965,0.28457898,0.7147914,0.00031708574,2,2606,1300332380
0.00473668,0.11537141,0.824492,0.055399954,2,2606,72547626
0.0002374166,0.13693784,0.86235684,0.00046793616,2,2606,477871193
0.0002193188,0.2020467,0.79723203,0.00050189934,2,2606,1243766254
2.5193276e-05,0.0075033517,0.98795533,0.0045161154,2,2612,767222515
0.0003447694,0.006038264,0.8930136,0.10060339,2,2612,2146340154
0.00023371562,0.0062570274,0.8653857,0.12812343,2,2612,329275852
2.688834e-05,0.009693812,0.98747164,0.0028077513,2,2612,1802348073
3.6745958e-05,0.0032950048,0.9139717,0.08269657,2,26180,451900759
4.5619625e-05,0.037446517,0.96135676,0.0011511229,2,26180,828420970
2.2833734e-05,0.0034277008,0.9810853,0.015464157,2,26180,387635631
9.7691765e-05,0.0045869965,0.9182406,0.0770748,2,26180,1176748917
0.0066137393,0.5989995,0.39062285,0.0037638766,2,26255,2011905059
0.0004834413,0.5764267,0.4229084,0.00018147178,2,26255,2072472746
0.00091320614,0.52244467,0.4764037,0.00023843907,2,26255,189228751
0.0007683689,0.6544684,0.34443787,0.00032531944,2,26255,354941283
0.00030598603,0.27499282,0.7242586,0.00044261134,2,26333,156475979
0.00012829315,0.1341615,0.86422074,0.0014894392,2,26333,962405425
0.00012580503,0.049476452,0.9420368,0.0083609605,2,26333,223941345
0.0006614903,0.11687025,0.8783018,0.0041663847,2,26333,795558910
0.0016761986,0.10339759,0.86251974,0.032406505,1,26390,867784405
0.0020877996,0.014299756,0.20025888,0.7833536,1,26390,970226926
0.0058098896,0.18034881,0.7685914,0.04524989,1,26390,1093399568
0.0022782471,0.14507657,0.8305681,0.022077128,1,26390,1636089777
0.12332373,0.18221535,0.32889116,0.36556974,1,26390,28051321
0.035878465,0.10104222,0.32957232,0.53350693,1,26390,331723521
7.4386166e-06,0.00307798,0.99288416,0.0040304777,2,26414,1113060686
0.000107327,0.07233119,0.9268037,0.0007578395,2,26414,1337534167
9.793811e-05,0.04320098,0.9546506,0.002050519,2,26414,1347673116
9.637675e-06,0.062685974,0.93724376,6.0670518e-05,2,26414,137755250
2.2499053e-05,0.017597657,0.98150635,0.0008735748,2,26414,1249877771
1.4371713e-05,0.045582402,0.9541656,0.00023769581,2,26414,1568618766
0.0019172991,0.38507217,0.6106701,0.0023404206,2,26528,947382743
0.003951125,0.5405711,0.45442602,0.0010517865,2,26528,1072085703
0.0021456792,0.36023307,0.63444644,0.0031748198,2,26528,545901570
0.0026047898,0.5633829,0.43317616,0.00083617924,2,26528,1576591939
0.069466814,0.8590061,0.07051678,0.0010102919,1,26536,480882746
0.11115175,0.80033535,0.08654254,0.001970377,1,26536,899723978
0.0072361934,0.84132826,0.15116835,0.00026718338,1,26536,225907939
0.039619874,0.8636512,0.095799096,0.00092974945,1,26536,1615891373
0.030565001,0.78278536,0.18520635,0.00144333,0,26549,95934556
0.46145418,0.52395153,0.01339051,0.0012037779,0,26549,681546408
0.24441792,0.7121919,0.042141024,0.0012492222,0,26549,738936187
0.17160943,0.76368695,0.06311874,0.0015848919,0,26549,995072313
0.26218155,0.665039,0.0694148,0.0033646077,0,26549,1360842400
0.10910398,0.7400863,0.14711142,0.0036982847,0,26549,1906953729
0.4414564,0.5390878,0.017464727,0.0019910887,0,26549,17400580
0.32906127,0.65983546,0.010010815,0.0010925009,0,26549,378928624
0.3005937,0.64314353,0.053201746,0.0030609723,0,26549,1281683145
0.09041475,0.78817976,0.11799618,0.0034093065,0,26549,1856697966
0.45305282,0.5313479,0.014460892,0.0011383916,0,26549,1956122416
0.28222203,0.6806892,0.034820985,0.0022677786,0,26549,2099231071
0.01610032,0.26642263,0.61956847,0.09790856,2,26748,168282797
0.06995542,0.72544515,0.1994075,0.0051918672,2,26748,236907246
0.049374774,0.71288496,0.22869438,0.009045907,2,26748,562266253
0.020059068,0.3496005,0.60860777,0.021732556,2,26748,1650577718
0.006425325,0.5145856,0.4762627,0.0027264014,2,26748,1934143942
0.0034458002,0.18122001,0.7877352,0.027599044,2,26748,360024949
0.030762274,0.2520467,0.43641508,0.280776,2,26748,1729225013
0.027476126,0.6593192,0.30427325,0.008931335,2,26748,1873036918
0.008122201,0.21125829,0.71441907,0.0662004,2,26748,2122327268
0.00014254199,0.18826425,0.81133914,0.00025401698,2,2676,312067845
8.206697e-05,0.037851077,0.9520281,0.010038758,2,2676,1287196502
0.00027505658,0.008412041,0.9119653,0.079347625,2,2676,118903240
2.9710658e-05,0.0041364254,0.9816996,0.014134288,2,2676,1713941648
0.005310724,0.76747394,0.22673135,0.00048396701,1,26832,191973146
0.30027652,0.59546727,0.03406216,0.07019411,1,26832,300167648
0.18551977,0.5021786,0.2889848,0.0233168,1,26832,493992791
0.03262085,0.88464975,0.081961945,0.000767417,1,26832,624651677
0.09574049,0.6216551,0.2784302,0.0041741915,1,26832,1151334492
0.06290219,0.7721339,0.15901087,0.005953052,1,26832,1800930670
0.3573407,0.6306437,0.0078551825,0.0041603935,1,26832,1845254356
0.07190066,0.81529605,0.11220626,0.0005970726,1,26832,894812318
0.08034211,0.7091079,0.2052659,0.0052841073,1,26832,1341469282
0.05820735,0.91348225,0.027873375,0.00043701383,1,26832,1371729737
0.14468654,0.80849385,0.046653043,0.00016654603,1,26832,1527312265
0.018439367,0.7409538,0.23303825,0.0075685256,1,26832,1666694097
0.8967675,0.10249029,0.0005915906,0.0001505712,0,26842,656562167
0.6004908,0.3963984,0.0028178398,0.0002930087,0,26842,1886884214
0.91150373,0.08780947,0.00060068717,8.607955e-05,0,26842,2128022045
0.6615441,0.3286447,0.008376697,0.0014345688,0,26842,534424516
0.3936972,0.60166156,0.0043361415,0.00030509845,0,26842,639363121
0.7395952,0.25845537,0.0015990443,0.00035037883,0,26842,1996747001
0.026112499,0.7916413,0.18140428,0.0008419647,1,26889,1973964276
0.15995462,0.77242297,0.06587282,0.0017495308,1,26889,1999736519
0.015651993,0.7622646,0.22126924,0.000814064,1,26889,810457461
0.014216908,0.6668703,0.3177886,0.0011242087,1,26889,2016437426
0.00012827019,0.18100323,0.8186792,0.00018926722,2,26924,736214843
0.0004485102,0.25077397,0.74743825,0.0013392026,2,26924,1104374505
0.00029468632,0.11792901,0.8804428,0.0013334331,2,26924,491983842
0.0006685719,0.20960334,0.78746945,0.0022585962,2,26924,2103397352
0.353305,0.6356175,0.010233801,0.00084366277,1,27039,627690153
0.2606413,0.69681334,0.037495386,0.005050017,1,27039,914766396
0.10090966,0.86740625,0.031242212,0.0004418482,1,27039,1613344301
0.09947599,0.8300991,0.068775676,0.0016493353,1,27039,804941903
0.06892737,0.8560812,0.07271593,0.0022754658,1,27039,820505318
0.036612216,0.8884608,0.07371635,0.0012105475,1,27039,871528943
0.14220375,0.7929669,0.06277936,0.0020500268,1,27039,1392019691
0.031267747,0.94658524,0.02124322,0.0009038083,1,27039,1564350780
0.0010816152,0.63912785,0.35941166,0.00037881933,1,27066,67496037
0.0013779998,0.83312565,0.16529205,0.00020432992,1,27066,348030774
0.008747183,0.4192745,0.5652862,0.006692108,1,27066,372701702
0.0008620899,0.6714959,0.32726097,0.000380954,1,27066,2088655834
0.0012252058,0.74980134,0.2488735,9.9921315e-05,1,27066,339934947
0.0014398997,0.43224224,0.5650564,0.0012615285,1,27066,1104994408
0.0015328896,0.24222282,0.75520945,0.0010348145,1,27066,1440736542
0.17600435,0.75843716,0.061895523,0.0036629061,1,27164,1073133672
0.050483428,0.9001168,0.04802143,0.0013782979,1,27164,1231059707
0.07023086,0.8265719,0.09985357,0.0033437137,1,27164,1881727069
0.17275243,0.7694585,0.0525224,0.005266668,1,27164,1957710235
0.01229498,0.8178097,0.1687747,0.0011206263,1,27164,111957592
0.0046816925,0.6506591,0.3441571,0.00050206104,1,27164,2064909108
0.00032452878,0.42840284,0.57077974,0.00049286167,2,27198,1003971672
0.00086566026,0.24052805,0.75501895,0.003587292,2,27198,2094234844
0.00011912606,0.49138805,0.50834876,0.00014399183,2,27198,302099222
0.00018099707,0.2058802,0.79363996,0.00029882925,2,27198,1511273042
0.02037549,0.934574,0.04467655,0.00037400873,1,27354,819482823
0.114395134,0.8456522,0.038414095,0.0015385569,1,27354,1123715997
0.051430482,0.9155117,0.031899124,0.0011586138,1,27354,1629524166
0.011213941,0.92484134,0.063058175,0.0008865285,1,27354,618265123
0.004644103,0.9375667,0.057619035,0.00017010068,1,27354,1219273011
0.13016695,0.7968437,0.07144436,0.0015448955,1,27354,1956776027
0.002839256,0.6812961,0.31509987,0.000764855,1,27371,1762126191
0.008809672,0.83054054,0.1600446,0.0006052729,1,27371,1956741949
0.01803757,0.7325787,0.24858347,0.0008001746,1,27371,407288580
0.0105132265,0.70793676,0.28085828,0.0006917474,1,27371,1672696958
0.00040819976,0.050404724,0.927503,0.021684043,2,27380,1795856359
0.00030352268,0.17759013,0.8206693,0.0014370491,2,27380,2009980052
0.0002589798,0.068428926,0.91782224,0.013489852,2,27380,675799646
8.17434e-05,0.02328825,0.9721389,0.004491122,2,27380,1110652091
0.00024145131,0.19051492,0.8083551,0.00088844256,2,27465,295088085
0.00030825252,0.18992236,0.8073041,0.00246527,2,27465,918357888
0.00015811481,0.35337728,0.64618844,0.00027609515,2,27465,1109250922
0.0005130082,0.108108245,0.8794517,0.011927054,2,27465,379899235
5.8902064e-05,0.074785,0.92245203,0.0027040145,2,27465,918407048
0.0002816875,0.001467464,0.20073207,0.79751885,2,27473,873575526
9.076825e-05,0.0031839905,0.8147984,0.18192686,2,27473,1501967742
0.00074983726,0.007256889,0.5507144,0.44127887,2,27473,1976229482
0.00017285685,0.0006907123,0.16521393,0.8339225,2,27473,669679792
2.4248484e-05,4.035127e-05,0.015843699,0.9840917,2,27473,1433410612
0.00045179902,0.0052110245,0.6611524,0.33318478,2,27473,1630718481
0.002684626,0.8546273,0.1425967,9.142704e-05,2,27507,518465176
0.0022426415,0.46811262,0.52888554,0.0007592622,2,27507,1603478848
0.00070446805,0.6988319,0.30037805,8.55311e-05,2,27507,620245866
0.004793636,0.47076145,0.5214143,0.0030305798,2,27507,1641825899
0.24032003,0.74658614,0.012402177,0.00069169916,1,27526,567345877
0.26052383,0.73004496,0.0087332865,0.00069792336,1,27526,1450369342
0.24949124,0.7025115,0.045938976,0.0020582716,1,27526,2031232279
0.25204265,0.7420853,0.0055181263,0.0003539197,1,27526,643866328
0.51449996,0.47122753,0.011836959,0.0024355392,1,27526,817052819
0.5117707,0.48684758,0.0012174019,0.00016432903,1,27526,1253455970
0.00036928718,0.107909285,0.8896402,0.0020811874,2,2760,18877836
0.00056309026,0.2419178,0.75692093,0.0005981747,2,2760,900974638
0.00016121133,0.11058395,0.8887412,0.00051358284,2,2760,1503643277
0.0001015272,0.4081727,0.5916616,6.423246e-05,2,2760,357969173
0.0015418285,0.3814464,0.6162581,0.0007536691,2,2760,874510727
0.00011255006,0.32532147,0.6745174,4.855647e-05,2,2760,888477540
0.009332887,0.90270436,0.08771168,0.00025102752,1,27606,181594869
0.003033336,0.81490314,0.18197706,8.644134e-05,1,27606,1177795735
0.010927852,0.89321584,0.09576823,8.801555e-05,1,27606,197569416
0.004237297,0.7520515,0.24358128,0.00012986663,1,27606,319370153
0.009728339,0.7738461,0.21619634,0.0002291276,1,27606,705722323
0.005216082,0.83248854,0.16212527,0.00017008583,1,27606,1727950990
8.039719e-05,0.0012667994,0.56471854,0.43393427,2,27661,198661502
0.00014130288,0.009300053,0.954905,0.0356537,2,27661,798830149
0.0002988008,0.0024877947,0.5466021,0.4506113,2,27661,1723471355
6.0229908e-05,0.00028869472,0.19620292,0.8034482,2,27661,2011187454
3.490315e-05,0.00043824085,0.13099228,0.86853456,2,27661,2080897129
0.48664728,0.48596272,0.025617475,0.0017724715,1,27674,1021822781
0.27727792,0.6980262,0.023434984,0.0012609304,1,27674,1933955326
0.012533731,0.7334822,0.25335604,0.0006280872,1,27674,155246462
0.1295102,0.7361724,0.13167946,0.0026379128,1,27674,619706859
0.30965763,0.32648563,0.23344634,0.1304104,1,27770,176859678
0.5326962,0.2566038,0.14687386,0.06382612,1,27770,2045216615
0.32511255,0.37477285,0.2052445,0.0948701,1,27770,647254933
0.31308854,0.3550087,0.2399626,0.09194012,1,27770,1365270904
0.25616002,0.41841716,0.24434307,0.08107972,1,27770,1962061164
0.022401445,0.74456686,0.23166506,0.0013666113,1,27815,182436520
0.0062606973,0.5321199,0.4607477,0.0008717349,1,27815,320065135
0.014425551,0.70286024,0.28145498,0.0012592111,1,27815,668321072
0.007186182,0.7541591,0.23800738,0.0006474136,1,27815,672346964
0.11109961,0.8791696,0.008896733,0.00083398726,1,27815,451194057
0.065137446,0.9183326,0.01610301,0.00042692968,1,27815,503584788
0.08713832,0.86333877,0.049138177,0.00038475794,1,27815,1057307150
0.15065728,0.82335883,0.025382614,0.0006012862,1,27815,1665887450
0.0026000543,0.1689433,0.7661564,0.062300295,1,27934,1517455619
0.0007928791,0.021569109,0.7656874,0.21195054,1,27934,1602758114
0.0012792991,0.054603957,0.8419309,0.102185905,1,27934,677540989
0.00024713046,0.08170556,0.91220284,0.0058444617,1,27934,777326227
0.0028571247,0.733593,0.26312393,0.00042598182,2,2814,525277600
0.0027352273,0.5803687,0.41612554,0.00077052723,2,2814,894607583
0.0007914055,0.62559354,0.37338364,0.0002314174,2,2814,1247957281
0.0007063172,0.79818875,0.2009672,0.0001377875,2,2814,1541445450
0.12404432,0.8694292,0.006295274,0.00023118028,1,2815,1222543220
0.14063922,0.83017355,0.027542992,0.0016442538,1,2815,1890050572
0.10110186,0.88584924,0.012832379,0.00021650788,1,2815,1060008647
0.020487672,0.9343558,0.04480909,0.00034742884,1,2815,1971482084
0.000435478,0.13455003,0.85142857,0.013585925,1,2821,820433520
0.0004470433,0.4055989,0.5927504,0.0012036517,1,2821,1329945541
0.0032575654,0.48614776,0.5047936,0.0058010696,1,2821,494034978
0.0027722267,0.59604174,0.4006665,0.00051945774,1,2821,850182403
8.8288536e-05,0.0018153782,0.47322258,0.52487373,2,28275,1347485144
0.00028772297,0.00033655006,0.05025183,0.94912386,2,28275,1368571682
0.00040945451,0.002561188,0.57334507,0.42368433,2,28275,15252124
7.164353e-05,0.010858628,0.95276845,0.0363012,2,28275,125246884
0.032755967,0.9241528,0.042815328,0.00027586156,1,2831,1674479129
0.053285047,0.8164138,0.12852068,0.00178048,1,2831,1768773007
0.008206491,0.9175212,0.07415589,0.00011652669,1,2831,774466555
0.0144120315,0.5679225,0.41342807,0.0042374404,1,2831,840692125
0.0567182,0.83587265,0.10397953,0.003429688,1,28375,1879245978
0.040200334,0.8942268,0.064545475,0.001027425,1,28375,2111247597
0.024987135,0.73828965,0.23572539,0.0009978389,1,28375,1367041914
0.0075975815,0.50982946,0.47231635,0.010256613,1,28375,1751752442
0.00035198426,0.23527957,0.76340044,0.00096802507,1,28375,2119501516
0.0046204003,0.30995625,0.6822521,0.00317123,2,28377,2216561
0.002997287,0.3386562,0.65625983,0.0020866627,2,28377,772061157
0.0008769879,0.24315706,0.75484735,0.0011185808,2,28377,1356484055
0.004651576,0.8133261,0.1817843,0.00023804359,2,28377,354241054
0.0027347864,0.840989,0.1561384,0.00013788369,2,28377,829934522
0.017609453,0.7960342,0.18480611,0.001550184,2,28377,1949088348
0.052223492,0.80957466,0.13742678,0.0007750181,1,2841,1204520054
0.0032303077,0.8108723,0.18576902,0.00012841301,1,2841,1961228533
0.049848404,0.92060906,0.029271565,0.0002709585,1,2841,734764646
0.03487142,0.8464847,0.11780119,0.00084254757,1,2841,2048753738
0.9959926,0.0039491965,3.5735804e-05,2.2476299e-05,0,28416,560624869
0.9932374,0.006679418,5.4427823e-05,2.8706127e-05,0,28416,1133393891
0.981154,0.018438708,0.00015502427,0.0002522833,0,28416,1774816212
0.93793005,0.061208393,0.0006011009,0.00026047573,0,28416,2004222452
0.98885614,0.011029541,5.3611155e-05,6.0669212e-05,0,28416,654528578
0.90544367,0.09369011,0.0005729124,0.00029325573,0,28416,1273878351
0.9976712,0.002320914,5.684837e-06,2.1222597e-06,0,28416,1817810397
0.99244,0.007447546,7.565725e-05,3.6884077e-05,0,28416,1874362560
0.95356286,0.046030737,0.00027106455,0.00013531343,0,28416,1933459456
0.0015333963,0.21526517,0.7496136,0.03358779,2,28422,601752984
0.0045230575,0.091088116,0.74816173,0.15622705,2,28422,879230812
0.0012390985,0.0787563,0.8874041,0.0326005,2,28422,1148724333
0.0031679685,0.35542136,0.63356376,0.007846901,2,28422,2097686547
0.0012942886,0.17168699,0.80007976,0.026939014,2,28422,669333419
0.0011384963,0.26434875,0.7211677,0.013345069,2,28422,710230833
0.009275913,0.12453781,0.52083176,0.34535453,2,28422,736586842
0.0065967427,0.52004343,0.4568514,0.016508419,2,28422,994268462
0.029463736,0.29835278,0.5849115,0.08727202,2,28422,2075197249
0.122247174,0.8332497,0.04178492,0.0027182421,1,28437,970669287
0.52389634,0.4299084,0.03755612,0.008639122,1,28437,1785063121
0.33096483,0.6515126,0.016343504,0.0011790321,1,28437,223518962
0.13900124,0.6858208,0.15689677,0.01828112,1,28437,921434133
0.20017579,0.743948,0.053726763,0.0021494988,1,28443,529097043
0.06612631,0.90811217,0.025202205,0.0005593148,1,28443,909970520
0.055944152,0.8477294,0.09304243,0.003284011,1,28443,427559566
0.067848794,0.8142345,0.11542473,0.0024919102,1,28443,1866053795
0.0012526875,0.5266415,0.47169533,0.0004104342,2,28462,98628848
0.00022662616,0.26703414,0.7325534,0.00018577975,2,28462,1079344130
0.00037949946,0.21325895,0.7857573,0.00060426403,2,28462,1135646421
0.00010637021,0.11509156,0.8844949,0.00030715595,2,28462,1688920169
0.20249808,0.77450174,0.020583589,0.002416615,1,28488,485727662
0.17577149,0.81402177,0.009358858,0.0008478984,1,28488,544311047
0.04090286,0.94066674,0.01816075,0.0002697399,1,28488,889783240
0.3033095,0.68689305,0.00833506,0.0014623505,1,28488,1749818761
0.6658733,0.3233466,0.008946139,0.0018339461,1,28507,2118051377
0.18324272,0.7943997,0.019848285,0.0025092645,1,28507,2141609070
0.69714576,0.29866585,0.0029705337,0.0012178484,1,28507,86045152
0.40937507,0.58441496,0.005761838,0.0004481593,1,28507,945258418
0.00011204688,0.0014088565,0.23035043,0.7681287,2,28589,1581911438
0.0011267137,0.010099989,0.8113561,0.17741714,2,28589,2038616100
0.000422279,0.0036067618,0.64816,0.347811,2,28589,198309131
0.0007535482,0.00831385,0.75322026,0.23771235,2,28589,1708629804
0.20066276,0.76772714,0.030757392,0.000852738,1,28665,275794964
0.42443216,0.5524916,0.018628417,0.0044478956,1,28665,486193217
0.09535556,0.8087044,0.09187384,0.0040662345,1,28665,1121031318
0.2954615,0.69271564,0.011527256,0.00029556666,1,28665,2036565035
0.00051794737,0.065847635,0.90972424,0.023910247,2,28707,194282382
0.003764064,0.120340735,0.81250966,0.063385606,2,28707,1136374606
0.0029145146,0.09782495,0.83827436,0.06098612,2,28707,244264276
0.00018970216,0.028297659,0.9010685,0.070444115,2,28707,972772984
0.00052055274,0.0010379762,0.09201093,0.9064306,3,28710,532877611
2.4166506e-05,1.7181226e-05,0.0049018525,0.99505675,3,28710,1894196464
0.0006858542,0.0007739137,0.048736192,0.94980407,3,28710,2097607057
0.0016242154,0.014248378,0.5011445,0.48298284,3,28710,630508639
5.2967058e-05,7.7559074e-05,0.015044225,0.9848252,3,28710,1750369306
0.0003507774,0.0005511634,0.031936962,0.9671611,3,28710,2143211553
0.01689758,0.7282045,0.2541779,0.0007199918,1,28747,285721109
0.0111542875,0.71804523,0.27031475,0.00048567323,1,28747,650006359
0.031519566,0.8102848,0.15767926,0.00051640946,1,28747,1026238054
0.033658057,0.83275795,0.13249938,0.0010846263,1,28747,2075658562
0.05323204,0.79985017,0.14577925,0.0011384914,1,28747,229952117
0.08770257,0.79186046,0.11691207,0.0035248646,1,28747,469381934
0.029115787,0.90785426,0.06267243,0.00035751678,1,28747,706095203
0.13583805,0.8375191,0.026114816,0.0005280685,1,28747,1081944961
0.1387529,0.82371897,0.036740318,0.00078778,1,28747,1978711368
0.0005361502,0.56035894,0.43885553,0.00024942285,1,28777,116759476
0.0017212352,0.59974545,0.39837205,0.00016120092,1,28777,971247598
0.0012450031,0.6008374,0.39778852,0.00012911312,1,28777,1333097936
0.0010822008,0.5759366,0.42257914,0.0004020166,1,28777,946035961
0.0005399845,0.3931517,0.60600996,0.00029830734,1,28777,1060916157
0.016015058,0.41051123,0.57105106,0.0024226657,1,28777,2077551195
0.051581692,0.75326556,0.19223681,0.0029159517,2,28782,643502901
0.018311687,0.7891907,0.19101374,0.0014837988,2,28782,675434543
0.01756043,0.8207329,0.16098605,0.00072072155,2,28782,685680891
0.016057273,0.90132344,0.082112834,0.0005064534,2,28782,770796094
0.0078050448,0.741558,0.24993071,0.0007062609,2,28782,530433380
0.0023712548,0.9065078,0.09103669,8.432482e-05,2,28782,1412061279
0.0037496346,0.7328977,0.2625656,0.0007870721,2,28782,1430679529
0.051418293,0.8244972,0.121400654,0.0026838155,1,28811,116830755
0.1068529,0.80173993,0.08870479,0.0027023442,1,28811,447687980
0.03835742,0.80078447,0.15774709,0.00311094,1,28811,1369850751
0.18834186,0.73960984,0.066146314,0.0059020054,1,28811,1335349892
0.26521727,0.69021803,0.040978618,0.0035860445,1,28811,1538569455
0.9830715,0.01672839,0.00014709847,5.306667e-05,1,28817,178091922
0.9769945,0.02251484,0.00035591604,0.00013466948,1,28817,779792926
0.92201614,0.07482528,0.0013840672,0.0017746064,1,28817,204401957
0.99642074,0.0035506184,1.473833e-05,1.3935059e-05,1,28817,885151891
0.8908588,0.10669935,0.0021261577,0.00031565677,1,28817,2073820183
0.0010534995,0.70039135,0.2984655,8.969621e-05,1,28910,223607244
0.0029719158,0.7590428,0.23778877,0.00019651154,1,28910,866757261
0.0072300443,0.80699104,0.18516818,0.00061081455,1,28910,1220817050
0.004777872,0.799269,0.19520588,0.0007472252,1,28910,979974007
0.0060210046,0.8527829,0.14084768,0.00034842745,1,28910,1369214105
0.0018763886,0.8211721,0.17685834,9.320552e-05,1,28910,1466744386
0.4336186,0.55879015,0.0060525383,0.0015387135,1,28914,104616814
0.59531987,0.40336484,0.0011881528,0.00012714807,1,28914,294218626
0.55705744,0.4402595,0.0022489945,0.00043410592,1,28914,340043727
0.23328136,0.76369184,0.0029222618,0.00010447761,1,28914,1080307280
0.016062394,0.9151365,0.06801696,0.00078421057,1,28916,569767194
0.0024805856,0.71483463,0.28169954,0.0009852729,1,28916,1175232250
0.012449233,0.9338422,0.053187616,0.0005209902,1,28916,1094355847
0.0012938477,0.8361855,0.16230294,0.00021771874,1,28916,2087599778
0.00046134205,0.62558556,0.37387985,7.321756e-05,1,28925,1002876313
0.0020208345,0.60181594,0.3954879,0.00067528384,1,28925,1333352934
0.0003150841,0.40166143,0.5978236,0.00019987921,1,28925,293344794
0.0013795054,0.6578206,0.34063688,0.00016306448,1,28925,586541748
0.0018924772,0.614927,0.38263202,0.00054847216,1,28925,1981134602
0.85198504,0.14779237,0.00017145203,5.1178973e-05,0,28959,625875765
0.92699474,0.07276535,0.00019056663,4.9396636e-05,0,28959,1217044913
0.96228004,0.037429895,0.00020840007,8.157236e-05,0,28959,1786596024
0.8949277,0.104476154,0.00045782613,0.00013838639,0,28959,407797154
0.89340335,0.10631733,0.0002147097,6.462716e-05,0,28959,1769275123
0.9729523,0.026800254,0.00014839583,9.911414e-05,0,28959,1774988590
0.00016573492,0.16451535,0.8343306,0.0009883568,2,29004,184040635
0.0021001545,0.3301262,0.6623096,0.00546401,2,29004,551580648
0.0005648285,0.045841247,0.9455202,0.008073769,2,29004,1111464932
9.929484e-05,0.038005166,0.9548465,0.007049149,2,29004,1248674660
0.0035102402,0.091176845,0.7055029,0.19981,2,29020,523695617
0.00053027546,0.012492983,0.61425513,0.37272158,2,29020,2093257006
0.0009076968,0.013710931,0.4721424,0.5132389,2,29020,635405524
0.00048087523,0.0020550292,0.18219306,0.815271,2,29020,755593875
0.0021497454,0.029746234,0.68718445,0.28091955,2,29020,1039513167
0.46666804,0.5289767,0.0036465845,0.00070881017,1,29088,35706124
0.45497707,0.5152958,0.027841212,0.0018859229,1,29088,679031381
0.4210731,0.54961795,0.027965035,0.0013439333,1,29088,1224249698
0.14880697,0.8436098,0.007464516,0.000118631775,1,29088,1665540274
0.0017721427,0.77305275,0.22511053,6.458869e-05,2,29119,33129177
0.006145199,0.7470787,0.2462595,0.00051649945,2,29119,987814768
0.0114081185,0.7795778,0.20768249,0.0013315703,2,29119,1084664784
0.0015540917,0.66617227,0.33212718,0.0001464459,2,29119,1303578144
0.004955377,0.8038004,0.19033687,0.00090729794,2,29172,779922386
0.0073963543,0.6281169,0.3583194,0.006167377,2,29172,925325342
0.004361422,0.63607305,0.35750505,0.002060455,2,29172,1567569834
0.00027214325,0.25414696,0.743319,0.0022619541,2,29172,739707856
0.0009448598,0.45062876,0.545953,0.0024734277,2,29172,1381451290
0.0005227755,0.048202634,0.9421022,0.009172335,2,29224,42492788
0.00018083418,0.017432703,0.9402281,0.042158432,2,29224,489382262
0.00035473082,0.08212756,0.9026622,0.014855434,2,29224,1241393605
0.00013880258,0.024162734,0.96161246,0.014085953,2,29224,2021379435
0.0003186835,0.024296511,0.9715101,0.003874703,2,2923,370141925
0.00052601896,0.012727446,0.9311319,0.055614714,2,2923,1607840657
0.0008980859,0.1595597,0.8376428,0.0018994102,2,2923,909374161
0.00017449586,0.12342082,0.875559,0.0008457151,2,2923,1354054125
0.011105884,0.66348207,0.31734315,0.0080689285,1,29238,332081165
0.19525516,0.7041015,0.09771946,0.0029239256,1,29238,928499565
0.006074193,0.78895646,0.19703075,0.007938547,1,29238,976834772
0.15914416,0.7905493,0.04234854,0.007958023,1,29238,82396292
0.54078764,0.43380976,0.020490002,0.004912562,1,29238,484765345
9.166414e-05,0.20588268,0.7938434,0.00018227784,1,29297,1012190710
0.0034129634,0.30741614,0.68781614,0.0013546629,1,29297,1194095884
0.000116527204,0.29414892,0.7056392,9.538823e-05,1,29297,1713214584
0.002575516,0.5201974,0.4767978,0.0004292819,1,29297,473674756
0.005161073,0.51633924,0.47640616,0.0020935491,1,29297,511195816
0.0014767137,0.46419293,0.53415924,0.0001711273,1,29297,1797685171
0.0012572365,0.5662172,0.43237495,0.00015065637,2,29319,406978011
0.0032322353,0.5797141,0.4165575,0.0004961767,2,29319,1045807217
0.0031180768,0.6355459,0.36113086,0.00020513246,2,29319,64054131
0.0020939435,0.5383986,0.45837525,0.0011322192,2,29319,198593196
0.002168913,0.5045392,0.49240655,0.00088531943,2,29319,1935242393
0.0006711536,0.0990302,0.8752926,0.025006061,1,29333,38086424
0.006057063,0.102915525,0.7452163,0.14581107,1,29333,1192269369
0.00017114746,0.04451781,0.9298634,0.025447614,1,29333,911833085
0.0022571944,0.11915051,0.8477891,0.030803176,1,29333,1070038319
0.0009662024,0.24857947,0.7468816,0.00357278,1,29333,1830572577
0.40785512,0.58655417,0.005349667,0.00024105604,1,29432,710662530
0.5240499,0.46502182,0.009614492,0.0013137767,1,29432,1173619714
0.53323686,0.46474054,0.001893566,0.00012900819,1,29432,1642617990
0.5347773,0.4462181,0.01624877,0.0027558573,1,29432,2062975412
9.206779e-05,0.39304698,0.6067306,0.00013037304,1,29439,472273357
0.00019789243,0.44482186,0.55486155,0.00011870042,1,29439,762909887
6.401647e-05,0.19272906,0.80554515,0.0016617514,1,29439,620213939
0.0017127629,0.6738754,0.32386202,0.000549759,1,29439,1883939835
0.0028036763,0.7985758,0.19696122,0.0016593343,2,29791,1143959557
0.006454369,0.67005277,0.3216075,0.001885442,2,29791,2131278360
0.00048740677,0.6281529,0.3712005,0.00015915434,2,29791,295590530
0.004923895,0.7440013,0.2502664,0.00080838514,2,29791,964104142
0.00027630478,0.3698332,0.6298016,8.897054e-05,2,29851,205013928
0.005274108,0.054776922,0.78884375,0.15110521,2,29851,790084507
0.014964859,0.11120781,0.68531704,0.18851034,2,29851,167198251
0.0005945368,0.10716487,0.89072704,0.001513568,2,29851,776092893
0.00018008401,0.5254697,0.47427016,7.9998186e-05,2,29874,440161628
0.0005750071,0.44755512,0.55138737,0.00048246086,2,29874,524184701
0.00014130949,0.13434815,0.8647655,0.0007449731,2,29874,1554271998
0.00029260985,0.25989312,0.73968977,0.00012455384,2,29874,1567679591
0.0004761976,0.28246227,0.71587896,0.0011826233,2,29874,1929699528
0.57389694,0.4242135,0.0017331978,0.00015638834,0,29900,608100011
0.61634696,0.37453473,0.007921667,0.0011966162,0,29900,1734348356
0.67277205,0.32403654,0.0027005244,0.0004909571,0,29900,1790748888
0.58972025,0.40247464,0.0068523036,0.00095286313,0,29900,703521218
0.70428634,0.29218793,0.0029545412,0.0005712169,0,29900,1584366642
0.5993673,0.39620766,0.0038063927,0.000618718,0,29900,1674633725
0.02412823,0.7055698,0.26887816,0.0014237867,1,30015,7667615
0.00361851,0.66380024,0.33206394,0.000517318,1,30015,1966960463
0.0046508266,0.6905135,0.30469513,0.0001405392,1,30015,754816117
0.0079420665,0.4910417,0.49952504,0.0014912564,1,30015,1484775079
0.0007828079,0.014078696,0.8687495,0.11638892,2,30052,752465933
0.000681315,0.0041652396,0.7217537,0.27339968,2,30052,1683139460
0.0006980761,0.027568776,0.94864684,0.023086263,2,30052,109297675
0.0010276535,0.013047505,0.9026537,0.08327122,2,30052,204333778
0.00769062,0.48782903,0.5020058,0.002474436,2,30053,796175815
0.015124382,0.23208673,0.7392792,0.01350973,2,30053,1036813417
0.00021840587,0.011307949,0.9612266,0.027247053,2,30053,631144988
0.0009888442,0.041533627,0.92193276,0.03554478,2,30053,937370265
0.004105354,0.8156067,0.18005951,0.0002284173,1,30110,442178426
0.036016915,0.77457994,0.18656982,0.0028332656,1,30110,770296840
0.008371099,0.75256306,0.2384473,0.0006185301,1,30110,351699139
0.019689722,0.7059797,0.27221632,0.002114249,1,30110,1319687546
0.008399432,0.6538652,0.33693442,0.0008010128,1,30110,1523948495
0.5010016,0.48719764,0.009313999,0.0024867547,1,30188,639535102
0.7595893,0.23715484,0.002788229,0.0004676167,1,30188,1291981593
0.27787346,0.7039184,0.016112821,0.002095309,1,30188,1711539056
0.85494834,0.14330429,0.0014323117,0.0003150299,1,30188,2041288507
0.0016278494,0.13928248,0.73419726,0.12489242,2,30241,944574364
0.009774815,0.0344556,0.2522973,0.7034723,2,30241,1811402908
0.006645239,0.08927838,0.56081885,0.34325755,2,30241,105998238
0.0009999486,0.040495295,0.9082375,0.050267167,2,30241,1197357735
0.64513266,0.3531929,0.0014894716,0.00018508961,0,30323,275764255
0.9088182,0.08851949,0.002181852,0.00048044737,0,30323,1727524959
0.73352575,0.26566967,0.0006887571,0.00011574544,0,30323,213491347
0.7428172,0.24932763,0.0065674745,0.0012876751,0,30323,1802733358
0.0022634205,0.019355597,0.49936953,0.47901148,2,30326,738250629
0.00289954,0.028935526,0.42749745,0.5406675,2,30326,2101177028
0.00030382827,0.00560911,0.73943734,0.2546497,2,30326,1480603620
0.0005196137,0.015524661,0.76976615,0.21418959,2,30326,1598540403
0.0017127654,0.016146228,0.45193544,0.53020555,2,30326,1650082122
0.00019487107,0.2492583,0.7502039,0.00034294758,2,30330,801763188
3.5411096e-05,0.009909306,0.9861477,0.0039076256,2,30330,825211952
0.00019075554,0.1390516,0.85946167,0.001296005,2,30330,362633763
7.4207633e-06,0.013621243,0.98604697,0.00032438216,2,30330,1915453074
1.3996437e-05,7.139034e-06,0.0044297352,0.9955492,3,30336,82783769
8.91608e-06,5.872523e-06,0.0036188352,0.9963664,3,30336,148101599
5.9888293e-06,2.3387265e-06,0.0021377497,0.9978538,3,30336,1519248569
2.9729556e-05,5.4658965e-05,0.03153286,0.9683828,3,30336,2129682054
0.1648334,0.81758606,0.017299194,0.00028133992,1,3041,541344842
0.06319115,0.8904316,0.045564327,0.0008130185,1,3041,727255549
0.026080046,0.9223244,0.051553946,4.1612635e-05,1,3041,209431591
0.12176517,0.8520232,0.02550728,0.0007044311,1,3041,1651160393
0.65270627,0.34340286,0.0026878158,0.0012031134,1,30413,1368439632
0.4760978,0.5143255,0.008540838,0.0010358698,1,30413,1700123317
0.28443918,0.69326127,0.02109409,0.0012054997,1,30413,1819332003
0.036539808,0.8437037,0.11852018,0.0012364286,1,30413,730911470
0.1298983,0.8283374,0.038941808,0.0028225228,1,30413,1229116384
0.07776687,0.891149,0.030360028,0.00072414696,1,30413,1244434781
0.91214794,0.086831346,0.00072843896,0.0002922603,0,30435,1029072430
0.96913993,0.030733315,0.00010199128,2.4703699e-05,0,30435,1087769040
0.87032145,0.1289631,0.0005591897,0.000156283,0,30435,1634877223
0.9580655,0.040746566,0.0009865701,0.00020134388,0,30435,1649749593
0.9075903,0.089949206,0.0022262635,0.00023419842,0,30435,63956271
0.6200861,0.3782856,0.0013669124,0.000261416,0,30435,137928966
0.7815104,0.21227726,0.005115782,0.0010964855,0,30435,766498043
0.827956,0.16653098,0.0050729406,0.00044000387,0,30435,1261298563
0.0018854443,0.03420638,0.70308495,0.26082313,2,30521,597060905
0.00097481615,0.018393904,0.4984713,0.48216006,2,30521,1741561505
0.000121618345,0.00060181716,0.16838107,0.8308955,2,30521,1747420894
0.0021617573,0.022718783,0.75170267,0.22341675,2,30521,2039566968
0.008712879,0.029518103,0.1882737,0.7734953,2,30521,837315935
0.011907486,0.08927208,0.56497073,0.3338497,2,30521,920628381
0.014098975,0.017153215,0.028722994,0.94002485,2,30521,1107562537
0.0003973021,0.0020297596,0.052279916,0.94529307,2,30521,1379005911
0.00023740248,0.0003864719,0.04344717,0.95592904,2,30521,1855217199
0.0069046416,0.59726065,0.39474007,0.0010946359,2,3057,703495895
0.015001364,0.6300608,0.35281944,0.0021184697,2,3057,1325277873
0.004055278,0.59269017,0.40282235,0.00043220667,2,3057,1380915125
0.03625714,0.6515702,0.30909693,0.0030757925,2,3057,2132304367
0.0073809084,0.5245551,0.4608579,0.007206104,2,30608,1271108101
0.008856791,0.4342557,0.525393,0.031494495,2,30608,2004177998
0.03651781,0.39306426,0.49586806,0.07454995,2,30608,967149299
0.0056857415,0.581325,0.40781528,0.005173943,2,30608,1332853149
0.3501775,0.57658607,0.07098839,0.0022480383,1,30828,497229597
0.41139007,0.52931875,0.055169377,0.0041217664,1,30828,920859194
0.04157832,0.9039564,0.053720027,0.0007452347,1,30828,1916516690
0.08524792,0.885606,0.028224982,0.00092115015,1,30828,491265116
0.18155481,0.7736683,0.0436754,0.0011015696,1,30828,690016136
0.07074272,0.7946075,0.13165878,0.0029908873,1,30855,489971887
0.008287269,0.8405465,0.15070403,0.00046219325,1,30855,886363719
0.039606936,0.8956052,0.06185663,0.002931264,1,30855,946014231
0.07800757,0.8762994,0.044225328,0.0014676938,1,30855,1649405145
0.009902604,0.7440285,0.2452119,0.00085698627,2,30868,528177164
0.025297621,0.8336002,0.13959973,0.0015024069,2,30868,1418780157
0.006781375,0.6817338,0.31074426,0.00074056454,2,30868,2047163822
0.0030865844,0.5445915,0.45134327,0.0009786611,2,30868,512608421
0.000662501,0.31684208,0.68234867,0.0001467336,2,30868,1792561771
0.25364152,0.7089843,0.035175275,0.0021988668,1,30896,605232427
0.08581417,0.8738347,0.040118795,0.00023224938,1,30896,1552122743
0.11498127,0.84262455,0.04195951,0.00043460654,1,30896,1925231089
0.049402684,0.7549029,0.18880402,0.006890352,1,30896,145419211
0.11764429,0.6237789,0.24603218,0.01254466,1,30896,1611236124
0.02285291,0.81395817,0.15761694,0.0055720117,1,30896,2021440765
0.048781984,0.924802,0.026284968,0.0001310857,1,30977,1230736508
0.010339901,0.8410642,0.14834766,0.0002482711,1,30977,1666336141
0.34246385,0.6432554,0.013657561,0.0006232169,1,30977,428127330
0.12942068,0.85067886,0.019406086,0.0004943288,1,30977,1239103734
0.008096278,0.41917965,0.56968075,0.0030433184,2,31003,197817526
0.004407395,0.30809364,0.6837748,0.0037241199,2,31003,1131375924
0.0043367087,0.71536833,0.27974322,0.0005517886,2,31003,1146504809
0.008065353,0.3402983,0.642733,0.008903377,2,31003,1960771730
0.66062796,0.33491457,0.0034239944,0.0010334816,1,31055,351970658
0.5784546,0.41614747,0.0047390857,0.00065883936,1,31055,1938890436
0.5627577,0.4306517,0.0050290986,0.0015615722,1,31055,1969193760
0.17029665,0.78707665,0.038261615,0.0043650563,1,31055,342313164
0.1964147,0.7780463,0.024640515,0.00089850737,1,31055,569112096
0.46503899,0.51591265,0.016729502,0.0023187979,1,31055,1397519630
0.32719272,0.65274644,0.017795665,0.0022651593,1,31055,1631417332
0.85214514,0.14597543,0.0013397374,0.00053962774,1,31063,1167248818
0.78745,0.21184824,0.00038739204,0.00031438575,1,31063,1463029904
0.87570494,0.12323057,0.00079354504,0.00027087756,1,31063,1080298490
0.5090492,0.48630798,0.003965957,0.0006768919,1,31063,2005620932
0.9937171,0.006263109,1.6680611e-05,3.100162e-06,0,31107,56487741
0.969551,0.030263117,0.00012751046,5.833247e-05,0,31107,1117699183
0.97664815,0.022780368,0.0005094564,6.2018575e-05,0,31107,1535897244
0.83846873,0.15827903,0.0028571268,0.00039509294,0,31107,561482287
0.8875007,0.11070383,0.0015896191,0.00020585221,0,31107,1542085304
0.9606246,0.039216015,0.00013926151,2.0133688e-05,0,31107,1830582850
0.0016522767,0.6891082,0.30902615,0.00021331203,2,31130,1608618004
0.00909541,0.8484208,0.14217666,0.000307131,2,31130,1858994418
0.14778015,0.823445,0.027914915,0.0008599089,2,31130,2034225662
0.0074581862,0.66239184,0.32963693,0.000513025,2,31130,89889811
0.0033309597,0.6379626,0.35764086,0.0010656427,2,31130,111821056
0.025376936,0.8468996,0.12571374,0.0020097164,2,31130,1421875451
0.038698718,0.8245326,0.13474894,0.0020197101,2,31130,2051417865
0.0002208844,0.007752493,0.9263428,0.065683946,2,31176,139215659
0.0007684133,0.07701638,0.91104823,0.0111669805,2,31176,1974511869
0.00013537196,0.0006339606,0.20862435,0.7906063,2,31176,2045457179
0.00013284679,0.037283223,0.9538203,0.008763717,2,31176,17419811
4.4546934e-05,0.018441381,0.9752279,0.006286176,2,31176,1453351468
0.00022529995,0.008962133,0.9209068,0.069905855,2,31176,1624184425
0.00015607012,0.031951487,0.961401,0.006491477,2,31176,1982145721
0.0019908783,0.85688007,0.14098494,0.00014415439,2,3118,1302401203
0.00089858595,0.53232837,0.4660664,0.000706679,2,3118,1494625100
0.00028449929,0.1782938,0.8200338,0.0013879372,2,3118,510544196
0.00030154068,0.34466296,0.6544661,0.0005694313,2,3118,1333444366
0.0012904458,0.12520331,0.8593908,0.014115522,2,31222,500740936
0.003505865,0.42307717,0.5710797,0.0023372634,2,31222,881524151
0.00027880078,0.024459986,0.9285321,0.046729118,2,31222,1168923862
0.001249499,0.11287077,0.8613186,0.024561228,2,31222,1415952415
0.0005064344,0.020803621,0.9021289,0.076561056,2,31222,2020602577
0.22221915,0.7068989,0.06689064,0.00399119,1,3126,16355052
0.07216666,0.83878785,0.085184805,0.0038607498,1,3126,1014932304
0.20542213,0.75849104,0.03479243,0.0012944374,1,3126,1328668706
0.144188,0.7915596,0.06195993,0.0022925348,1,3126,1514960040
0.12441294,0.85326916,0.021147937,0.0011699082,1,3126,2059847068
0.11243007,0.42153096,0.36051264,0.105526336,1,31401,332590758
0.19413206,0.5654247,0.19886605,0.04157721,1,31401,884457810
0.2704953,0.45991316,0.23274201,0.03684962,1,31401,1422819488
0.22138801,0.50198644,0.24386698,0.0327586,1,31401,1659610502
0.49956086,0.442266,0.04934332,0.008829891,1,31401,1903217915
0.23186411,0.419603,0.2638995,0.08463342,1,31401,1087113930
0.036227927,0.3355363,0.3539442,0.27429157,1,31401,1381954362
0.314558,0.6094265,0.06760172,0.008413708,1,31401,1612778776
0.22465384,0.58040345,0.18511266,0.009830129,1,31401,1966603585
0.12844782,0.61890817,0.24716394,0.005480036,1,31401,2021827605
0.24466136,0.66921645,0.073999636,0.012122578,1,3142,248151282
0.11981867,0.8692762,0.0102894,0.0006156398,1,3142,1495895299
0.21304274,0.6552848,0.12930186,0.0023706057,1,3142,6564018
0.13791624,0.8302279,0.03002145,0.0018344711,1,3142,319181664
3.201856e-05,0.027996399,0.97028166,0.0016898733,2,31477,840662575
4.1626972e-05,0.018164013,0.97984236,0.0019519775,2,31477,1844388794
0.000110292676,0.19493473,0.8047736,0.00018124424,2,31477,1888643108
0.0001207867,0.11466312,0.8850001,0.00021599855,2,31477,1239389288
0.00012968396,0.11750079,0.8816411,0.0007283729,2,31477,1881597105
0.000303302,0.034192327,0.95448047,0.011023932,2,31477,2056832119
0.0001457773,0.01331368,0.8954004,0.09114011,2,31509,248615029
0.00020549433,0.049106564,0.94128126,0.009406777,2,31509,267015266
0.00040241564,0.06708513,0.8944008,0.038111705,2,31509,1539308665
0.00034289184,0.06821545,0.902043,0.029398663,2,31509,1646391634
0.0031588047,0.20549938,0.7757986,0.015543156,2,31509,643074318
0.0004629375,0.04223942,0.932821,0.024476722,2,31509,1498952794
0.0013483675,0.0499489,0.8788446,0.06985811,2,31509,1930572070
0.389835,0.58741647,0.019757971,0.0029905343,0,31511,1591339800
0.20877579,0.7745757,0.015993735,0.00065476133,0,31511,1710400525
0.16050704,0.78355277,0.052301325,0.0036388752,0,31511,954535283
0.050135475,0.924734,0.024692418,0.00043803002,0,31511,1246196873
0.000732352,0.005008463,0.3611615,0.6330977,2,31651,1094319765
0.00022331264,0.00801628,0.91917187,0.07258849,2,31651,1722034392
0.0004723052,0.0034959808,0.4624301,0.53360164,2,31651,573122260
0.0004337115,0.001331148,0.18375397,0.8144812,2,31651,627830821
0.0014391583,0.005886211,0.5708475,0.42182717,2,31651,843546906
0.00064937747,0.29016927,0.7083615,0.0008198729,1,31683,521918200
3.641442e-05,0.12239909,0.87732613,0.00023835027,1,31683,1059193709
0.00041164353,0.022851024,0.92491776,0.05181959,1,31683,1806677416
0.00020160696,0.08370456,0.91289884,0.0031950127,1,31683,1138529492
8.532674e-05,0.11434135,0.88520324,0.00037002264,1,31683,1880771612
0.51122195,0.48538104,0.0031826121,0.00021440336,1,31706,1419960401
0.21785511,0.7627874,0.019027393,0.00033012347,1,31706,1466563874
0.7789473,0.21916628,0.0013002191,0.0005862045,1,31706,1818446010
0.028941503,0.88055456,0.090326965,0.00017702769,1,31706,51382623
0.015781017,0.7645275,0.2174543,0.0022372147,1,31706,1014017659
0.045853976,0.9085266,0.04484147,0.0007779482,1,31706,1945755323
0.03242901,0.9498812,0.017522156,0.0001675477,1,31837,75565376
0.015952326,0.7636668,0.21930344,0.0010774009,1,31837,975635220
0.30542508,0.6414198,0.04901746,0.004137682,1,31837,383357156
0.1744836,0.8087691,0.016163245,0.00058402825,1,31837,1307666945
0.16432232,0.80210006,0.032456465,0.0011211234,1,31837,1892798419
0.60911083,0.381783,0.007895657,0.001210497,0,31909,441943880
0.8442898,0.15433048,0.0012454983,0.00013420732,0,31909,1438435744
0.9492874,0.049522147,0.0010711148,0.000119303266,0,31909,59455684
0.9373654,0.061789673,0.0007123868,0.00013251156,0,31909,1610711841
0.9470242,0.050431605,0.0022052017,0.00033904874,0,31909,2147058980
1.6917897e-05,2.338875e-05,0.01771376,0.9822459,3,31931,208573311
4.7785703e-05,0.00073189946,0.28771624,0.71150404,3,31931,825691025
0.00027688433,0.00056401454,0.15860388,0.8405552,3,31931,44562264
3.8285456e-05,5.4634398e-05,0.011072761,0.9888343,3,31931,2127613140
0.1124019,0.87110925,0.015755927,0.0007329091,1,31976,963491597
0.33209097,0.6523445,0.015278627,0.0002858951,1,31976,1513528091
0.5850165,0.40458104,0.007871202,0.0025311785,1,31976,242021117
0.26222822,0.7305774,0.0070119207,0.00018249138,1,31976,1535990544
0.06878334,0.910151,0.02071336,0.00035231,1,31983,1447638841
0.071233496,0.9130301,0.015330374,0.00040604523,1,31983,2067610125
0.1310211,0.8526932,0.015780104,0.00050564087,1,31983,1400177700
0.033835527,0.927573,0.03832644,0.0002649442,1,31983,1717371872
7.922519e-06,1.0618085e-05,0.0049296045,0.9950518,3,32082,977001550
0.000661091,0.0008891211,0.044754356,0.95369536,3,32082,1723400682
0.011904633,0.024016585,0.16011438,0.8039644,3,32082,1221922857
0.0005517352,0.0029865575,0.22976649,0.76669514,3,32082,1974928360
0.0008922344,0.04679381,0.9427456,0.009568344,2,32087,578684679
8.873714e-05,0.0149940085,0.9705523,0.01436488,2,32087,1919147280
0.000105458625,0.050315037,0.94469965,0.0048799003,2,32087,885028867
0.0007448676,0.021875784,0.9601554,0.017223898,2,32087,2028684015
0.013557321,0.72721887,0.2572524,0.0019714455,1,32225,1350931010
0.024835007,0.8540306,0.11988516,0.001249189,1,32225,1798087171
0.03909898,0.76995087,0.18800664,0.002943474,1,32225,531124157
0.0015340829,0.5947183,0.4031292,0.00061839464,1,32225,611864831
0.00017021046,0.07445496,0.91748667,0.007888144,2,32233,963306069
0.000689032,0.26769072,0.73049843,0.0011218378,2,32233,1374443859
0.0007898019,0.50726163,0.49124545,0.0007031419,2,32233,1794346477
0.0011178756,0.27267376,0.7163679,0.009840491,2,32233,1963038340
0.01420438,0.20288602,0.68608457,0.09682502,2,32292,142501842
0.0003849755,0.0015384826,0.05913179,0.9389447,2,32292,247755458
0.04249735,0.113687456,0.450435,0.39338017,2,32292,1196535505
0.024137296,0.21282122,0.54102576,0.22201571,2,32292,1269795496
0.003817731,0.09456891,0.8541039,0.04750942,2,32292,1650572658
0.045780793,0.15007974,0.3690662,0.4350733,2,32292,650074648
0.0031402076,0.024591696,0.52787316,0.44439495,2,32292,924198868
0.0013351529,0.08024444,0.9020602,0.016360173,2,32292,1415624198
0.01737856,0.050719477,0.10349514,0.8284068,2,32292,1758099538
0.006841552,0.1161005,0.7279181,0.14913984,2,32292,1929671544
0.04470107,0.86714256,0.08727293,0.00088336243,2,32355,139684026
0.009301218,0.90408665,0.08641938,0.00019265927,2,32355,1753106972
0.0033598877,0.8066081,0.18964982,0.0003822071,2,32355,307868855
0.0034378748,0.72092605,0.27540526,0.00023085035,2,32355,1176342859
0.00045967638,0.016244154,0.8962285,0.08706762,2,32472,137964000
0.00013731525,0.0015354932,0.47999877,0.51832837,2,32472,903499222
0.0003035513,0.011233444,0.8948144,0.093648605,2,32472,1533199704
0.0008013879,0.0044194376,0.38074613,0.6140331,2,32472,183781004
0.00014417859,0.04047773,0.9525881,0.0067899767,2,32472,415667305
0.00019024154,0.0018197498,0.37209922,0.6258908,2,32472,1134585098
0.00013903044,0.016122617,0.97343856,0.0102997795,2,32472,1499774177
0.00015212991,0.039095804,0.9590863,0.0016657378,3,32474,298973543
8.445446e-05,0.03015767,0.96750915,0.0022487377,3,32474,1429811631
3.161548e-05,0.009979749,0.9873581,0.0026305064,3,32474,1356205659
1.9032354e-05,0.00671623,0.9924482,0.0008164882,3,32474,1866228354
8.636475e-05,0.0059807287,0.9681494,0.025783477,3,32474,1977353328
0.058469266,0.82592255,0.1080167,0.007591509,1,32542,1039357189
0.005835252,0.75763,0.2342922,0.0022425463,1,32542,1488801296
0.0054007582,0.7570617,0.23634464,0.0011928764,1,32542,1005811323
0.02228827,0.50915104,0.36512098,0.103439726,1,32542,1329056769
0.0013985831,0.020074887,0.85573,0.12279657,2,32562,375184877
3.102141e-05,0.00018761138,0.13253683,0.8672445,2,32562,1930787096
5.688351e-05,0.0029937963,0.8147736,0.1821756,2,32562,322247780
0.00017537955,0.004028901,0.8904713,0.105324514,2,32562,1497408405
0.0005118572,0.0043306244,0.43487313,0.56028444,3,32588,195902570
0.0026017476,0.04524138,0.8343648,0.117792055,3,32588,1217518709
0.00022734329,0.0008034479,0.068511404,0.9304578,3,32588,8834370
0.0013926327,0.0048181075,0.27552766,0.71826166,3,32588,1673178175
0.0014947709,0.093936,0.9028165,0.0017526782,2,32591,1663808733
0.0013490232,0.099367626,0.89474505,0.0045382185,2,32591,2113316216
0.0007791147,0.11793077,0.88004047,0.0012496097,2,32591,1244450588
0.00046068447,0.15335993,0.84574294,0.00043648752,2,32591,1333160047
0.0011767171,0.37162304,0.62641764,0.00078253646,1,32614,1303963315
0.0014974886,0.5057955,0.4913721,0.0013349524,1,32614,2132053372
0.0007218201,0.3919401,0.6054785,0.0018595587,1,32614,1214547626
0.00018504883,0.03595445,0.95709,0.0067704064,1,32614,2016537179
0.22257505,0.5322344,0.22458006,0.020610558,1,32677,382632675
0.054878224,0.7374587,0.19928691,0.008376169,1,32677,525134711
0.008791049,0.51187545,0.4660297,0.013303851,1,32677,618160911
0.04315017,0.42445403,0.50353116,0.02886458,1,32677,1586841890
0.03875956,0.6295574,0.3263525,0.0053305603,1,32677,1683942983
0.1051187,0.732972,0.15573046,0.0061787856,1,32704,486886713
0.026538579,0.90736574,0.06566094,0.00043471926,1,32704,1043272151
0.32754418,0.6521066,0.019169226,0.0011799957,1,32704,119620685
0.4808916,0.5094714,0.008632423,0.0010045816,1,32704,395964409
0.398223,0.5858284,0.012548919,0.003399593,1,32704,960896354
0.36784807,0.6153679,0.015782876,0.001001108,0,32735,290989381
0.7344367,0.24747367,0.016188802,0.0019008069,0,32735,605081290
0.520968,0.47549266,0.0032670067,0.0002723143,0,32735,525200751
0.6447419,0.3368541,0.016664617,0.001739337,0,32735,1262744240
0.34624842,0.6128313,0.038683344,0.0022369323,1,33,995020214
0.075214714,0.8979661,0.026273089,0.0005461442,1,33,2057464302
0.041483413,0.8213019,0.13592726,0.0012874808,1,33,567858385
0.0074074906,0.83065575,0.16159764,0.00033914336,1,33,1579089732
0.23753004,0.7009071,0.05738696,0.004175898,1,33,1863578666
0.335381,0.65185386,0.011316664,0.0014484638,1,33040,1272784175
0.2683009,0.697087,0.03307575,0.0015363191,1,33040,1597045883
0.30018198,0.64700097,0.048213683,0.0046034297,1,33040,750517030
0.36058807,0.6209402,0.016276494,0.0021952824,1,33040,789673666
0.033713147,0.7954099,0.16941866,0.0014582452,1,3312,1337073335
0.15474652,0.7605035,0.07700755,0.0077424566,1,3312,1354118981
0.048517596,0.8841127,0.06526733,0.0021024002,1,3312,1924068015
0.0017527024,0.31905997,0.67670923,0.0024781444,1,3312,1678489594
0.025490088,0.70535576,0.26487887,0.004275297,1,3312,2123838450
0.007953747,0.38678136,0.5967328,0.008532087,1,3312,2131971824
0.00011950686,0.00086658204,0.20150252,0.7975114,2,33212,661973990
0.00021088787,0.0011527694,0.09558919,0.9030472,2,33212,2133111967
0.00030849266,0.0031926527,0.10633818,0.8901607,2,33212,1232093693
0.0013049158,0.017312678,0.35283333,0.62854904,2,33212,1610152411
0.0005027165,0.5146958,0.48462424,0.00017720337,1,3327,629300252
0.0022481142,0.8444128,0.15319824,0.00014081688,1,3327,1337158608
0.0010870809,0.7148068,0.284055,5.109409e-05,1,3327,1097556666
0.0064757452,0.8981389,0.09518119,0.00020420254,1,3327,1542259754
0.00027145445,0.23941825,0.7597745,0.00053584896,2,33303,50303129
0.00010475599,0.15032549,0.8488855,0.00068435207,2,33303,105074564
0.0002748136,0.2794152,0.7199658,0.00034417125,2,33303,1334184642
0.00012792554,0.0839992,0.91473114,0.0011416661,2,33303,393409553
0.00020541175,0.062354185,0.9351232,0.0023171054,2,33303,956464582
1.390861e-05,0.023665076,0.97610486,0.00021616624,2,33303,1965176579
9.001414e-05,0.10568152,0.89224774,0.0019807152,1,33334,696266296
0.00022823257,0.086168215,0.9061572,0.007446318,1,33334,983423578
0.0004958075,0.061021175,0.9149826,0.023500375,1,33334,151571124
0.00068733684,0.08231606,0.8867997,0.030196875,1,33334,1662557146
0.0070363004,0.1973524,0.76440763,0.03120369,2,33388,1268363533
0.0012989825,0.6492926,0.3489288,0.00047956916,2,33388,1803909503
0.0003098361,0.5584065,0.44109488,0.0001887975,2,33388,1276548204
0.000993148,0.4080586,0.5905838,0.0003644051,2,33388,1898725373
0.00029551247,0.0137336515,0.95625913,0.029711772,2,334,1137236673
0.00029998645,0.021363989,0.9425739,0.035762116,2,334,1516348274
0.0002243693,0.051343825,0.942551,0.00588075,2,334,64688863
0.00077785924,0.05863069,0.90577394,0.03481745,2,334,416273966
0.002012504,0.09097495,0.8622499,0.04476266,2,334,914225455
0.00021484443,0.00048859906,0.03458998,0.9647066,2,33426,235708697
7.160147e-05,0.0021774434,0.75508624,0.24266475,2,33426,608704305
3.5927344e-05,7.294639e-05,0.00984937,0.99004173,2,33426,1794316208
0.00016442013,0.0027189322,0.67010903,0.32700762,2,33426,2059636334
0.0038728884,0.32451797,0.6366713,0.034937873,2,33443,429774757
0.0013608994,0.4099001,0.58213747,0.0066014654,2,33443,791444381
0.00015061989,0.12435825,0.8713605,0.0041306256,2,33443,182970904
0.0015799378,0.2594026,0.73205054,0.006966932,2,33443,1161296985
0.2034886,0.7890367,0.0061015855,0.0013730564,1,33501,998350130
0.433016,0.55564564,0.009673826,0.0016645031,1,33501,1283747049
0.11191775,0.87461513,0.012643498,0.00082356296,1,33501,616225938
0.12133835,0.8462032,0.030018896,0.0024395648,1,33501,1913983896
0.16132697,0.76789063,0.06805229,0.0027300823,2,33583,132355752
0.13113922,0.77735,0.089494266,0.0020165422,2,33583,527092625
0.03753078,0.7942356,0.166233,0.0020006038,2,33583,852762995
0.019638622,0.7826926,0.19718017,0.000488604,2,33583,1301721360
0.016381143,0.86058897,0.12288469,0.00014526046,2,33583,326653717
0.02399416,0.8264402,0.14831369,0.0012519151,2,33583,1017441251
4.648884e-05,0.017163856,0.97257125,0.010218416,2,33719,168941800
8.84842e-05,0.042578064,0.95453507,0.0027983224,2,33719,235404498
6.841584e-05,0.0007196924,0.33740547,0.6618064,2,33719,1474670582
0.00016829498,0.0021049688,0.49845582,0.49927092,2,33719,177138270
8.514568e-05,0.022801906,0.96590513,0.011207849,2,33719,2087709433
0.0021427001,0.8583635,0.13933699,0.00015672675,1,33766,126141081
0.011296956,0.76673937,0.21838547,0.003578222,1,33766,910482262
0.0074124658,0.76099086,0.22868909,0.0029075576,1,33766,1240588204
0.0015118164,0.6330938,0.36528707,0.000107349864,1,33766,250187774
0.0007391523,0.6690616,0.33012307,7.619187e-05,1,33766,352704528
0.004827029,0.65792155,0.33459917,0.0026522784,1,33766,1548226269
0.027921446,0.7445565,0.22386365,0.0036584535,1,33766,1552341425
0.0014770878,0.0043158294,0.16252251,0.8316845,3,3386,1581687486
0.0002537581,0.0005589649,0.075336516,0.92385083,3,3386,1984020825
2.0744952e-05,6.0532666e-06,0.0021221458,0.997851,3,3386,318145499
0.0034462991,0.0083735315,0.13598701,0.8521932,3,3386,1258195376
0.14562449,0.8335112,0.019737247,0.0011271012,1,33897,322533645
0.3330902,0.6481114,0.01739168,0.0014067767,1,33897,1964781627
0.53699195,0.46023327,0.002410585,0.00036418397,1,33897,44605717
0.31270385,0.6532882,0.031710695,0.002297253,1,33897,482017774
0.00014780596,0.011815871,0.9197196,0.068316706,2,33961,1582223047
0.00013270423,0.029998181,0.9597304,0.010138682,2,33961,1659315317
0.00010077641,0.011875214,0.9634292,0.024594815,2,33961,494181445
1.0689668e-05,0.0028428733,0.9843724,0.012773998,2,33961,1101850618
0.005597819,0.70174396,0.29218817,0.00047004226,1,34061,136096935
0.014100023,0.5691942,0.4148354,0.0018703577,1,34061,1288066006
0.001153399,0.5452677,0.4534162,0.00016272013,1,34061,2040489803
0.0043724906,0.6592456,0.33611056,0.00027137905,1,34061,1032949858
0.0014811227,0.43187037,0.56602633,0.0006221695,1,34061,1530231739
0.0015391079,0.6065013,0.3914667,0.0004929548,1,34061,1796819911
0.96632063,0.033034123,0.00054846535,9.68604e-05,1,3411,821274420
0.95632994,0.043476775,0.00013623087,5.698641e-05,1,3411,1342477010
0.93078846,0.068903364,0.00024644285,6.170939e-05,1,3411,821694376
0.9870042,0.01285174,0.00011591637,2.8156694e-05,1,3411,1521425232
0.43634227,0.5500355,0.0119365575,0.0016856875,1,34120,58530246
0.4727734,0.49575812,0.027699016,0.0037694608,1,34120,1496342133
0.6333804,0.3579559,0.0072099594,0.001453687,1,34120,1594347772
0.24943264,0.737463,0.012286842,0.00081752375,1,34120,136546494
0.14521143,0.78837204,0.06555599,0.00086050114,1,34120,1685096929
0.14491919,0.84208554,0.0124705415,0.00052466773,1,34121,3220756
0.10476068,0.8909354,0.0041561434,0.00014774276,1,34121,477883727
0.19744647,0.78392994,0.017473157,0.0011503934,1,34121,1357244727
0.18095115,0.80594444,0.011790446,0.0013140767,1,34121,509822766
0.06051671,0.93473,0.0046696775,8.3735606e-05,1,34121,872217877
0.07558052,0.9084011,0.015708236,0.00031012148,1,34121,1395663574
0.010001789,0.7407694,0.24779412,0.0014347552,1,34158,505612389
0.0080791125,0.70362383,0.28739712,0.000899942,1,34158,662020296
0.006061357,0.8626699,0.13114652,0.00012223101,1,34158,1152761302
0.059287354,0.7860961,0.152104,0.0025125882,1,34158,1080939118
0.012209608,0.67614084,0.31057683,0.0010727034,1,34158,1113471226
0.03622864,0.91087127,0.05221243,0.00068770396,1,34158,1572373999
0.0014230479,0.63020575,0.36816233,0.00020894107,2,3416,71560205
0.00061584415,0.3997722,0.59931177,0.00030021276,2,3416,137705147
0.00012265121,0.32404017,0.67576617,7.097397e-05,2,3416,1140777617
0.00041892965,0.32466418,0.6746909,0.000225993,2,3416,1411708484
0.00035777307,0.45355156,0.5459482,0.00014246888,2,3416,660772117
0.00039550618,0.4643321,0.53511554,0.00015684286,2,3416,792862245
0.0004185982,0.22368598,0.77565485,0.00024056098,2,3416,1796613540
0.0023384388,0.26231614,0.7304883,0.0048570437,2,3416,2114740136
0.05764816,0.80585545,0.13300696,0.0034894322,1,34189,76753850
0.7759701,0.19552615,0.028051225,0.00045252632,1,34189,430434484
0.054840423,0.7881996,0.15341999,0.0035399368,1,34189,1017243340
0.67967075,0.28435794,0.035305068,0.00066624983,1,34189,1286198019
0.051090613,0.6993608,0.24662584,0.0029228355,1,34189,1390463036
0.82343376,0.16844429,0.007786833,0.00033517735,1,34189,732889327
0.06669322,0.81223565,0.11977897,0.0012921779,1,34189,1032457425
0.9109146,0.08617522,0.002806498,0.00010368918,1,34189,1076340476
0.05541302,0.8270319,0.11672625,0.0008287234,1,34189,1694489464
0.14397082,0.7753139,0.07777387,0.0029413805,1,34189,1760042524
6.7047e-05,0.00027779423,0.14972185,0.8499333,2,34205,230907983
0.00010801549,0.0017432303,0.77770674,0.22044203,2,34205,963541535
0.00032865282,0.0010202316,0.20302127,0.7956298,2,34205,1032357594
0.00019887424,0.006335832,0.7990025,0.19446272,2,34205,647697559
5.8146914e-05,0.00026875478,0.139522,0.8601511,2,34205,962229550
0.0002589231,0.0032883708,0.53567827,0.4607744,2,34205,1363754127
2.5222093e-05,0.00030866865,0.24232925,0.7573368,3,34253,574745806
0.0002089326,0.0011528262,0.29944474,0.69919354,3,34253,697739374
0.000310051,0.0007363251,0.18710318,0.8118504,3,34253,1667170532
0.00019049399,0.0015840542,0.62621355,0.37201193,3,34253,422984092
6.818305e-06,2.9275134e-05,0.072506756,0.92745715,3,34253,445627062
1.4954423e-05,0.00020046672,0.2767961,0.7229884,3,34253,645555094
0.00017915423,0.00028491433,0.12365648,0.8758794,3,34253,994471626
0.00048754664,0.0014035057,0.30551162,0.6925973,3,34253,1844420556
0.000278785,0.02366763,0.95786124,0.018192394,2,34289,522415173
2.3338638e-05,0.08103944,0.9181262,0.00081102084,2,34289,1092773429
0.0005082383,0.028878342,0.9404496,0.030163875,2,34289,71993746
1.8500958e-05,0.02315437,0.9749884,0.0018387436,2,34289,1983896677
0.46107325,0.5143872,0.021516386,0.0030231995,0,34423,818162490
0.66859454,0.33012143,0.0011842777,9.968377e-05,0,34423,2074756889
0.41913435,0.54385006,0.03335052,0.0036650565,0,34423,1255338
0.43311414,0.5594285,0.0068502547,0.0006070885,0,34423,816400548
0.38427368,0.606703,0.00811412,0.00090922206,0,34457,1798065673
0.5182833,0.47388485,0.0068607116,0.00097112474,0,34457,1947379260
0.49635777,0.4897725,0.0115259895,0.0023437447,0,34457,719814434
0.81416523,0.1832009,0.002339716,0.0002941247,0,34457,1804268002
0.09222276,0.9054087,0.0023020806,6.650303e-05,1,34630,452869527
0.19538294,0.8029129,0.0016360802,6.812503e-05,1,34630,1658606126
0.43522987,0.5532727,0.010425163,0.0010722234,1,34630,1812500764
0.11875446,0.8770081,0.0040798476,0.00015751601,1,34630,220119416
0.38525775,0.6003712,0.012231907,0.002139179,1,34630,247266566
0.0017144869,0.14478108,0.85240924,0.0010951823,1,34747,125104697
0.00011746789,0.10348503,0.8962808,0.00011673105,1,34747,593668504
3.3301934e-05,0.1508935,0.84903264,4.055167e-05,1,34747,375488718
0.0002736124,0.37214983,0.6275154,6.120863e-05,1,34747,1820687731
0.00016372703,0.36210975,0.6376629,6.3594845e-05,2,34760,2109539792
2.3526138e-05,0.10348878,0.8964204,6.731611e-05,2,34760,2134891714
1.3877268e-05,0.028053183,0.97114897,0.0007839024,2,34760,868662889
7.256099e-05,0.0571804,0.9415684,0.0011787127,2,34760,1896872623
0.39503923,0.5994365,0.005004824,0.0005194574,1,34824,527152308
0.55134666,0.4325031,0.014935348,0.0012149074,1,34824,701723949
0.18390276,0.7540658,0.05957018,0.0024612609,1,34824,698380388
0.124757454,0.8399302,0.03425851,0.0010538461,1,34824,947955118
0.034097206,0.74184316,0.22319023,0.0008693839,1,34829,139200693
0.023843404,0.8682613,0.10726481,0.00063057407,1,34829,1020505317
0.0015985258,0.8133591,0.18496895,7.346005e-05,1,34829,8431325
0.112416066,0.74258095,0.1425303,0.0024726684,1,34829,574822693
0.85126305,0.14596382,0.0023654327,0.00040772764,1,34855,459790749
0.6785773,0.32023475,0.0010495532,0.00013832311,1,34855,1873599306
0.672555,0.320517,0.005869878,0.0010580175,1,34855,222315332
0.8694239,0.12831429,0.0015010977,0.00076075847,1,34855,1559623893
0.02355106,0.9164213,0.059755996,0.00027164345,1,34964,70816557
0.52630156,0.41652185,0.053284682,0.0038918897,1,34964,540540193
0.20807302,0.6784013,0.111726016,0.0017996376,1,34964,688699364
0.04130497,0.7697365,0.18805616,0.0009023555,1,34964,2043349948
0.033286545,0.9206544,0.045858238,0.00020086188,1,35045,274618206
0.021837467,0.8679886,0.109600425,0.00057351694,1,35045,1168803214
0.106207706,0.8704104,0.02273895,0.0006428809,1,35045,1617727045
0.05089572,0.8041691,0.1434453,0.0014899157,1,35045,854994290
0.030109536,0.8141982,0.15531792,0.000374359,1,35045,975358476
0.9479943,0.04834737,0.0024905582,0.0011677921,0,35145,542190316
0.99704736,0.0029218048,1.5087684e-05,1.580027e-05,0,35145,746174288
0.97826856,0.020905739,0.00045370834,0.00037190653,0,35145,1065069204
0.9931225,0.006759502,6.811578e-05,4.9893722e-05,0,35145,1136090111
0.9968183,0.0031473925,2.4160805e-05,1.01995065e-05,0,35145,1201435475
0.9899581,0.009546062,0.00038445287,0.00011133114,0,35145,1483912624
0.99761343,0.0023558633,1.3764508e-05,1.6923193e-05,0,35145,1259099955
0.9906742,0.009067572,0.00017555253,8.2596416e-05,0,35145,1637329612
0.9955948,0.004363282,2.0099897e-05,2.1888947e-05,0,35145,1644307068
0.9924643,0.00750724,2.0270814e-05,8.222558e-06,0,35145,1787884253
0.9907697,0.009182082,3.5898356e-05,1.2382463e-05,0,35145,2088560402
0.010781367,0.86249703,0.12643975,0.00028184144,2,35163,1140268595
0.122113995,0.76516646,0.1091469,0.003572651,2,35163,1544942003
0.008300177,0.8630177,0.12856226,0.00011982076,2,35163,1901756990
0.004824404,0.7603441,0.23458569,0.0002458548,2,35163,1458360187
0.0055602,0.6523529,0.3417544,0.00033243274,2,35163,1989434910
0.014181376,0.655008,0.32852566,0.0022849753,1,35175,172796659
0.05515212,0.5846943,0.3557089,0.0044446276,1,35175,597882628
0.0198871,0.6432578,0.33315375,0.003701278,1,35175,1950389247
0.0052737733,0.5753762,0.4188929,0.00045712735,1,35175,558427378
0.023518883,0.67286503,0.3031048,0.00051136734,1,35175,1781319917
0.0013077871,0.0072043017,0.6330825,0.35840532,3,35256,1163182191
0.00035714515,0.0056593027,0.7408196,0.25316402,3,35256,2073154835
0.00039636032,0.017675564,0.895581,0.08634705,3,35256,2126145732
0.00049785565,0.0029783926,0.4139348,0.582589,3,35256,1093233320
3.1721487e-05,0.00012490936,0.063304886,0.93653846,3,35256,1172772380
0.00011307868,0.0005700086,0.25442782,0.7448891,3,35256,1329624764
0.00041988134,0.0010948294,0.09371202,0.90477324,2,3528,174011999
0.00010051494,0.00021855149,0.058418944,0.941262,2,3528,2059421627
0.0008484671,0.0023836142,0.15533826,0.8414297,2,3528,705314825
0.00013047241,0.00023617371,0.036688566,0.9629448,2,3528,891680483
0.000989542,0.0066989195,0.2855745,0.70673704,2,3528,1930568481
0.1356195,0.83954597,0.023929592,0.00090491195,1,35368,30285177
0.03804572,0.9252394,0.03605147,0.0006633885,1,35368,312931863
0.29083002,0.67119133,0.035951454,0.0020272175,1,35368,2027719533
0.013817055,0.9268661,0.059201248,0.000115544986,1,35368,653240312
0.03303433,0.9086371,0.05791599,0.00041253772,1,35368,1230479287
0.012158391,0.82158816,0.16571325,0.0005402093,1,35368,2111609118
0.000105508654,0.004802052,0.9566155,0.038476933,2,3544,174022356
0.0005187917,0.018627178,0.95433503,0.026518973,2,3544,1826143266
0.0001111397,0.0065547484,0.93294597,0.06038815,2,3544,928469922
0.00015793463,0.0030348024,0.71927077,0.27753654,2,3544,1312004507
0.8421334,0.15117677,0.0061714877,0.0005183478,0,35518,512893377
0.95540935,0.03385332,0.007883567,0.0028537116,0,35518,589852208
0.9669923,0.03203833,0.0006218645,0.0003474184,0,35518,1155373414
0.9397216,0.047297735,0.010642983,0.0023376597,0,35518,1816135001
0.36993426,0.6253588,0.004478097,0.0002287849,0,35518,210428387
0.8330608,0.16246565,0.0038319149,0.00064162334,0,35518,867365337
0.03196984,0.466088,0.49036062,0.01158152,1,35534,361348891
0.00044183765,0.4354374,0.56327426,0.0008465426,1,35534,636149540
0.08108892,0.19176054,0.3873053,0.3398453,1,35534,1700665773
0.010043451,0.26992252,0.622168,0.09786604,1,35534,1820576407
0.0060355505,0.37785196,0.61341494,0.0026974468,1,35534,250959890
0.08715885,0.36953932,0.4846477,0.058654092,1,35534,1752210014
0.0012146365,0.49087423,0.50739425,0.0005169171,1,35534,1824321225
0.013476802,0.28328636,0.64442605,0.058810793,1,35534,1914396457
0.00077373045,0.0068892427,0.6479966,0.34434035,3,35603,505690763
0.000315663,0.011610589,0.7118455,0.27622822,3,35603,1366711355
0.0015430774,0.007390198,0.2907333,0.7003334,3,35603,2128329756
0.0014515088,0.0057860445,0.39250594,0.60025656,3,35603,1522629857
0.00019215968,0.0016734999,0.2648986,0.7332357,3,35603,2004178977
0.8460396,0.15301543,0.0007708359,0.0001741512,0,35608,390085700
0.8315933,0.1668164,0.0013644227,0.00022594658,0,35608,534794960
0.5371079,0.4149871,0.042218912,0.0056861653,0,35608,751147595
0.5881912,0.38866568,0.018509736,0.0046334276,0,35608,1643349610
0.96253633,0.037064504,0.0003559498,4.327796e-05,0,35608,278329425
0.9476657,0.051620852,0.00059980905,0.00011369341,0,35608,381838766
0.9098019,0.089721136,0.0004259085,5.1107727e-05,0,35608,973392856
0.96140254,0.03821439,0.0003142532,6.879907e-05,0,35608,1363116623
0.8613466,0.13624334,0.0020363838,0.00037372927,0,35608,2048880273
0.005086957,0.0972525,0.82116127,0.07649928,2,35673,1084477933
0.0011946266,0.08241068,0.8908795,0.025515156,2,35673,1232809610
0.00059679383,0.21209297,0.786362,0.00094828714,2,35673,765771935
0.00022325093,0.10638596,0.8913536,0.0020371932,2,35673,1431954770
0.00033119525,0.47659114,0.5227149,0.00036274848,2,35903,477103889
0.00020676425,0.12959267,0.86515665,0.0050438824,2,35903,1072632799
0.00040059982,0.22654125,0.77249163,0.0005665109,2,35903,1686253621
0.0003602089,0.42211094,0.5771137,0.0004151998,2,35903,43231849
0.00018355236,0.57246506,0.427219,0.00013237711,2,35903,877447382
0.001458533,0.4396526,0.55658,0.0023087813,2,35903,2123536231
0.002603402,0.74648535,0.2508327,7.85535e-05,2,35920,397722184
0.05388179,0.7090548,0.23503289,0.0020304562,2,35920,628570272
0.003939078,0.7405591,0.25540957,9.22776e-05,2,35920,573279060
0.10743507,0.72855836,0.16191489,0.0020917337,2,35920,1990113311
0.0028143157,0.3754499,0.6045881,0.01714776,2,35960,769734757
0.0013422051,0.53096,0.46703178,0.0006659651,2,35960,890424463
0.0011753605,0.46270758,0.53508234,0.0010347859,2,35960,939941005
0.0011282419,0.49347815,0.50459814,0.00079551834,2,35960,244112776
0.000989986,0.37867555,0.6191297,0.001204772,2,35960,1349371530
0.009213372,0.8526562,0.13777995,0.00035051804,1,35980,556062814
0.09216434,0.8773989,0.030103609,0.00033316007,1,35980,2001287346
0.043561354,0.866708,0.08912102,0.0006097124,1,35980,1234115691
0.003448309,0.7398014,0.2564302,0.00032004665,1,35980,2139693566
0.0006785832,0.131725,0.8600603,0.007536094,2,36071,1214702109
0.00080230954,0.12816912,0.8606512,0.010377415,2,36071,1378888411
0.0029841086,0.09452377,0.84990025,0.052591916,2,36071,607232908
0.0005755031,0.24743651,0.7500191,0.0019688315,2,36071,2063808894
0.034079004,0.85905325,0.104732774,0.0021349376,1,36109,747243800
0.007122896,0.6845086,0.3061659,0.0022026284,1,36109,2129809255
0.0007635061,0.6691965,0.32892007,0.0011199745,1,36109,623935507
0.0025015199,0.75261587,0.24462974,0.00025289404,1,36109,1348260374
0.0034972944,0.81978405,0.17662384,9.4939016e-05,2,36164,147249410
0.011979627,0.7544535,0.23328477,0.0002821778,2,36164,927654915
0.008070404,0.5884697,0.4030459,0.0004140016,2,36164,701080995
0.0005677381,0.36958396,0.6297574,9.0946174e-05,2,36164,1261724345
0.0042204657,0.59100914,0.40463203,0.0001383939,2,36164,2033217228
0.0011083914,0.39316776,0.6052576,0.00046623047,2,36245,1076289596
0.0013228984,0.49039564,0.50814223,0.0001392054,2,36245,1721466077
0.0011645794,0.25618693,0.7353493,0.007299228,2,36245,126782782
0.0040673367,0.33604607,0.65517,0.0047165602,2,36245,1001140083
0.0052900985,0.48383835,0.50961405,0.0012575113,2,36245,1340627711
0.021549072,0.5414154,0.43028334,0.006752207,2,36245,1924603813
0.00013482018,0.0002632248,0.02063207,0.97896975,3,36327,822062677
5.409792e-06,8.143845e-06,0.010843539,0.98914295,3,36327,2048738877
4.3731357e-05,9.210839e-05,0.007438096,0.99242604,3,36327,945665956
6.678443e-06,6.3778016e-06,0.0024126337,0.99757427,3,36327,1209286377
0.32265183,0.66964203,0.007414821,0.0002912634,1,36472,184652829
0.2563083,0.73775333,0.005747854,0.00019059186,1,36472,1753656279
0.30724996,0.6787976,0.013392818,0.00055960147,1,36472,1904659008
0.32187253,0.66434914,0.012502891,0.0012753715,1,36472,1226692800
0.09832442,0.8870338,0.014450293,0.00019141848,1,36472,1377242293
0.32708043,0.6612575,0.010718252,0.00094378873,1,36472,1960885464
9.536126e-05,0.0055739577,0.9495598,0.044770904,2,36484,850492291
6.8117246e-05,0.001744323,0.7647535,0.2334341,2,36484,972896398
4.127421e-05,0.01777052,0.9750019,0.0071863607,2,36484,986545280
3.93927e-05,0.0027746046,0.9214467,0.07573934,2,36484,234597212
0.0011855299,0.023746872,0.84305227,0.13201538,2,36484,397195007
0.00021149922,0.005001911,0.8604155,0.13437112,2,36484,1494191802
3.9955223e-05,0.029219441,0.9679643,0.0027762845,2,36563,404531028
1.2343422e-05,0.030501023,0.9691214,0.00036524548,2,36563,545497638
4.445452e-05,0.028911376,0.9661719,0.0048722946,2,36563,700961017
2.8835915e-05,0.020024769,0.97613186,0.003814499,2,36563,115214200
5.876736e-05,0.008459002,0.96551746,0.02596475,2,36563,1236602495
0.68836343,0.31017992,0.0013099974,0.00014666092,0,36570,724756093
0.86599755,0.13252361,0.0012685129,0.00021029924,0,36570,979798108
0.8002902,0.19668297,0.0025710363,0.0004557453,0,36570,2139025292
0.84074223,0.15759997,0.0013548086,0.00030300548,0,36570,877004548
0.8941627,0.1040055,0.0016870275,0.00014478095,0,36570,937674720
0.7189986,0.27862298,0.0016451984,0.00073314836,0,36570,1126989566
0.7909807,0.2042071,0.0043787393,0.0004335128,0,36570,1870071397
0.74292684,0.25356588,0.0029226078,0.0005846888,1,36582,600108485
0.7158897,0.27527258,0.007094781,0.0017428881,1,36582,950545761
0.3023819,0.688691,0.008347423,0.0005797228,1,36582,1583776966
0.996366,0.0035750244,3.729466e-05,2.1666927e-05,1,36582,856918070
0.98326194,0.016539818,0.00016391018,3.4334644e-05,1,36582,1297440580
0.99544793,0.004507561,3.072777e-05,1.3761469e-05,1,36582,1311157992
0.00044614985,0.014502066,0.7800849,0.20496683,2,36626,793384671
0.00016132381,0.0007667888,0.10903951,0.8900324,2,36626,1156350993
0.0007216851,0.0048407656,0.27865982,0.71577775,2,36626,1840424476
0.0002581114,0.0010235191,0.27509096,0.7236274,2,36626,380119316
0.00014298949,0.019289173,0.94056755,0.040000316,2,36626,464386943
1.8340315e-05,5.8027672e-05,0.024237115,0.9756865,2,36626,1197622980
0.00028721947,0.002320921,0.39191243,0.60547936,2,36677,1146921719
0.0012772427,0.047319736,0.87406063,0.077342436,2,36677,2090802386
0.00013387942,0.011323603,0.9654366,0.023105912,2,36677,18827818
0.00026455545,0.008290844,0.78507066,0.2063739,2,36677,889805120
0.0002482914,0.0387081,0.94431174,0.016731884,2,36680,1689646706
0.00033400368,0.022813242,0.95247716,0.024375618,2,36680,1762218219
4.4381402e-05,0.010564645,0.98557276,0.003818225,2,36680,572988849
0.0006732412,0.019125497,0.9277639,0.052437454,2,36680,709875186
0.010757777,0.12761204,0.7347937,0.12683648,2,36748,207616196
0.010708457,0.016486492,0.4020575,0.5707475,2,36748,240108548
0.0012738573,0.0039387434,0.19169058,0.8030969,2,36748,98580607
0.0023506577,0.050598986,0.76922596,0.1778244,2,36748,445478475
0.0017703688,0.007907806,0.6474975,0.3428244,2,36748,506291319
0.00027677833,0.0011680764,0.12806025,0.87049496,2,3681,1472944265
0.0010049946,0.14955185,0.837185,0.012258151,2,3681,1547082234
0.0009502309,0.18736081,0.80815244,0.0035365701,2,3681,1669915641
0.002374947,0.0070669656,0.097704306,0.8928538,2,3681,2004599190
0.353422,0.43878323,0.1411764,0.06661836,2,3681,2045338450
0.00072920194,0.034579992,0.88316995,0.08152084,2,3681,1262782193
0.00033054026,0.16651605,0.8313052,0.0018482144,2,3681,1453541308
0.0013252698,0.24190111,0.7483895,0.008384159,2,3681,2098749280
0.82887477,0.1692721,0.0016509186,0.00020222754,1,36841,76463248
0.6309483,0.36460826,0.0038723669,0.0005710745,1,36841,1427467623
0.20555982,0.7095599,0.08117279,0.0037075295,1,36841,330953434
0.31629652,0.6713818,0.01057762,0.0017441275,1,36841,890904071
0.5256467,0.45286617,0.020609422,0.00087779126,0,36853,1043124373
0.45212954,0.5350299,0.011246168,0.0015944495,0,36853,1483723340
0.48858523,0.5064179,0.0041609984,0.00083596644,0,36853,248732326
0.2905684,0.6922759,0.015885457,0.0012702306,0,36853,1240037215
0.59989756,0.39791292,0.001697139,0.0004923714,0,36922,339183927
0.89782596,0.10154651,0.00050409714,0.00012339752,0,36922,390842915
0.4009406,0.5892858,0.008242579,0.0015310548,0,36922,1792713625
0.3392394,0.6256157,0.030655805,0.0044891373,0,36922,2026693989
0.0023147422,0.45480254,0.5416927,0.0011900519,2,37036,276646754
0.00095461454,0.42280775,0.5757609,0.0004767677,2,37036,766094970
0.0032802096,0.5421152,0.45134327,0.0032613615,2,37036,1886944563
0.0011049081,0.269583,0.71184266,0.017469402,2,37036,1932998406
0.0011299142,0.02212433,0.9532693,0.02347649,2,37069,430280283
0.0002409394,0.020458069,0.952342,0.026959091,2,37069,1525929577
0.0008114459,0.054905556,0.91559786,0.02868513,2,37069,464168291
0.0003109969,0.13089125,0.86808693,0.000710837,2,37069,1214908402
9.909516e-05,0.6787375,0.32115012,1.3242397e-05,2,37092,32533395
0.013121699,0.9657468,0.020942457,0.00018905029,2,37092,246308801
0.014903382,0.7999545,0.18236044,0.0027816808,2,37092,1093886640
0.007285545,0.74918795,0.24301222,0.0005143713,2,37092,212743439
0.024623988,0.9306668,0.044260718,0.00044840685,2,37092,325321702
0.016437491,0.8186781,0.16422121,0.00066323107,2,37092,1856956705
0.0001288761,0.0023700136,0.78580946,0.21169162,2,37105,1060197486
0.00050929195,0.0103472285,0.657996,0.33114746,2,37105,1490097502
0.0002035221,0.0011128013,0.3641874,0.63449633,2,37105,1066209035
8.680958e-05,0.003994561,0.94895023,0.046968468,2,37105,1352718656
0.08843137,0.77802473,0.13113391,0.0024099804,1,37112,1293652074
0.09845858,0.80726177,0.09123752,0.0030421098,1,37112,1852422966
0.17872502,0.7681812,0.050741643,0.0023521064,1,37112,1214273692
0.04231985,0.7761644,0.17738543,0.0041302918,1,37112,1252681771
0.17173535,0.7821062,0.042558935,0.0035994558,1,37112,1877724391
0.009059163,0.8949882,0.09581213,0.00014047266,1,37203,437618329
0.030539006,0.8480457,0.120949075,0.0004661134,1,37203,845310539
0.10089812,0.8153023,0.08253224,0.0012672346,1,37203,1988502869
0.0071786824,0.8245752,0.16746953,0.0007765083,1,37203,284527479
0.0038120856,0.88012034,0.11596496,0.00010264312,1,37203,826530700
0.030956464,0.90650964,0.06229029,0.00024360535,1,37281,895767012
0.024365075,0.8609144,0.113779396,0.0009411549,1,37281,1004478312
0.0071730656,0.9150828,0.0773473,0.00039689304,1,37281,556187929
0.008115021,0.8202632,0.17125098,0.00037076086,1,37281,1401653688
0.07663959,0.7656086,0.15665849,0.0010934258,1,37295,1612598473
0.00954187,0.5710914,0.4185324,0.0008343289,1,37295,2070474772
0.025226217,0.58327013,0.38820532,0.0032983844,1,37295,722642403
0.00658654,0.53377336,0.45854765,0.001092397,1,37295,1442269220
0.0017569448,0.46779966,0.53003603,0.00040731518,1,37295,1473755891
0.99491775,0.004951826,9.673154e-05,3.364978e-05,0,37313,921577390
0.99443746,0.005377057,0.00011269182,7.270964e-05,0,37313,1456693904
0.9970372,0.0029507654,8.315732e-06,3.720402e-06,0,37313,1656449535
0.9821969,0.017475888,0.00027025552,5.7004796e-05,0,37313,145164422
0.99437076,0.005594653,1.9747538e-05,1.4816269e-05,0,37313,947312525
0.019889515,0.9071556,0.07253861,0.00041631426,1,37330,168633000
0.008324023,0.6317555,0.35923865,0.0006818788,1,37330,339182402
0.044529885,0.81042045,0.14391541,0.0011341604,1,37330,318271237
0.014382635,0.9104741,0.075017616,0.0001255448,1,37330,1044229477
0.000506476,0.6275177,0.37183985,0.00013599102,1,37350,800635248
0.0015255376,0.6848445,0.31339914,0.00023087152,1,37350,1587187293
0.007360882,0.58856124,0.40113932,0.0029386021,1,37350,1707249367
0.002600148,0.7391721,0.2569083,0.0013194438,1,37350,81401001
0.00030733214,0.6501524,0.34946668,7.3660594e-05,1,37350,1712073083
0.089332454,0.8360577,0.073375404,0.0012343405,1,37369,912465902
0.015629334,0.8979518,0.08580315,0.00061573077,1,37369,1426322956
0.008422493,0.9479341,0.043546773,9.6608645e-05,1,37369,899391431
0.0142408265,0.8139926,0.17062736,0.001139209,1,37369,1738742478
5.3648775e-05,0.0054886304,0.9163326,0.0781251,2,37399,704177359
0.00044430277,0.014179802,0.8665959,0.11877991,2,37399,1134194335
0.00017316193,0.00044223593,0.13917758,0.860207,2,37399,1967318806
1.6448788e-05,0.0001907772,0.22184637,0.7779464,2,37399,2002623103
0.43813196,0.5558286,0.005511857,0.00052764564,0,37463,53602766
0.5845195,0.39972106,0.014484188,0.0012752451,0,37463,1123945644
0.23783615,0.7045248,0.053158756,0.0044803033,0,37463,1170853933
0.71491104,0.28357124,0.0012516979,0.00026607254,0,37463,844312119
0.40789938,0.5699898,0.018600063,0.003510726,0,37463,1721564980
0.39179415,0.5875946,0.01875908,0.0018522082,0,37463,1913360645
0.6657043,0.32956177,0.0039741467,0.00075978227,0,37488,1581407368
0.59483767,0.40171653,0.0031662046,0.00027951747,0,37488,1697322168
0.85783523,0.14179161,0.00031698006,5.616728e-05,0,37488,1181377417
0.95257914,0.047235426,0.00015376096,3.1653813e-05,0,37488,1220981566
0.012263042,0.926955,0.06067521,0.000106702224,1,37722,483160353
0.010371794,0.8993798,0.09013242,0.00011602332,1,37722,1830267461
0.030701987,0.8968674,0.07206078,0.000369789,1,37722,2047653087
0.023178166,0.87012845,0.106478475,0.00021491852,1,37722,244433205
0.052459005,0.91175914,0.03529892,0.00048295778,1,37722,1781922058
0.023170387,0.86993116,0.10641142,0.00048703706,1,37722,1871368851
0.17387463,0.82218856,0.0037665227,0.00017033152,1,37747,1552967360
0.47355938,0.51126176,0.013894871,0.0012839489,1,37747,1948027355
0.34429386,0.62109756,0.03259598,0.0020125604,1,37747,860878437
0.14563796,0.79834133,0.0550175,0.0010032062,1,37747,887180302
0.33605096,0.6261304,0.035736497,0.0020821518,1,37747,1424104959
0.17116731,0.82263094,0.0057293777,0.00047239425,1,37747,1460193504
0.0029096857,0.633195,0.36357775,0.00031754377,1,37774,154592468
0.08832946,0.79326236,0.112707086,0.0057011186,1,37774,953643657
0.0056876903,0.81101006,0.18308787,0.00021433637,1,37774,47855107
0.1618066,0.7377527,0.09453454,0.005906182,1,37774,125014727
0.021019718,0.7666915,0.21075037,0.0015383755,1,37774,989910301
0.00032515332,0.042535715,0.9387075,0.018431671,2,37852,1009633258
0.0009620263,0.10660971,0.87884057,0.013587689,2,37852,1484250342
0.009173358,0.12337247,0.77459395,0.09286015,2,37852,1127783615
0.00095941767,0.010623534,0.5331324,0.45528466,2,37852,1556140454
0.008558345,0.035699658,0.4849079,0.47083417,2,37862,466483307
0.00075989007,0.042894382,0.9035851,0.05276065,2,37862,716251527
0.009509489,0.1958652,0.7625525,0.032072876,2,37862,1044717132
0.002099126,0.0354551,0.5588155,0.40363032,2,37862,1376075736
0.053711355,0.26624647,0.6380675,0.0419747,2,37862,195432654
0.004375885,0.090546764,0.73165905,0.17341833,2,37862,1106261433
0.00020309715,0.030858288,0.94866014,0.020278484,2,37862,1345416304
0.00089399976,0.051931795,0.85614634,0.0910278,2,37862,1858219249
0.00029932926,0.10282176,0.8860934,0.010785519,2,37944,872619770
0.00085312425,0.1625164,0.8236689,0.012961511,2,37944,1779811470
0.0001268219,0.083682455,0.91485107,0.0013396922,2,37944,1881722918
7.092911e-05,0.12964086,0.8696727,0.00061549194,2,37944,1660597644
0.00055439636,0.22794296,0.7684112,0.0030914317,2,37944,1731436442
0.3159505,0.6600594,0.022055497,0.0019345231,1,38036,1506293075
0.42512855,0.57166064,0.002503937,0.0007068265,1,38036,2066549384
0.08535449,0.86163044,0.051760796,0.0012542035,1,38036,426695563
0.08925927,0.87429976,0.03570346,0.0007374818,1,38036,1576207623
0.19703992,0.76662445,0.035556775,0.0007788095,1,38036,1687049577
0.001424346,0.013553974,0.6614775,0.3235441,2,3807,706851819
0.0017336897,0.0021665192,0.19850016,0.7975996,2,3807,853678743
0.0009450301,0.32000598,0.6771694,0.0018795574,2,3807,1225044698
0.00038762696,0.08973555,0.9077253,0.00215153,2,3807,1356924430
0.02078126,0.15522614,0.38764194,0.43635064,3,38080,875310250
0.0003958387,0.0011518251,0.090490036,0.90796226,3,38080,1450170661
0.00016240515,0.0013621106,0.13783559,0.86064,3,38080,88110813
0.0053607253,0.05413812,0.38330477,0.5571964,3,38080,999892087
0.0007673724,0.008468153,0.4046308,0.58613366,2,38123,80379797
7.4674586e-05,0.00022554763,0.03378372,0.96591604,2,38123,1831698414
0.00068680634,0.006306755,0.17708424,0.81592214,2,38123,228885438
0.0021682763,0.029335437,0.7664347,0.20206161,2,38123,1237041576
0.90913796,0.08846972,0.0020220268,0.00037024877,1,38128,1038723688
0.6852381,0.31318724,0.0014771662,9.757576e-05,1,38128,1070019412
0.6777725,0.32081738,0.0012847842,0.00012538528,1,38128,833528732
0.9402111,0.057893757,0.0017818206,0.00011336503,1,38128,1595642271
0.90425664,0.09370948,0.0018171279,0.000216784,1,38128,2106123952
0.99326646,0.006617723,6.685687e-05,4.8920432e-05,0,38131,286971340
0.9950368,0.0049353577,1.7059328e-05,1.0727955e-05,0,38131,1071688023
0.97044295,0.029451866,6.68891e-05,3.8287784e-05,0,38131,1531233698
0.97648627,0.023449901,5.0911185e-05,1.2986643e-05,0,38131,617944552
0.92822945,0.07132326,0.00041521498,3.212792e-05,0,38131,1814546332
0.96757466,0.029808898,0.0017949542,0.00082148204,0,38131,2111094863
0.019602673,0.8035091,0.1758392,0.0010489313,1,38168,245696559
0.021596963,0.7722304,0.20009562,0.006077049,1,38168,511305493
0.18889728,0.6667762,0.1322262,0.012100304,1,38168,865022290
0.039220244,0.86878866,0.087703,0.0042881174,1,38168,2002053985
0.0022970787,0.6316742,0.36419204,0.0018367748,1,38168,239998903
0.0026381793,0.72658235,0.27061674,0.00016273033,1,38168,500230769
0.0021805502,0.0063580265,0.12563269,0.8658287,2,38171,198144950
0.002743243,0.06523697,0.74413645,0.18788335,2,38171,1465094139
0.017240657,0.08126542,0.33106232,0.5704316,2,38171,1564106999
0.011028334,0.11337014,0.7586816,0.11691999,2,38171,2133998406
0.00486527,0.054567304,0.6052459,0.33532152,2,38171,151128333
0.0046237763,0.03425354,0.41536537,0.54575735,2,38171,590011849
0.0010738836,0.010066211,0.30395567,0.6849042,2,38171,1385365337
0.00167021,0.043159638,0.48965222,0.46551788,2,38171,2053190836
0.069643304,0.9167164,0.012826918,0.00081340707,1,38219,29164169
0.07105096,0.92470926,0.0040959613,0.00014390385,1,38219,1625840932
0.17840257,0.81954336,0.0018107218,0.00024332058,1,38219,687036201
0.09810968,0.8901177,0.011042021,0.0007305297,1,38219,1012424374
0.0013525026,0.35273284,0.6412415,0.004673248,1,38221,398323208
0.00030984657,0.04502242,0.94423914,0.010428594,1,38221,1015859510
0.0006020331,0.19998232,0.79437953,0.005036182,1,38221,64541479
0.00014814944,0.021855807,0.9742517,0.0037443633,1,38221,1992276100
0.9731555,0.026612364,0.00018680333,4.536434e-05,0,38241,206612838
0.85363334,0.14555794,0.0006851715,0.00012352734,0,38241,2064129146
0.44901904,0.5383187,0.011274857,0.0013873818,0,38241,46141163
0.54890543,0.44274712,0.0076217856,0.0007256834,0,38241,231953633
0.8866291,0.112951696,0.00027918062,0.00014008889,0,38336,1205523083
0.97059387,0.029260214,0.00013133136,1.4618335e-05,0,38336,1698898855
0.9300644,0.06922679,0.0006347528,7.411033e-05,0,38336,1776344578
0.8857098,0.11379967,0.00043656406,5.397572e-05,0,38336,810267443
0.9440609,0.05532173,0.00053404615,8.3340885e-05,0,38336,1201107468
0.9084494,0.09018912,0.0011874854,0.00017399587,0,38341,19731268
0.87846214,0.11890111,0.0019509384,0.00068584643,0,38341,2108229863
0.82761437,0.17043163,0.0017085171,0.0002455716,0,38341,2137036269
0.95246243,0.04736273,0.00016017693,1.4682934e-05,0,38341,750475155
0.8076958,0.19082539,0.0013226636,0.00015615016,0,38341,1000066573
0.9588061,0.04093786,0.00020001573,5.6013396e-05,0,38341,1863760956
0.0004924538,0.002418717,0.39484474,0.6022441,2,38400,491443883
0.00037416158,0.0053634853,0.54819137,0.44607094,2,38400,1428056364
0.00012717073,0.0010620847,0.33854774,0.66026294,2,38400,1683370801
0.00012356564,0.0004943545,0.12630084,0.8730812,2,38400,181678988
0.0011296968,0.0036788702,0.22034472,0.7748467,2,38400,1354952944
0.0006455108,0.0057594907,0.49396896,0.49962595,2,38428,775265428
0.0010295894,0.09100055,0.8789836,0.028986245,2,38428,1117261984
0.0014457135,0.040838044,0.84212285,0.11559344,2,38428,1381062160
0.00025159263,0.0041094185,0.48456576,0.5110732,2,38428,916479792
0.0029108566,0.015931679,0.42868128,0.5524762,2,38428,1178526875
0.00025254136,0.07016852,0.92526704,0.0043118256,2,38455,714062441
0.00014752665,0.0228972,0.96140075,0.015554527,2,38455,2019187214
0.00021647483,0.045700196,0.933994,0.020089408,2,38455,1453019555
0.0008945904,0.041379496,0.9045359,0.053190086,2,38455,1793088561
5.3404787e-05,0.00037464578,0.355736,0.64383596,2,38470,95823163
0.0012078735,0.005443775,0.5163302,0.47701815,2,38470,144172871
0.0002491878,0.012304258,0.87882125,0.10862524,2,38470,1040972279
0.00021167439,0.0036178527,0.72803485,0.26813567,2,38470,1804780178
0.058546335,0.8748678,0.06627835,0.0003074216,1,38483,28795754
0.18034074,0.7773909,0.040956683,0.0013116663,1,38483,411778782
0.084663704,0.68831813,0.22592585,0.0010923165,1,38483,510837705
0.031791244,0.64810234,0.3195145,0.0005918327,1,38483,1597085685
0.012993472,0.8990526,0.07759357,0.010360376,1,38504,692886894
0.05648985,0.89337915,0.04732453,0.0028064277,1,38504,1975291988
0.085486986,0.7653898,0.09057798,0.058545254,1,38504,1969595418
0.014898348,0.93266654,0.050299913,0.0021351015,1,38504,2096832529
0.0012177035,0.81344527,0.18529058,4.6445344e-05,1,38535,1673837074
0.00072573416,0.6409186,0.35816234,0.00019328369,1,38535,2058364271
0.023428105,0.8607744,0.11518752,0.00060995243,1,38535,608922294
0.0016911123,0.8148192,0.18342566,6.405098e-05,1,38535,1790187828
9.6778786e-05,0.0009645258,0.3729246,0.62601405,3,38542,51750238
5.2991694e-05,7.4253156e-05,0.010927537,0.9889452,3,38542,126028320
0.00079992705,0.0026383537,0.16295572,0.833606,3,38542,2100100802
8.579738e-05,0.00017520566,0.011758428,0.98798054,3,38542,82146206
7.251154e-05,0.00012343512,0.034485582,0.9653184,3,38542,193510291
2.1780017e-05,2.9818795e-05,0.011292959,0.98865545,3,38542,1980648675
0.001059108,0.16591531,0.82580906,0.007216537,2,38544,1332766566
0.00034879646,0.005575833,0.5852218,0.4088535,2,38544,1850960674
0.0019231876,0.012612718,0.47052673,0.5149374,2,38544,676232287
0.0012699806,0.03721272,0.8619289,0.09958844,2,38544,804498141
0.0011686478,0.007904639,0.55057794,0.44034877,2,38571,1477611477
3.7097067e-05,0.00021795237,0.11409454,0.8856504,2,38571,1587127230
0.0011398994,0.0052881665,0.33187658,0.6616954,2,38571,646631209
0.003022589,0.029378897,0.7174718,0.25012675,2,38571,1281685733
0.0005728827,0.002533834,0.3372642,0.65962905,2,38571,1289924620
0.00051124016,0.005631685,0.42489228,0.5689647,2,38571,1711736849
0.00011138607,0.021144524,0.96887666,0.009867406,2,38576,259949455
5.326967e-05,0.033230882,0.96552616,0.001189651,2,38576,974339309
0.00013436552,0.00418725,0.6170575,0.37862086,2,38576,44762825
0.00018565368,0.0034551627,0.6404161,0.35594308,2,38576,974245123
7.416291e-05,0.0002807747,0.20034857,0.79929644,2,38576,1649952075
0.0003442994,0.0016483895,0.3032541,0.6947532,2,38576,1661411580
0.4667054,0.51827025,0.013881619,0.0011427205,1,38693,1259975319
0.5020184,0.49329823,0.0044220802,0.00026128918,1,38693,1452149928
0.18746735,0.78945684,0.020660408,0.0024154484,1,38693,1019959557
0.22214621,0.71276504,0.06154014,0.0035485956,1,38693,1558440187
0.0028215726,0.0664416,0.76505154,0.16568528,2,38713,315950182
0.0023249353,0.29430017,0.67943174,0.023943152,2,38713,345013602
0.0025622305,0.12530738,0.8370545,0.03507582,2,38713,712767040
0.005237918,0.105634674,0.7756046,0.113522835,2,38713,254874610
0.0049747285,0.15019497,0.6378048,0.20702554,2,38713,1699921596
0.027834473,0.42667586,0.49342534,0.05206429,2,38713,1911058830
0.0036337161,0.42241678,0.57222944,0.0017199855,1,38727,1338411990
0.0023198347,0.6091093,0.38808668,0.00048414632,1,38727,1568613395
0.06681096,0.8228649,0.10739773,0.0029264027,1,38727,103819266
0.12149274,0.77235216,0.10048762,0.0056674657,1,38727,1485066147
0.15809199,0.82957596,0.011450615,0.0008814781,1,38727,1804419348
0.005085317,0.39297763,0.5973899,0.0045471666,2,38743,219583730
0.0016172552,0.17573625,0.8118316,0.010814917,2,38743,455892994
0.0035226576,0.02632866,0.5469852,0.42316347,2,38743,887020449
0.0027607558,0.006166783,0.030502709,0.9605698,2,38743,1512611579
0.0014479475,0.069381215,0.9079427,0.0212281,2,38743,468853011
0.0063477717,0.39588448,0.5922476,0.0055201068,2,38743,997061147
0.0026741072,0.02396867,0.25277418,0.7205831,2,38743,1059581647
0.008124413,0.03735923,0.2337912,0.7207252,2,38743,1577101698
0.04903146,0.8745848,0.070895515,0.0054883235,1,38785,1316676764
0.17186944,0.78186756,0.042492826,0.0037701454,1,38785,1919890966
0.067778654,0.9102976,0.02114286,0.00078092254,1,38785,2084767663
0.001995081,0.86405474,0.13361585,0.00033436454,1,38785,394129956
0.021559514,0.7017039,0.27523842,0.001498162,1,38785,1382877790
0.007807409,0.9034002,0.08827664,0.0005157425,1,38785,2086751027
0.00030775214,0.0006494114,0.08890131,0.91014147,3,38841,1466182506
1.1538883e-05,0.0008695993,0.9571132,0.0420057,3,38841,1766160052
3.0320884e-05,0.00086612115,0.62483424,0.3742694,3,38841,195213777
0.00023644092,0.00086973584,0.32088265,0.6780112,3,38841,235747395
1.5818106e-05,8.253303e-05,0.09560605,0.90429556,3,38841,1523064281
0.030631134,0.9020905,0.066876024,0.0004024096,1,38942,82493902
0.012892862,0.9725061,0.014535474,6.567377e-05,1,38942,526193867
0.023443691,0.9293258,0.046840657,0.00038982643,1,38942,1267961885
0.012842397,0.96509135,0.021954162,0.00011201127,1,38942,1584268762
0.7737008,0.22398084,0.0019013153,0.00041705376,1,38964,45877561
0.8574091,0.1407534,0.0017144682,0.00012302179,1,38964,455259990
0.3857981,0.59786314,0.015796227,0.00054254266,1,38964,962776150
0.43962765,0.55393416,0.0056873243,0.0007508918,1,38964,780324414
0.524462,0.4681751,0.0068570334,0.00050590275,1,38964,1406437857
0.0048048375,0.6558969,0.33806744,0.0012308832,2,39016,60664749
0.0014326595,0.7382661,0.26003045,0.0002707146,2,39016,1434793186
0.0019156121,0.099676944,0.89021444,0.008193053,2,39016,267423086
0.00019668165,0.3361036,0.66361934,8.0333324e-05,2,39016,875836937
0.0001614363,0.00058313634,0.19142896,0.8078265,2,39049,1523178300
0.001010293,0.0024560392,0.20109755,0.7954361,2,39049,2082088542
0.0012631424,0.019471591,0.6479939,0.33127138,2,39049,1395322989
0.00016417177,0.0042283842,0.6586996,0.33690786,2,39049,1476358359
0.00046677305,0.06552579,0.92699534,0.0070121107,2,39117,679522950
0.0051253824,0.025661686,0.5913846,0.37782836,2,39117,861564576
6.2860105e-05,0.01507551,0.97174305,0.013118538,2,39117,460681499
0.0010577948,0.027349457,0.8998737,0.07171907,2,39117,1620100559
0.0017732419,0.7063132,0.2913847,0.0005288165,1,39166,174738669
0.01447833,0.33397105,0.5903336,0.061217077,1,39166,863724929
0.0038528661,0.42613825,0.5690416,0.0009672245,1,39166,1819328871
0.0031303626,0.46071443,0.5342119,0.0019433545,1,39166,706127572
0.015779246,0.43761423,0.5183935,0.028212966,1,39166,891708778
0.0034872524,0.4850813,0.50958365,0.0018478597,1,39166,1561612499
0.00026644926,0.08211196,0.9072451,0.010376381,2,39180,1117936038
0.00030918172,0.07465133,0.9229543,0.0020851735,2,39180,1873687024
0.00024750715,0.060968935,0.9288426,0.009940973,2,39180,141610259
0.00011044853,0.052822765,0.94559884,0.001467912,2,39180,767438563
0.009419441,0.9259405,0.06415524,0.00048481114,1,39231,1186137766
0.015634077,0.9658486,0.018155742,0.00036150753,1,39231,1507122315
0.042706132,0.89017624,0.065238565,0.0018790393,1,39231,1977358521
0.009645233,0.9543356,0.035760026,0.0002591643,1,39231,282910543
0.009609526,0.90727466,0.082410224,0.0007056481,1,39231,1476405273
0.4869424,0.5009363,0.010298594,0.0018226769,1,39244,108734987
0.71908814,0.27288756,0.006651251,0.0013730779,1,39244,227581197
0.31463242,0.67263013,0.012053155,0.00068425236,1,39244,922980222
0.34893578,0.6167545,0.03265474,0.0016550875,1,39244,472720606
0.28623986,0.68735826,0.025151817,0.0012501057,1,39244,926443376
0.001801752,0.28191558,0.71507424,0.001208421,1,39261,1357929465
0.00017553176,0.1009812,0.89824367,0.0005996203,1,39261,1729560364
0.0061137625,0.6961561,0.29649553,0.0012346235,1,39261,428482857
0.0006765975,0.35402212,0.6447411,0.0005601928,1,39261,614387183
2.1065774e-05,9.945899e-06,0.0011103642,0.9988586,3,39319,549676762
7.0564834e-05,9.346734e-05,0.020173797,0.9796622,3,39319,753319934
1.8771731e-06,9.472664e-07,0.0007411054,0.9992561,3,39319,833287606
3.3354983e-05,6.193778e-05,0.017358776,0.982546,3,39319,249792047
5.8245105e-06,3.962777e-06,0.0012428182,0.99874735,3,39319,1903868636
0.00023894451,0.00029092014,0.013976112,0.985494,3,39319,2072472610
0.02129731,0.8074296,0.1697885,0.0014846023,1,39380,463806475
0.016849479,0.83918875,0.14334063,0.000621111,1,39380,1411134997
0.004035745,0.722353,0.27295008,0.0006611306,1,39380,1590701531
0.012602226,0.86407495,0.1230127,0.00031015856,1,39380,1612910455
0.44310877,0.55535865,0.0013472948,0.0001853202,1,39409,969915220
0.5960858,0.37960166,0.018636841,0.0056756604,1,39409,1894916318
0.78889585,0.20613329,0.00394529,0.0010255534,1,39409,1574868669
0.33582798,0.65219,0.00963423,0.0023478235,1,39409,1974831371
0.79729265,0.19885632,0.0023606603,0.0014904168,1,39409,1988445430
0.00022315426,0.3797275,0.61998445,6.4933294e-05,2,3944,476756458
0.000646213,0.25070283,0.74840313,0.00024784304,2,3944,550054818
0.0066078333,0.8299446,0.16237381,0.0010737812,2,3944,1257780952
0.001627007,0.41360807,0.5841865,0.0005783967,2,3944,1434067495
0.0027810063,0.009419473,0.8229428,0.16485672,2,3944,138901156
0.0011862562,0.07989994,0.90330046,0.015613377,2,3944,347368264
0.0002752065,0.003324324,0.7950249,0.20137554,2,3944,1824071858
0.00058733305,0.005965623,0.5753867,0.41806027,2,3944,2054214525
0.0034842629,0.09524577,0.8734786,0.027791347,2,39460,139261930
0.0018341762,0.2237682,0.7682838,0.006113769,2,39460,1426526257
0.0017371953,0.09660399,0.871093,0.030565847,2,39460,1751135866
0.0039319335,0.067203574,0.73892134,0.1899432,2,39460,600956688
0.00063254655,0.16854486,0.82705116,0.0037714299,2,39460,680981446
0.002435163,0.23897193,0.7492029,0.009389952,2,39460,902986704
0.00024245215,0.13881269,0.86003536,0.00090949354,2,39460,1292935706
0.00024248073,0.0020291628,0.62490284,0.3728255,2,3947,937503477
0.00041093942,0.0023698332,0.55947065,0.43774855,2,3947,1163606661
0.00012758585,0.013426992,0.97332686,0.013118508,2,3947,1401062738
6.7726316e-05,0.0024869991,0.9479654,0.04948,2,3947,1147393907
2.4677724e-05,0.009561733,0.9878483,0.0025652063,2,3947,1738339359
9.670169e-05,0.007873872,0.9540198,0.038009696,2,3947,1848521456
0.00013493496,0.46803233,0.5318022,3.0626878e-05,2,39581,893624338
0.017798023,0.27523127,0.69528145,0.0116893,2,39581,1907089952
0.00020163355,0.35687435,0.6428642,5.986555e-05,2,39581,1970697542
0.00020150997,0.007554315,0.9804128,0.011831405,2,39581,404405563
0.00026140097,0.027505716,0.97087944,0.0013533625,2,39581,638688426
0.024095722,0.15360294,0.79570764,0.026593624,2,39581,1848478206
0.0002427465,0.02270366,0.975222,0.0018315807,2,39581,1932778778
0.007125279,0.78719294,0.20420018,0.0014816752,1,39598,140289957
0.04855527,0.86295366,0.08613325,0.0023578524,1,39598,453885740
0.06050751,0.7909992,0.14640684,0.0020864632,1,39598,943823811
0.021426555,0.8215146,0.15522958,0.0018292973,1,39598,48112509
0.18496586,0.7756777,0.03607883,0.0032775982,1,39598,2025119830
0.035876844,0.5784848,0.3788662,0.0067722145,1,39611,122457445
0.01068223,0.8056622,0.18277125,0.00088424276,1,39611,177448093
0.001690249,0.53332245,0.4643039,0.0006833744,1,39611,20482902
0.0011866906,0.558217,0.4402798,0.000316456,1,39611,632410645
0.00250736,0.7977468,0.1994617,0.00028412312,1,39614,814185204
0.002624724,0.9084617,0.08886761,4.597576e-05,1,39614,987374432
0.008234571,0.77289975,0.2160324,0.0028332996,1,39614,4126081
0.007943062,0.31843138,0.66389555,0.009730084,1,39614,391917874
0.004919271,0.08606207,0.8653761,0.04364255,1,39614,986599791
0.0005816548,0.14082876,0.85721797,0.0013715891,1,39614,1147084996
0.0021735616,0.054369286,0.8252683,0.11818876,1,39614,2072300854
0.000109323635,0.29948038,0.7002721,0.00013825812,2,3964,81627223
0.0045193112,0.3738914,0.613246,0.008343255,2,3964,497627926
0.0025184453,0.37098613,0.6219146,0.0045808107,2,3964,1317339546
4.3811153e-05,0.10616175,0.8933028,0.0004917053,2,3964,1148310583
0.00089698617,0.25270835,0.74240184,0.0039927657,2,3964,1384189753
0.00013821901,0.02691679,0.955374,0.01757094,2,39658,636211048
0.00011153045,0.13851908,0.86102074,0.000348604,2,39658,1063239681
0.00026133502,0.28508723,0.7142299,0.00042161086,2,39658,259328086
0.0003018517,0.29049435,0.70862406,0.000579707,2,39658,1756679296
1.5535765e-05,2.1770064e-05,0.008925896,0.9910368,3,39672,961487909
0.00011106519,0.0008380655,0.5643275,0.43472338,3,39672,1821886587
2.2428521e-05,2.631464e-05,0.0044042612,0.99554694,3,39672,50582586
0.0005630131,0.0011887565,0.10857434,0.8896738,3,39672,1232987564
0.36466953,0.6181825,0.013956804,0.0031911987,1,39676,282497216
0.34314054,0.64891624,0.007107755,0.00083549065,1,39676,442667728
0.29669392,0.6912605,0.011453525,0.0005921047,1,39676,1396874460
0.12034964,0.8645533,0.014705487,0.0003916464,1,39676,714661170
0.29939333,0.6930407,0.006438719,0.0011272642,1,39676,799000312
0.00079013343,0.036146343,0.9540332,0.009030369,2,39694,19860966
0.003027436,0.021188565,0.44998267,0.52580136,2,39694,2062611563
5.3468135e-05,0.07685623,0.9226896,0.00040064176,2,39694,1363474087
0.012183092,0.042039618,0.5498933,0.39588395,2,39694,1811260408
0.31743944,0.68111,0.0013666551,8.385356e-05,0,39752,770008145
0.5076969,0.48261032,0.008604138,0.001088608,0,39752,2098273041
0.53897923,0.4557669,0.0042301617,0.0010236728,0,39752,1968918228
0.5749474,0.40469941,0.014869363,0.005483801,0,39752,2057027000
0.0005648062,0.6013091,0.39798355,0.0001424748,2,39893,34561261
0.0003179674,0.3421728,0.6569321,0.0005771778,2,39893,1557527689
0.00035609485,0.40856898,0.5909663,0.000108642154,2,39893,1732539619
0.00034298713,0.43550104,0.56400055,0.00015547355,2,39893,1753781915
0.00044136314,0.0044291145,0.6739124,0.3212171,3,39896,527923549
0.0015959686,0.015012196,0.6810242,0.30236766,3,39896,2085217482
0.00044785344,0.027763687,0.9210585,0.050730016,3,39896,131949194
0.00038649995,0.0039325026,0.5433381,0.45234293,3,39896,1483157285
0.025737174,0.94577944,0.028246392,0.00023700776,1,39915,1360846922
0.17777365,0.7686687,0.051120028,0.0024376519,1,39915,1425749099
0.018080847,0.80943006,0.16979583,0.002693277,1,39915,1645166131
0.009793229,0.87229055,0.11758977,0.0003263656,1,39915,203129097
0.016765641,0.8542513,0.12754756,0.0014354197,1,39915,619396800
0.21664193,0.74520385,0.03086087,0.007293254,1,39915,1683747367
0.02645116,0.88203436,0.09088568,0.0006287992,1,39957,1460358110
0.06787266,0.83023185,0.09634234,0.0055531855,1,39957,2087907277
0.0866351,0.73857003,0.16955072,0.0052441545,1,39957,375784077
0.006568423,0.8246371,0.16760372,0.0011907733,1,39957,1978326988
0.00064067397,0.7251813,0.27412298,5.5030097e-05,2,39959,283700127
0.0015202473,0.68466514,0.3135933,0.00022123274,2,39959,1429710392
0.00039799477,0.6885229,0.31098634,9.28505e-05,2,39959,421277088
0.0004448766,0.6843554,0.31515095,4.8753314e-05,2,39959,1912194684
0.03670441,0.8512676,0.10779601,0.004232014,1,40059,1154558626
0.006745209,0.77770865,0.21502793,0.00051823776,1,40059,1313647211
0.009567907,0.71500444,0.26992047,0.0055072526,1,40059,734225760
0.008725237,0.8165402,0.17420441,0.0005302189,1,40059,1566221228
0.012492277,0.21686523,0.6022024,0.16844006,3,40085,679676676
0.0012088427,0.0038686031,0.26138484,0.7335377,3,40085,1577555190
0.001292974,0.0034480277,0.08380168,0.9114573,3,40085,751883309
0.004993207,0.017109647,0.1475466,0.8303505,3,40085,1787013215
0.0004063241,0.40601826,0.5928827,0.00069271616,2,40122,1274717189
0.0028158706,0.33944935,0.6526051,0.0051296647,2,40122,2050502379
7.972483e-05,0.3815632,0.6181763,0.0001807995,2,40122,649884598
0.00030265973,0.2947336,0.70185494,0.0031087985,2,40122,666103383
0.0005563286,0.4595945,0.5390002,0.0008490097,2,40122,1942597355
0.06402422,0.80448836,0.12633678,0.005150623,1,40143,887509577
0.18596874,0.6262615,0.13931541,0.048454393,1,40143,1570177376
0.12957336,0.800031,0.065134466,0.005261159,1,40143,1719634449
0.063464366,0.8345238,0.09748289,0.0045289714,1,40143,461408073
0.14139166,0.8049122,0.051219262,0.002476892,1,40143,1031771138
0.023431364,0.7091877,0.2647786,0.0026023579,1,40143,1071094910
0.029140431,0.64907867,0.31639796,0.00538293,1,40143,2103606693
0.00033849332,0.42986128,0.5685429,0.0012573435,2,40177,565997535
0.000911121,0.5017052,0.49608052,0.0013031344,2,40177,930911146
0.002543582,0.72351265,0.27345964,0.00048408846,2,40177,1052698241
0.005814421,0.49033788,0.4749205,0.028927134,2,40177,289965259
0.0027064031,0.59453434,0.4011816,0.0015777376,2,40177,313571718
0.004026916,0.07342116,0.27378902,0.6487629,2,40177,1277514218
0.002223618,0.6245779,0.37153614,0.0016623948,2,40177,1648334029
0.0018572746,0.65624344,0.34141576,0.0004835147,1,40219,91617310
0.0032033548,0.66286373,0.33352315,0.00040982553,1,40219,1930559153
0.00050295814,0.64377844,0.3555872,0.0001313616,1,40219,22303839
0.014916878,0.7905242,0.19278994,0.0017690181,1,40219,208723115
0.00063813344,0.5382472,0.4607659,0.00034875973,1,40221,356529012
0.0011223959,0.53031653,0.46766937,0.0008916948,1,40221,883503830
0.001787972,0.22799063,0.76610255,0.004118786,1,40221,1014021891
0.0016071643,0.3309188,0.66660106,0.00087295554,1,40221,2028052426
0.00043310274,0.0035030611,0.6294092,0.36665463,2,40391,599834933
0.0009908176,0.013860105,0.8743064,0.11084274,2,40391,1600712570
0.0030580622,0.041504722,0.80859095,0.14684631,2,40391,1921510490
0.0008460232,0.04019024,0.92555803,0.033405747,2,40391,992588266
0.00017730526,0.12692194,0.8714718,0.0014288822,2,40391,1678668993
0.00019115764,0.054701433,0.94238424,0.0027231353,2,40391,1973524151
0.0002180184,0.26902273,0.73042625,0.00033293728,2,40410,816345396
0.00016705156,0.18277743,0.81612825,0.00092721457,2,40410,1153739022
6.1205435e-05,0.19000252,0.80978626,0.00015007041,2,40410,1196089039
0.00016045486,0.19670764,0.8028756,0.00025640687,2,40410,1301430781
0.33091748,0.6545544,0.013370455,0.0011576419,1,4052,1434888814
0.04559959,0.718211,0.2329742,0.0032152163,1,4052,1573189265
0.081045985,0.70150197,0.21459168,0.0028602872,1,4052,637590908
0.1047791,0.8607191,0.033255108,0.0012466364,1,4052,1426890997
0.0040997346,0.95527405,0.04054099,8.5345106e-05,1,40563,330393164
0.021014178,0.91567576,0.061927225,0.0013827523,1,40563,763825676
0.055786926,0.9263794,0.017551964,0.00028169205,1,40563,1160518520
0.34721133,0.6408745,0.009904192,0.0020099252,1,40563,1778355307
0.61357653,0.38494515,0.0014093457,6.896547e-05,1,40680,500523667
0.87026495,0.12923507,0.00040960615,9.042404e-05,1,40680,814176292
0.6935037,0.30517843,0.0012335103,8.4351545e-05,1,40680,463387047
0.63228065,0.3653864,0.0019834081,0.0003495858,1,40680,1121634218
3.0802414e-05,3.3882396e-05,0.008556284,0.991379,3,40744,838726676
0.00036315955,0.0006129653,0.042095922,0.956928,3,40744,1255210135
8.468503e-05,0.00014795073,0.027935283,0.9718321,3,40744,1541842360
3.817609e-06,1.1974139e-06,0.0009910215,0.99900395,3,40744,200971112
0.0001928452,0.00046931332,0.0646214,0.93471646,3,40744,1288456054
0.00054081663,0.0010861862,0.05540853,0.94296443,3,40744,1896910195
0.0002000895,0.016108138,0.8576519,0.12603988,2,40747,142114804
0.0009048131,0.009961766,0.34614965,0.6429838,2,40747,442184821
0.00036412315,0.0035208878,0.31927854,0.6768365,2,40747,653105152
0.00028289136,0.0017988625,0.11054446,0.8873738,2,40747,716571709
0.00032886525,0.0048512863,0.3979905,0.59682935,2,40747,1677788990
0.00013897862,0.0027158672,0.2306059,0.7665393,2,40747,759078105
0.002300692,0.008019964,0.1789061,0.81077325,2,40747,1538981207
0.0006922134,0.008987224,0.31040695,0.67991364,2,40747,1630778108
4.98229e-06,1.6107804e-05,0.018274792,0.98170406,2,40747,1877915885
0.19559444,0.6999179,0.09898849,0.0054991464,1,4083,888382598
0.011685098,0.76369226,0.2242359,0.000386756,1,4083,1626302930
0.07632688,0.84559,0.07543027,0.0026528605,1,4083,61389923
0.02172112,0.828408,0.14881392,0.001056987,1,4083,546424063
0.1254331,0.8367176,0.03589187,0.001957416,1,4083,1022886281
0.0001986899,0.23363972,0.7636634,0.0024981513,1,40888,19152831
0.0038225874,0.82592386,0.16919056,0.0010629545,1,40888,1383399353
0.0063681602,0.39550847,0.51748365,0.08063975,1,40888,1809415485
0.0012171885,0.33626756,0.65094244,0.011572767,1,40888,178448540
0.0023735438,0.5261083,0.4674503,0.0040678172,1,40888,1240589691
0.00049713254,0.37502533,0.62355137,0.00092610007,1,40888,1510056289
0.17205723,0.712705,0.10808592,0.007151868,1,40937,732565630
0.32088605,0.6298259,0.04527534,0.004012785,1,40937,1041194908
0.22510464,0.738612,0.033314496,0.0029688624,1,40937,1528341926
0.0133031905,0.80554265,0.18004629,0.0011078424,1,40937,2043543736
0.03583944,0.8513355,0.109549336,0.0032757348,1,40937,506285155
0.31680897,0.6588042,0.019226419,0.005160348,1,40937,1229872653
0.31828472,0.64554965,0.031276755,0.0048888437,1,40937,1756180526
0.005144359,0.78323865,0.21121107,0.0004059087,2,40941,244541214
0.024137001,0.7142775,0.25910044,0.0024850736,2,40941,762018265
0.012190345,0.68452793,0.3001762,0.0031055568,2,40941,1805754009
0.035653684,0.49917364,0.45966235,0.005510319,2,40941,2144406675
0.37150446,0.61904746,0.008823402,0.0006246626,1,40989,296222488
0.19435853,0.7726208,0.031398818,0.0016218349,1,40989,486765183
0.14145257,0.85054976,0.007572799,0.00042489194,1,40989,1293030441
0.12445701,0.8514109,0.022982296,0.0011497336,1,40989,221054256
0.29450256,0.6953071,0.008759839,0.001430576,1,40989,600843230
0.44073915,0.5491906,0.009174451,0.0008957777,1,40989,855451577
0.056929503,0.8905213,0.05201019,0.0005391018,1,41013,208096528
0.047069464,0.8345393,0.117279015,0.0011122834,1,41013,1305945389
0.040766284,0.84317505,0.113928765,0.0021298502,1,41013,2000803852
0.002961736,0.51104933,0.48297784,0.0030111105,1,41013,256191035
0.0004782956,0.59138757,0.4080289,0.00010525604,1,41013,518976944
0.33373192,0.6339858,0.027003573,0.0052786525,1,41058,1999953907
0.4781931,0.51812214,0.0031489027,0.0005357892,1,41058,2111299841
0.17338277,0.8097672,0.016517153,0.000332923,1,41058,1119502926
0.1582097,0.79525685,0.044903364,0.0016300307,1,41058,1957546501
7.0194685e-05,0.0002352608,0.10151833,0.89817625,2,41071,718257734
0.0007064294,0.004602764,0.51642,0.47827077,2,41071,1006270310
0.0004495737,0.0031293416,0.59724164,0.39917943,2,41071,1159393880
3.2425127e-05,0.00013700382,0.11101641,0.8888142,2,41071,1210412327
0.002200284,0.23010011,0.7610991,0.0066005127,1,4114,851893052
0.0038270827,0.33180732,0.6617843,0.002581301,1,4114,1023534484
0.004134178,0.3971769,0.59783465,0.0008542863,1,4114,1700121168
0.00043709372,0.18187018,0.8166138,0.0010788984,1,4114,31893358
0.0006932136,0.13064463,0.8669126,0.0017494978,1,4114,164539058
0.00020857589,0.12917805,0.86997557,0.00063784607,1,4114,1968809456
0.61717236,0.36958036,0.010258883,0.002988415,1,41165,990317296
0.2790129,0.71232384,0.007973093,0.00069021765,1,41165,1182893654
0.7843163,0.21087702,0.0042581353,0.00054851,1,41165,259575128
0.34849316,0.6380147,0.012417709,0.0010744977,1,41165,411536618
0.50802296,0.49050033,0.00138906,8.763387e-05,1,41165,1034175923
0.35685688,0.6236148,0.018680373,0.0008479619,1,41213,1128839922
0.5833748,0.4148077,0.0016740562,0.00014339082,1,41213,2127683534
0.741867,0.24823678,0.009109412,0.00078682543,1,41213,804381620
0.33529535,0.6545952,0.00981158,0.00029787997,1,41213,1385090064
0.006148755,0.6145795,0.3779305,0.0013413033,2,41219,7840228
0.015758343,0.48311323,0.4993307,0.0017977412,2,41219,27338484
0.013058703,0.21808085,0.7536422,0.015218313,2,41219,138200393
0.043107223,0.46870875,0.4686226,0.019561447,2,41219,1141728505
0.012175426,0.313741,0.6656067,0.0084769,2,41219,43014094
0.0004484686,0.38335097,0.61612743,7.3190866e-05,2,41219,824310278
0.001215077,0.28904575,0.7073616,0.0023775809,2,41219,1256952916
0.008480393,0.20746434,0.7549552,0.029100105,2,41219,1323238424
0.24715872,0.74398845,0.008610952,0.00024184711,1,41220,166752805
0.5120899,0.4518398,0.033681147,0.0023891802,1,41220,722512417
0.14986913,0.8191408,0.029568776,0.0014212822,1,41220,980340154
0.04177819,0.89467484,0.06326048,0.0002864898,1,41220,523204439
0.098855704,0.7958845,0.1041056,0.0011541323,1,41220,961200800
0.0013615406,0.027143987,0.78547496,0.18601951,2,41238,1152046649
0.00063639774,0.0033756387,0.27624372,0.71974427,2,41238,1501389969
0.00011728473,0.00084300013,0.21844673,0.780593,2,41238,899283143
0.0003229871,0.002334238,0.42328116,0.5740616,2,41238,1969581106
0.0011763172,0.34308475,0.6518436,0.0038953715,2,41250,1025914454
0.00011850842,0.36121672,0.63825846,0.0004063141,2,41250,1759374759
0.0044096312,0.6039196,0.38805065,0.0036200758,2,41250,1854187121
0.00029328896,0.043126594,0.914159,0.042421144,2,41250,513700972
0.0024760163,0.3153874,0.672881,0.009255636,2,41250,515472001
0.0016378564,0.013783652,0.58052796,0.4040505,2,41369,1721828196
0.00013432933,0.0015031459,0.570393,0.42796952,2,41369,1744269506
0.00073275936,0.005632972,0.5418352,0.4517991,2,41369,2123080291
0.00023351467,0.0007343357,0.26015806,0.73887414,2,41369,158452816
0.0027854561,0.007571695,0.4032371,0.58640575,2,41369,699694527
0.006875428,0.83103245,0.16023326,0.0018588209,1,41379,691739660
0.0102279745,0.82108885,0.16565837,0.003024791,1,41379,1822161446
0.0027914003,0.6478089,0.3457172,0.0036824315,1,41379,416657098
0.0029949564,0.5866329,0.40730736,0.0030647723,1,41379,1143204221
5.6921934e-05,0.25219467,0.7476977,5.0704777e-05,2,41447,342490177
3.379774e-05,0.20689392,0.7930289,4.3350665e-05,2,41447,1481189562
0.00012331083,0.024621872,0.96904534,0.006209562,2,41447,1619599680
7.9983314e-05,0.12634474,0.8734737,0.00010163691,2,41447,1713677982
0.5945717,0.3998833,0.0051496415,0.0003953233,0,41647,502713799
0.5238323,0.4548863,0.017538529,0.0037428804,0,41647,979922578
0.8109312,0.18523812,0.0033523408,0.00047838938,0,41647,1821746684
0.7190884,0.2687203,0.011128274,0.0010630654,0,41647,1884352655
0.803798,0.19046113,0.0049141813,0.00082668534,0,41647,757024574
0.8565591,0.13911116,0.0035338504,0.00079589244,0,41647,1373434747
0.8037406,0.19200386,0.0035442396,0.0007112952,0,41647,1439536065
0.2829569,0.6804747,0.034867782,0.001700695,1,41718,652595063
0.4460657,0.5415462,0.010600923,0.0017871128,1,41718,1130719434
0.2808643,0.69870245,0.019516766,0.0009164964,1,41718,1749191550
0.033563245,0.8397325,0.12603244,0.0006717869,1,41718,290820894
0.040800445,0.7684562,0.1884628,0.0022805287,1,41718,429677741
0.22389896,0.75918555,0.015928103,0.0009873583,1,41718,531459993
0.020346075,0.80530673,0.17341886,0.00092834467,1,41718,1327918481
8.44016e-05,0.09966545,0.8993926,0.0008575498,2,41736,519879608
0.001277209,0.0021146005,0.13298397,0.8636242,2,41736,1807914170
0.0017653954,0.052638855,0.69696707,0.24862868,2,41736,106416968
0.00082739315,0.003417679,0.17669734,0.81905764,2,41736,989221319
0.051405385,0.827768,0.12018405,0.0006424682,2,41800,715190370
0.03223898,0.86631083,0.100874774,0.0005753972,2,41800,1461231774
0.0805822,0.788208,0.13017218,0.0010375171,2,41800,23366258
0.034966543,0.8938927,0.070497476,0.0006433511,2,41800,431915640
0.38810122,0.5955935,0.015540997,0.00076433097,0,41926,511959030
0.5549674,0.4405105,0.003837722,0.00068428327,0,41926,1594794472
0.494206,0.49916127,0.0060071712,0.00062558975,0,41926,1675421758
0.71227247,0.28561208,0.0018591459,0.00025625929,0,41926,180214510
0.47453895,0.51769733,0.0073884763,0.00037520722,0,41926,401756893
0.28026012,0.6982945,0.020907052,0.0005383519,0,41926,923675422
0.63111424,0.36422327,0.004154854,0.0005077022,0,41926,1156234755
0.432227,0.53308135,0.03079851,0.0038931256,1,41970,625692718
0.66455054,0.32952476,0.005314133,0.00061055,1,41970,999912943
0.8845202,0.11432778,0.0006098703,0.000542178,1,41970,1106598787
0.5681467,0.426402,0.004986762,0.0004645552,1,41970,1222548870
0.25414956,0.7358094,0.009832386,0.00020863472,1,41970,753395191
0.33042988,0.6615696,0.0075687505,0.00043176961,1,41970,758568443
0.94249225,0.056421824,0.00082133187,0.00026459983,1,41970,974582570
0.011143589,0.5126522,0.46754918,0.008655045,2,42028,3754064
0.005490612,0.4258314,0.56696886,0.0017091073,2,42028,687625238
0.010388332,0.42963883,0.55864733,0.001325501,2,42028,1647485175
0.0085462835,0.8066631,0.1845256,0.00026500842,2,42028,218556986
0.006203496,0.6315981,0.36161602,0.0005823903,2,42028,1766714212
0.019054536,0.48646024,0.4795281,0.014957182,2,42028,1889694726
0.011850348,0.6333366,0.35371646,0.0010965373,2,42028,1977575852
0.0008216141,0.012042023,0.6844001,0.30273634,3,42087,857403091
0.00015041021,0.0009332727,0.21291535,0.78600097,3,42087,1308491231
0.0045949174,0.028322821,0.39961553,0.56746674,3,42087,1532980631
0.0006906806,0.00302203,0.17655711,0.8197301,3,42087,858133015
0.0023034625,0.08459288,0.8540106,0.059093,3,42087,951770334
0.0019254873,0.6423153,0.35540387,0.000355322,2,421,458810229
0.014272318,0.86529845,0.1200145,0.00041472848,2,421,1277649924
0.00096618646,0.46191707,0.5366779,0.00043880683,2,421,812387356
0.0061585903,0.69998074,0.29360023,0.00026043746,2,421,1432382599
0.16421825,0.81523657,0.017605642,0.0029395262,1,42137,450061709
0.11192914,0.8280625,0.056621883,0.0033865252,1,42137,2071394953
0.1420882,0.7529379,0.095559984,0.009413924,1,42137,212223798
0.29140794,0.6534686,0.044759482,0.010363936,1,42137,553343443
0.1930517,0.7815097,0.024404623,0.0010340024,1,42137,989853555
0.0027807248,0.011679626,0.27898315,0.7065565,2,4219,421100819
0.00010213324,0.00470993,0.7128596,0.28232837,2,4219,954839975
0.00056815735,0.0051862043,0.42292187,0.57132375,2,4219,1974810172
0.00022966071,0.0007037517,0.13832325,0.8607433,2,4219,2010737982
0.01642871,0.81636494,0.16686822,0.00033808968,1,42335,1618573712
0.0045699715,0.8268169,0.16853346,7.963508e-05,1,42335,1640216613
0.029438283,0.9042263,0.06596772,0.0003676593,1,42335,1856541365
0.013797787,0.900497,0.08546358,0.0002416358,1,42335,2030380558
0.8782484,0.12111425,0.00047980394,0.000157525,0,42356,53654537
0.9341995,0.06432227,0.0009590994,0.00051913457,0,42356,568578884
0.8820452,0.11459224,0.00243221,0.0009304058,0,42356,114290652
0.74668884,0.25110942,0.0019066082,0.00029507084,0,42356,993915135
0.00012312013,0.26079676,0.7389185,0.00016160884,2,42461,921029538
0.00059264555,0.21750042,0.7812179,0.0006891117,2,42461,1589679998
0.0006431924,0.46702436,0.53223556,9.692493e-05,2,42461,774316095
0.03187651,0.5619173,0.4042571,0.0019490699,2,42461,1042295337
0.0027510081,0.2849748,0.71156174,0.00071237783,2,42512,418489027
0.022372268,0.6163192,0.3585092,0.0027992926,2,42512,1291578092
0.059095073,0.7599399,0.17555897,0.0054060426,2,42512,332940032
0.01530248,0.8239074,0.16007952,0.0007106045,2,42512,468828255
0.059095073,0.7599399,0.17555897,0.0054060426,2,42512,1741336861
0.021169852,0.72442096,0.25390357,0.0005056267,2,42512,1772189450
0.0008367074,0.15595926,0.8373058,0.0058982,2,42612,606304717
0.0036439388,0.09137935,0.8386896,0.06628707,2,42612,996470892
0.0011352104,0.10050236,0.8735645,0.02479795,2,42612,342967134
0.00017871417,0.16722566,0.83136696,0.0012287397,2,42612,1840955817
0.29029968,0.69625145,0.012731608,0.0007172921,1,42619,168548674
0.27911618,0.7024941,0.016955102,0.0014345926,1,42619,1230246167
0.081720434,0.85555786,0.06062614,0.002095587,1,42619,1672618676
0.42876443,0.5661216,0.004204627,0.0009093907,1,42619,819102782
0.5175301,0.4689759,0.0123673985,0.0011266624,1,42619,907606281
0.0012793085,0.6243126,0.3729819,0.001426184,1,42662,1284107418
0.0035626232,0.5337029,0.45635173,0.006382722,1,42662,1395711710
0.017923174,0.5692899,0.39076802,0.02201887,1,42662,1456691601
0.00947059,0.38326555,0.57896453,0.028299345,1,42662,651432096
0.019325469,0.4566448,0.4993854,0.024644349,1,42662,1118473680
0.5643805,0.41944075,0.014722693,0.0014560723,1,42685,486808235
0.79963267,0.19292474,0.006312911,0.001129688,1,42685,649489610
0.6964771,0.2949541,0.0071692234,0.0013995415,1,42685,1076811472
0.7157541,0.27240384,0.00955217,0.0022898635,1,42685,665617802
0.91135836,0.08665646,0.0016539695,0.00033121213,1,42685,788896910
0.3083132,0.63430804,0.045035828,0.01234296,1,42685,1651178337
3.7208756e-05,7.466914e-05,0.013862397,0.98602575,3,42875,1415096315
0.00012620642,0.00024143388,0.040434323,0.95919806,3,42875,2042619254
0.0002392837,0.0008316358,0.17791077,0.8210183,3,42875,42612127
4.34892e-05,6.462634e-05,0.026977222,0.97291476,3,42875,1894601199
0.009649669,0.79086167,0.19922279,0.00026584603,1,42982,764749031
0.00066968775,0.66022545,0.33904213,6.275898e-05,1,42982,1227095536
0.0058886386,0.67144847,0.3216403,0.0010225407,1,42982,1963622257
0.008242138,0.92485255,0.06672177,0.00018351625,1,42982,1348477164
0.07731313,0.8282629,0.091909975,0.0025138843,1,42982,2126182240
0.15385813,0.8405077,0.0052271043,0.00040706823,1,43004,1829769663
0.13104573,0.8609638,0.007864151,0.00012630352,1,43004,2054900584
0.26709315,0.72340983,0.0092729395,0.00022414816,1,43004,2086414198
0.22254986,0.7647684,0.01238936,0.000292361,1,43004,347269816
0.91596687,0.08252067,0.0009038842,0.00060854055,1,43004,1885910224
0.00093719736,0.42083976,0.57617164,0.002051395,1,43011,121742632
0.0034788728,0.37505725,0.61824685,0.0032169526,1,43011,1570256693
0.017663611,0.52098894,0.44391116,0.017436285,1,43011,843011650
0.008548871,0.5663598,0.41981897,0.0052723573,1,43011,1880068861
0.002300982,0.3664918,0.62951535,0.0016918882,2,43100,86516424
0.0018959701,0.71401703,0.2838409,0.00024605964,2,43100,916683027
0.011980324,0.6300623,0.34848168,0.009475748,2,43100,2128031365
0.0004742619,0.55470085,0.44456133,0.00026360474,2,43100,932043684
0.00038517133,0.5599084,0.43962184,8.464247e-05,2,43100,1187020827
0.00018997987,0.3090102,0.6904937,0.00030610067,2,43100,1904179629
2.3080971e-05,1.5578511e-05,0.0023158873,0.99764544,3,43170,427473806
1.2531884e-05,1.195152e-05,0.0034400295,0.9965354,3,43170,1269637923
6.0201357e-05,7.512363e-05,0.008278938,0.99158573,3,43170,1341953327
0.000120516495,0.00019001937,0.015792225,0.98389727,3,43170,1521634939
0.00023405699,0.00065832364,0.059083838,0.9400237,3,43170,112998197
4.458141e-05,5.4544933e-05,0.0136691425,0.98623174,3,43170,965102461
0.000110400986,0.00020129315,0.033295434,0.9663929,3,43170,1063254920
7.17005e-05,0.000113533744,0.016647061,0.9831677,3,43170,1319944831
0.07717669,0.81428903,0.103171244,0.0053629335,1,43227,41289720
0.008709086,0.8801819,0.11053542,0.00057366333,1,43227,1076825803
0.076282255,0.72750056,0.18522532,0.010991888,1,43227,220022898
0.024277426,0.9241012,0.05103534,0.0005860479,1,43227,1330737224
0.25984976,0.71668434,0.021747189,0.0017187475,1,43291,1091561267
0.04036598,0.9293867,0.02997492,0.00027242463,1,43291,1674963805
0.06939165,0.8568593,0.07290118,0.0008479048,1,43291,108485772
0.20383161,0.707232,0.08562993,0.0033065095,1,43291,1335782012
0.9947438,0.00520921,3.5141682e-05,1.1924038e-05,0,43322,2003892359
0.9789179,0.020735998,0.00023079955,0.00011529026,0,43322,2017601255
0.99480563,0.005161589,2.4303361e-05,8.424447e-06,0,43322,648131565
0.9704058,0.029345863,0.00018468988,6.364052e-05,0,43322,1913363312
0.2784084,0.6098896,0.10506647,0.006635528,1,43390,357557232
0.082873784,0.3395446,0.5191004,0.058481142,1,43390,529664310
0.036359042,0.14854598,0.4285207,0.38657427,1,43390,1666898917
0.024801573,0.25929824,0.63753164,0.07836854,1,43390,1882643034
0.29878393,0.46412832,0.21206883,0.02501894,1,43390,114267922
0.045041177,0.5554494,0.3843212,0.015188201,1,43390,1183628710
0.26643667,0.419718,0.2638797,0.049965635,1,43390,1907417062
0.2971894,0.5958155,0.101705864,0.0052892095,1,43390,1996491997
0.00018979127,0.0055225305,0.78958565,0.20470205,2,43396,278077291
0.00013428325,0.035828266,0.94520986,0.018827595,2,43396,1203734338
0.0006056141,0.028875027,0.8684782,0.10204115,2,43396,1350017148
0.0024832205,0.017350854,0.5458161,0.43434983,2,43396,1555664502
0.0028946975,0.08278108,0.8161059,0.09821835,1,43460,199122616
0.00012258468,0.18679303,0.81282955,0.00025491402,1,43460,829345962
0.00067844416,0.33612794,0.66190255,0.0012910899,1,43460,1704170373
0.005283951,0.1598257,0.7647993,0.07009106,1,43460,451715956
0.00060533424,0.19919896,0.79581755,0.0043780967,1,43460,1871313860
0.015372371,0.05090364,0.22251044,0.7112135,1,43460,1910161559
0.00017069596,0.0025588735,0.4888661,0.5084043,2,4356,684245725
0.00014813345,0.0039664027,0.72934604,0.26653937,2,4356,784715438
2.8778597e-05,6.50534e-05,0.04781327,0.95209295,2,4356,1272576420
2.373955e-05,5.732955e-05,0.02573277,0.9741862,2,4356,433565792
1.7604223e-05,2.4821815e-05,0.009249001,0.9907086,2,4356,641379266
0.63437986,0.3563226,0.007945577,0.0013519465,1,43684,223437932
0.70836747,0.29063404,0.0009240117,7.455824e-05,1,43684,1540153633
0.44973052,0.5489018,0.0012661146,0.0001015536,1,43684,192299323
0.9169095,0.08218418,0.0007700822,0.00013623241,1,43684,1680839004
0.49731708,0.49823588,0.0039048004,0.0005422338,0,43762,321321852
0.4070521,0.5891794,0.0035318534,0.000236614,0,43762,800715529
0.64578766,0.3488052,0.004632641,0.00077450444,0,43762,879510414
0.7563945,0.24033055,0.002789613,0.0004852681,0,43762,855042439
0.41985196,0.5706954,0.008212345,0.001240325,0,43762,1054341462
0.015469282,0.9074265,0.07684726,0.0002570057,1,43869,629974064
0.10022368,0.66407377,0.22523272,0.0104698185,1,43869,1186695803
0.0048944945,0.6484943,0.34585828,0.0007529113,1,43869,1135294869
0.005530365,0.8004447,0.19382644,0.00019845592,1,43869,1501062061
0.00020317231,0.3609464,0.63821244,0.0006380228,2,43950,465474300
0.0024926998,0.38418922,0.608029,0.0052890396,2,43950,1933059563
0.0011166956,0.29866576,0.6910903,0.0091272695,2,43950,1086650506
0.0008207802,0.21729821,0.77089113,0.010989933,2,43950,1496679510
0.00090049714,0.4662818,0.53009313,0.002724564,2,43950,1881855834
0.001658941,0.7448324,0.25312117,0.00038749687,2,44008,378151975
0.005415394,0.7244166,0.26901954,0.0011484212,2,44008,1367500661
0.0020062341,0.655559,0.3417087,0.00072605116,2,44008,522177529
0.0033454583,0.81258136,0.18376479,0.00030846713,2,44008,771969505
0.0011099164,0.37571698,0.6219898,0.0011833045,1,44070,748682794
0.0063109803,0.7301092,0.2626435,0.00093635556,1,44070,2134953740
0.0024812731,0.7017172,0.2952958,0.00050570443,1,44070,1272266200
0.0071285907,0.8483568,0.14402449,0.0004900516,1,44070,1686849300
0.021220224,0.9558531,0.022783756,0.00014290576,1,44086,417994290
0.032976072,0.862347,0.103772536,0.0009044306,1,44086,419309775
0.00767533,0.73082334,0.2595108,0.0019905688,1,44086,1037964749
0.10039319,0.8176698,0.08129063,0.00064639247,1,44086,1073859715
0.0061640944,0.8137843,0.17984423,0.00020737588,1,44086,2089607998
0.00017479222,0.100238845,0.89676446,0.0028218874,2,44121,643750923
0.00028840278,0.40258583,0.5968193,0.00030641435,2,44121,2115307913
0.0005852793,0.66041934,0.33877382,0.00022156334,2,44121,546226529
0.0014393274,0.7226562,0.2755188,0.0003856789,2,44121,958689703
0.00037162774,0.5093974,0.4901216,0.00010939378,2,44121,1102648224
7.0746886e-05,0.00051737396,0.5615487,0.4378631,2,44169,949129575
0.00010585466,0.00015860025,0.059911273,0.9398242,2,44169,1578297799
4.0875864e-05,0.0001461681,0.17431039,0.8255026,2,44169,565530742
2.2794962e-05,0.00011117099,0.15142263,0.84844345,2,44169,742547181
0.00016948687,0.0007288542,0.2980106,0.70109105,2,44169,893144299
0.64834934,0.3369658,0.01340789,0.001276975,1,44182,331946001
0.3747023,0.61553526,0.008815999,0.00094644,1,44182,1080267491
0.22253412,0.7461144,0.030136872,0.0012146129,1,44182,1579739657
0.6537764,0.34032875,0.0049220044,0.0009728952,1,44182,2081384740
0.14371562,0.7688852,0.08328099,0.0041181874,1,44182,2127867384
0.7948345,0.20273823,0.0015709546,0.00085630314,1,44182,330863188
0.813968,0.18441352,0.0013708281,0.00024756708,1,44182,552348213
0.6700336,0.32331333,0.00598256,0.0006705129,1,44182,1840530134
0.0073502483,0.87676895,0.11575851,0.0001222999,1,44198,1205059777
0.024944205,0.87639594,0.098083615,0.0005761965,1,44198,1363621249
0.023025356,0.62256336,0.3530554,0.0013558829,1,44198,457756396
0.0132046165,0.72515047,0.26138332,0.00026159754,1,44198,1717900474
0.19039614,0.8038953,0.0052308566,0.00047769843,1,442,814892814
0.14037943,0.8541801,0.005257497,0.0001829374,1,442,1154946809
0.08051717,0.9086673,0.010516501,0.00029899797,1,442,778322281
0.08657127,0.9044519,0.008797781,0.00017901642,1,442,1337197314
0.00014829666,0.054963194,0.9423632,0.0025253214,2,44250,72071498
0.005390689,0.034073766,0.28723764,0.67329794,2,44250,199219030
0.00079158955,0.23054472,0.7670985,0.0015651949,2,44250,648879738
0.011783523,0.19519617,0.7347084,0.058311827,2,44250,1056936378
0.00093522685,0.045959566,0.6957006,0.2574046,2,44250,810179949
0.0021206355,0.08231561,0.87604743,0.039516293,2,44250,1272908482
0.0032493134,0.10608693,0.7983818,0.0922819,2,44250,1403117425
0.010559047,0.09605219,0.3828032,0.5105856,2,44250,1409350560
0.9743456,0.025255924,0.0002516879,0.00014673028,0,44351,46550501
0.9872185,0.012693278,7.356745e-05,1.4629453e-05,0,44351,358586616
0.9927933,0.0069692633,0.00014118405,9.624014e-05,0,44351,539448152
0.9472483,0.052193377,0.0004601631,9.823968e-05,0,44351,575216402
0.95064396,0.047643933,0.0014264848,0.0002856187,0,44351,587258764
0.99283046,0.006814239,0.000254728,0.00010060751,0,44351,1974129105
0.96236914,0.037308697,0.00025214418,7.00618e-05,0,44351,58555269
0.9670224,0.02957184,0.0024074337,0.0009983014,0,44351,381072284
0.8849521,0.102984406,0.010498718,0.0015647177,0,44351,834579126
0.7466856,0.25049552,0.0023345798,0.00048428707,0,44351,1135818329
0.98757464,0.012344948,5.9660433e-05,2.0730913e-05,0,44351,1508460269
0.929322,0.06419165,0.0045768027,0.0019095116,0,44351,2010877088
0.97525275,0.024625374,0.000108896944,1.3017524e-05,0,4441,185312870
0.40134597,0.5941144,0.0038360697,0.0007034965,0,4441,842648797
0.91051507,0.08862516,0.0007266614,0.00013304471,0,4441,2044220738
0.91813564,0.08109182,0.00064797,0.00012461115,0,4441,44615053
0.69615084,0.30186442,0.001738534,0.00024624847,0,4441,342062970
0.84889,0.14993432,0.0010372675,0.00013839593,0,4441,938266289
1.8212557e-05,3.1065545e-05,0.013467093,0.98648363,3,44445,98101342
6.1474325e-06,9.049654e-06,0.009263316,0.99072146,3,44445,1055516735
3.9389895e-05,9.1419584e-05,0.036738645,0.96313053,3,44445,1613217583
2.1250344e-05,1.39486e-05,0.006625235,0.9933395,3,44445,1004869295
1.9236779e-05,3.3541855e-05,0.030560682,0.9693866,3,44445,1447775435
6.535374e-05,0.06217538,0.9363823,0.001377042,2,44509,574566410
2.6386131e-05,0.1272418,0.87239033,0.00034149073,2,44509,952008705
4.9358256e-05,0.066289134,0.932991,0.0006704942,2,44509,2055973298
0.00011879546,0.16730367,0.8323386,0.00023898658,2,44509,277290392
0.00024360229,0.13034153,0.86873,0.0006848584,2,44509,1986484694
0.2607045,0.72284794,0.015942242,0.00050532434,0,44620,211794072
0.44895536,0.53875196,0.011015844,0.0012768588,0,44620,679041631
0.5261363,0.4658038,0.007086902,0.0009730694,0,44620,1249816493
0.6387859,0.35448593,0.0058577047,0.0008705148,0,44620,1690091470
0.5264541,0.46487436,0.007925137,0.0007464492,0,44620,287771242
0.70361435,0.29514334,0.0011682379,7.404934e-05,0,44620,368476385
0.38310203,0.60434616,0.011825325,0.0007265143,0,44620,1417488620
0.008220648,0.785563,0.20390728,0.00230904,1,44626,335168542
0.019815069,0.87421185,0.10482836,0.0011447277,1,44626,2020585648
0.0034057049,0.7015765,0.29415694,0.0008608318,1,44626,454009062
0.007837897,0.45585918,0.524717,0.011585926,1,44626,1988104905
0.014433372,0.6186652,0.3624795,0.004421858,1,44628,477109328
0.036106028,0.7600505,0.19197044,0.011873071,1,44628,1261971780
0.02649449,0.6139734,0.3305517,0.0289804,1,44628,1663596331
0.023161702,0.6663252,0.30427268,0.0062404633,1,44628,688991850
0.01610655,0.5728453,0.39613324,0.014914894,1,44628,1171765221
0.006938617,0.32831794,0.6448696,0.019873833,1,44628,1558326698
0.00039920866,0.04700486,0.94555974,0.0070361304,2,44630,683867566
0.00028878156,0.13272999,0.86613905,0.000842159,2,44630,1414874429
0.000678192,0.4284733,0.57053673,0.0003118542,2,44630,96899273
6.9030124e-05,0.22072883,0.7790826,0.000119631055,2,44630,512604599
0.0004929768,0.11594448,0.87672096,0.0068416335,2,44630,721038084
0.09470886,0.8767763,0.02835489,0.00015990481,1,44633,191076630
0.23338035,0.76094615,0.005464173,0.00020934231,1,44633,859341355
0.48749435,0.5029134,0.007973483,0.0016186929,1,44633,861985717
0.20510988,0.7505515,0.042533174,0.0018053374,1,44633,761549134
0.27246475,0.7196061,0.007790761,0.00013832725,1,44633,1690145883
0.2260096,0.7578026,0.015782308,0.00040554954,1,44633,1977510548
0.36786482,0.6028491,0.02685633,0.002429775,1,44672,401923268
0.08681465,0.86804336,0.044144806,0.0009970837,1,44672,1175661097
0.13725966,0.8293531,0.03152271,0.0018644994,1,44672,292914901
0.47186336,0.5022422,0.024379939,0.0015144368,1,44672,1825303177
0.1557166,0.7901106,0.052435957,0.0017368098,1,44713,896681548
0.26198986,0.6689295,0.058991708,0.010088943,1,44713,1374634535
0.15006515,0.7903717,0.057944037,0.0016190684,1,44713,1479865152
0.066841,0.8794909,0.052822005,0.00084611756,1,44713,79614836
0.005680926,0.89952034,0.09460642,0.00019233901,1,44713,546163593
0.23276877,0.71332115,0.0477392,0.006170828,1,44713,1389588126
0.00022226035,0.034624312,0.9531544,0.011999049,2,44718,308613206
0.0012085504,0.059961118,0.92324454,0.015585844,2,44718,992435488
0.001276721,0.0913325,0.8965503,0.010840409,2,44718,1916211574
0.0035522718,0.041260447,0.8378055,0.117381856,2,44718,676532310
0.00060055964,0.017490113,0.83998436,0.14192495,2,44718,933967594
0.00035434548,0.019659067,0.95922756,0.020759074,2,44718,1119059011
0.000932652,0.8003758,0.19861408,7.740327e-05,1,44914,632907550
0.052591793,0.82140785,0.12328525,0.0027151308,1,44914,1573226709
0.012726126,0.6763999,0.3087634,0.0021106042,1,44914,1451373199
0.012153319,0.8775858,0.10990232,0.00035855576,1,44914,1800010426
0.0071236165,0.80847967,0.18337612,0.0010205379,1,44914,2004995569
0.0026463056,0.34530333,0.6476559,0.004394437,2,4495,344316613
0.03272418,0.3356403,0.42737287,0.20426272,2,4495,548873936
0.016966887,0.54074883,0.43904504,0.0032392044,2,4495,687028243
0.33692303,0.42265135,0.17852716,0.06189851,2,4495,734382581
0.61693245,0.29994747,0.065011285,0.018108865,2,4495,1158650504
0.004864937,0.5421038,0.45243853,0.00059275795,2,4495,584116194
0.004087995,0.5958444,0.39921162,0.0008560571,2,4495,629061606
0.0007802982,0.31840226,0.68044513,0.00037222906,2,4495,987439651
0.08346933,0.61259013,0.3004972,0.0034433918,2,4495,1455094597
0.0005252573,0.0821848,0.90237045,0.014919488,2,44996,744721083
0.00035735135,0.031530194,0.9277648,0.040347725,2,44996,1080733527
0.013409615,0.49989632,0.45855814,0.028135905,2,44996,1280962104
0.0010302563,0.62077796,0.37719628,0.0009954845,2,44996,1253768893
0.00010892947,0.059247263,0.93707526,0.0035684851,2,44996,2019603006
0.023452885,0.30611932,0.6440979,0.02632989,2,4510,301724007
0.002127765,0.3322763,0.6600356,0.005560382,2,4510,1992446938
0.042249016,0.36915073,0.50676084,0.08183941,2,4510,392596534
0.005527833,0.45937383,0.5315254,0.0035729979,2,4510,708837098
0.9739396,0.025801834,0.00020879752,4.9775044e-05,0,45127,328619960
0.84537065,0.1541663,0.00037236518,9.0702284e-05,0,45127,406505807
0.8550744,0.14400934,0.0007972202,0.00011905987,0,45127,1292165216
0.9669795,0.03280685,0.00018892677,2.4770787e-05,0,45127,1622722991
0.9709589,0.028790928,0.00019506627,5.5110348e-05,0,45127,1755510930
0.6463366,0.35262945,0.00096743373,6.651285e-05,0,45127,124284476
0.925672,0.074155785,0.0001506632,2.162416e-05,0,45127,229819130
0.9211749,0.07802087,0.00067088386,0.00013340273,0,45127,649562584
0.8490918,0.14809868,0.0025378745,0.00027161505,0,45127,875837307
0.98334104,0.016483998,0.00015843725,1.642544e-05,0,45127,1271239514
0.0055837347,0.6709143,0.3232502,0.00025179508,2,4513,329783878
0.008112211,0.79636383,0.19537698,0.00014709453,2,4513,1793481026
0.002409583,0.3033773,0.6937876,0.0004255526,2,4513,1470082991
0.0035952446,0.6107197,0.38558283,0.000102188154,2,4513,1543202055
0.87638944,0.12325958,0.00028469285,6.6263965e-05,0,45274,248194422
0.998825,0.0011628439,7.0503775e-06,5.1626002e-06,0,45274,767052364
0.9906731,0.009310458,1.0502617e-05,5.860155e-06,0,45274,2041967808
0.97465545,0.025249355,5.7147776e-05,3.8076432e-05,0,45274,1068240302
0.9781738,0.021742636,6.277146e-05,2.0880134e-05,0,45274,1228541655
0.98334473,0.016574021,6.731765e-05,1.3962921e-05,0,45274,1332935387
0.0024039298,0.7165904,0.2807802,0.00022548548,2,45645,1598929186
0.003988192,0.5581509,0.43740377,0.00045715037,2,45645,1625771617
0.0005481979,0.687973,0.31132576,0.00015306173,2,45645,288208945
0.0027397575,0.64938927,0.34663114,0.0012397458,2,45645,777521763
0.2769603,0.67792815,0.044205263,0.00090623193,1,4571,1040518018
0.101457275,0.85464936,0.042753804,0.0011395855,1,4571,1902064050
0.21666074,0.7469887,0.031544153,0.0048064007,1,4571,1464890918
0.39578688,0.56344813,0.039222397,0.0015425946,1,4571,1468358873
0.023692738,0.7831527,0.19255361,0.00060093746,1,45827,181226232
0.014885405,0.6262512,0.35687003,0.0019933858,1,45827,862632154
0.0051162243,0.7375096,0.25708583,0.00028837816,1,45827,884972201
0.19482003,0.7254365,0.07561034,0.00413305,1,45827,339192897
0.21068297,0.7481638,0.03779323,0.003359982,1,45827,1077505318
0.25709724,0.7014895,0.0371642,0.004248985,1,45827,1385369408
9.8006225e-05,9.521818e-05,0.014178717,0.9856281,3,45854,957960408
2.6853645e-06,7.7512084e-07,0.00031705608,0.99967945,3,45854,1564332573
0.0009346962,0.007112174,0.324997,0.6669562,3,45854,1042435098
2.1044742e-05,2.157329e-05,0.014934847,0.9850225,3,45854,1633342503
1.1759581e-05,0.006323035,0.99110126,0.0025638498,2,45872,748328085
0.00016041423,0.040399235,0.9548328,0.004607647,2,45872,970739523
1.6458902e-05,0.019465305,0.979229,0.0012892317,2,45872,1649608192
0.00016564823,0.004525085,0.8444299,0.15087935,2,45872,740592640
2.4170577e-05,0.020973178,0.97791845,0.0010842924,2,45872,1549418879
0.00013332783,0.008096682,0.9147345,0.07703553,2,45872,1981485950
7.662708e-05,0.04192442,0.95650685,0.0014921613,2,4590,220530271
8.558788e-05,0.063826285,0.9353027,0.0007853682,2,4590,1887218883
0.00015095831,0.07513234,0.92350286,0.0012138846,2,4590,23302241
3.6293393e-05,0.030528728,0.9678996,0.0015353222,2,4590,969496136
0.000776613,0.014735741,0.84187555,0.14261217,2,4590,1742849228
0.00064832554,0.08819714,0.8967215,0.014432992,2,45961,857445485
0.00063925004,0.10003229,0.8826813,0.016647184,2,45961,1745274991
0.00066122273,0.054565195,0.89875317,0.046020318,2,45961,592895081
0.00076674216,0.2994995,0.69828755,0.0014461445,2,45961,992213579
0.06658944,0.90964866,0.02335652,0.0004053629,1,46034,276758163
0.03333925,0.82901794,0.13617004,0.00147268,1,46034,498589643
0.025994236,0.89770603,0.07574926,0.000550441,1,46034,2108755790
0.0042175143,0.8510892,0.14451137,0.00018196419,1,46034,85156076
0.012135836,0.786202,0.20107347,0.000588648,1,46034,911642383
0.0050681066,0.6807229,0.31319344,0.0010155938,1,46034,1526043893
0.11675605,0.7098925,0.16897126,0.0043802243,1,46037,1429642320
0.14665557,0.7472677,0.10420378,0.0018729519,1,46037,1957381832
0.2222083,0.68401843,0.090058826,0.003714481,1,46037,2086209123
0.13009319,0.82043755,0.04842804,0.0010412197,1,46037,324334825
0.47286046,0.48024768,0.045227624,0.0016642658,1,46037,1906856933
0.00028391014,0.014375543,0.93562853,0.04971208,2,4610,1297033170
3.844192e-05,0.010159198,0.9760917,0.013710747,2,4610,1820501035
0.00035318825,0.0024644383,0.6167501,0.38043222,2,4610,1300782469
4.09332e-05,0.009222518,0.9722642,0.018472351,2,4610,1617434807
0.0023976725,0.6862019,0.31049183,0.00090859685,2,4612,196101009
0.008113151,0.5808613,0.40070677,0.010318822,2,4612,1976743297
0.015997427,0.7196159,0.258541,0.0058457004,2,4612,811273627
0.0016295256,0.431561,0.56490177,0.0019076791,2,4612,1265449274
0.0020339286,0.6422094,0.35564741,0.00010922713,1,46131,58385849
0.0017107137,0.58655435,0.41080242,0.00093252363,1,46131,1155403279
0.0002718802,0.26845863,0.73117393,9.55483e-05,1,46131,686877772
0.00010907743,0.11949265,0.88001394,0.00038428523,1,46131,1177734048
0.34704903,0.6482425,0.0043227356,0.00038574092,1,46144,102776745
0.3034359,0.68808734,0.007455905,0.0010208279,1,46144,112792357
0.5932444,0.40419212,0.0022265245,0.00033695943,1,46144,742667423
0.23932344,0.75748736,0.002980887,0.00020834705,1,46144,2000075758
5.5264703e-05,7.2554896e-05,0.008362754,0.99150944,2,46199,31750642
0.00018806338,0.0010895142,0.0329289,0.9657935,2,46199,1008624406
0.009083741,0.16430116,0.3635064,0.4631087,2,46199,1089598723
0.0009167013,0.003754443,0.12981386,0.86551505,2,46199,1922639302
0.001456184,0.036791477,0.7991228,0.16262949,2,46199,1939511129
0.003261214,0.008223713,0.02104827,0.96746683,2,46199,768279864
0.00077923463,0.010218672,0.22222324,0.7667788,2,46199,1407605386
0.0036431395,0.010499658,0.07228464,0.9135726,2,46199,1500319573
0.0001577268,0.0022947728,0.18945685,0.80809057,2,46199,1537569211
0.00023044113,0.00300127,0.25326285,0.7435054,2,46199,2059794915
0.00021342246,0.13473573,0.8640903,0.0009605216,2,46205,138259483
0.0005906961,0.3860911,0.6129556,0.00036261682,2,46205,408252868
0.0003628709,0.38554183,0.613754,0.00034127894,2,46205,195346104
0.0013582425,0.43501002,0.5633911,0.00024068973,2,46205,1940038509
0.72858953,0.26026884,0.009605474,0.0015361396,1,46378,621383230
0.569657,0.31550953,0.09848385,0.01634964,1,46378,775701720
0.7481598,0.22777706,0.018107401,0.0059557264,1,46378,1464512490
0.6395228,0.3149459,0.04269358,0.0028376798,1,46378,1471734395
0.6096209,0.3763826,0.011995479,0.0020009917,1,46378,344404358
0.65803653,0.31269407,0.025877241,0.0033922081,1,46378,589051949
0.7307826,0.22588536,0.03770363,0.005628356,1,46378,716522031
0.60859776,0.31042933,0.073009275,0.007963648,1,46378,1868440827
0.00021576759,0.059489824,0.93682504,0.003469378,2,46495,497288760
0.00011146873,0.039831486,0.95476943,0.005287627,2,46495,1433564676
0.00023582751,0.07159195,0.91180116,0.016371073,2,46495,2117155118
4.853194e-06,0.022830235,0.97691953,0.00024525722,2,46495,1586014311
0.000237218,0.18101886,0.81764233,0.0011015793,2,46495,1751742838
0.00015434079,0.32883045,0.6705413,0.00047397052,2,46495,2126140267
0.00010139149,4.534642e-05,0.0011299825,0.9987232,3,46517,1982913019
0.0097702695,0.006557435,0.064854205,0.9188181,3,46517,2117430328
0.00044076153,0.0005913385,0.032083508,0.96688443,3,46517,92975394
0.00021950698,5.472393e-05,0.0050187795,0.9947069,3,46517,2015389131
0.0043849694,0.1867016,0.7559284,0.052985042,2,46581,64536519
0.009657402,0.18775176,0.7742849,0.02830596,2,46581,1217810182
0.00038395915,0.17242783,0.82513386,0.0020543516,2,46581,155437172
0.003955688,0.103287056,0.85969025,0.033067085,2,46581,1789114019
0.02160191,0.42426997,0.5507951,0.0033330221,1,4659,898286003
0.074114405,0.44036084,0.41837192,0.067152835,1,4659,1244500533
0.02160191,0.42426997,0.5507951,0.0033330221,1,4659,1693306484
0.01958465,0.33601433,0.6063514,0.038049612,1,4659,1894742089
0.014313935,0.37186378,0.60558087,0.008241407,1,4659,1899676803
0.10306513,0.36032227,0.39442924,0.14218336,1,4659,2072317700
0.13840063,0.38848785,0.44184512,0.031266365,1,4659,715218932
0.14236662,0.2948414,0.38368627,0.17910577,1,4659,745295770
0.0665015,0.38495967,0.49416062,0.05437828,1,4659,1474777147
0.15346423,0.26149306,0.44745785,0.1375848,1,4659,1589743222
0.046074767,0.4879026,0.45987248,0.0061501833,1,4659,1755258626
0.073708825,0.86758703,0.057240285,0.0014638841,1,46590,220246128
0.5737625,0.41146666,0.012329504,0.0024414058,1,46590,901405962
0.16734482,0.78092295,0.049371544,0.0023606503,1,46590,1012142224
0.1154757,0.85074216,0.032747407,0.0010347592,1,46590,1690031901
0.00015719513,0.0002529175,0.083826974,0.9157629,2,46633,1318489565
4.8435188e-05,0.00021045467,0.33866948,0.6610716,2,46633,2115688981
3.079775e-05,0.000106909814,0.116274625,0.88358766,2,46633,625923537
5.7237747e-05,5.8820395e-05,0.020309735,0.9795742,2,46633,797628969
0.00027987713,0.00040696413,0.09146378,0.90784943,2,46633,976689977
0.08585159,0.8328284,0.07874989,0.0025702065,1,46642,1284237962
0.09792681,0.814593,0.08228952,0.005190648,1,46642,1367195015
0.06108851,0.715169,0.22207718,0.0016652544,1,46642,1781669759
0.15469076,0.7652117,0.07625525,0.0038422842,1,46642,674917059
0.030360343,0.8885902,0.080785275,0.0002641545,1,46642,1700246383
0.0031265647,0.17130221,0.7307314,0.094839826,2,46654,792145108
0.0028172801,0.33819872,0.5992521,0.05973189,2,46654,1306126023
0.0012576908,0.040545866,0.6794975,0.2786989,2,46654,416043419
0.0010854679,0.11437265,0.8486108,0.03593107,2,46654,513376042
0.00010602086,0.0033735845,0.93670934,0.05981103,2,46693,408114198
3.613678e-05,0.002667202,0.95963794,0.037658673,2,46693,1607949560
0.0012909943,0.012420113,0.7924505,0.19383843,2,46693,1263514328
1.0761561e-05,0.008033745,0.9896808,0.002274711,2,46693,1355147169
0.000119466815,0.0023359691,0.3836075,0.613937,2,46707,765827894
0.0001749061,0.0020529833,0.37492397,0.62284815,2,46707,897377175
0.00018115669,0.003878387,0.8585569,0.13738354,2,46707,921695598
0.0002325446,0.0017950548,0.32390013,0.67407227,2,46707,1880676611
0.000111599475,0.0009266006,0.48366553,0.51529634,2,46707,2087349000
0.00017771625,0.076449424,0.9178234,0.0055495487,2,46715,318517059
5.6767618e-05,0.031301796,0.96673524,0.0019062097,2,46715,520113129
0.00083898666,0.053891975,0.9191051,0.026164021,2,46715,1135673284
0.00045281902,0.046985522,0.9345314,0.018030167,2,46715,1386454717
5.512268e-05,0.08200151,0.9168616,0.0010818294,2,46715,2053437137
0.008192304,0.77189463,0.21953349,0.0003795418,1,46798,500620576
0.008729214,0.79763746,0.19102259,0.0026106662,1,46798,1935713984
0.009117791,0.7959155,0.19421118,0.0007555253,1,46798,1975228555
0.011081306,0.9428538,0.045677852,0.0003870259,1,46798,2020168889
0.00013066642,0.04703674,0.9466388,0.006193714,2,46859,1183891057
2.587904e-05,0.007666566,0.9850612,0.007246359,2,46859,1419208541
0.00010807148,0.025087722,0.96814626,0.006657964,2,46859,1939683955
3.6338668e-05,0.07076597,0.92857075,0.00062699174,2,46859,1036605095
0.000114922164,0.07544231,0.9217188,0.0027239874,2,46859,1240382996
1.8868059e-05,0.04086897,0.9582897,0.0008225224,2,46859,1996646436
0.0014683487,0.66137695,0.33694786,0.00020681506,1,46869,132553609
0.0042862813,0.075346,0.42378128,0.4965864,1,46869,1032469706
0.020007221,0.30194056,0.57592845,0.102123804,1,46869,1351850050
0.005390417,0.6546462,0.33947435,0.0004890141,1,46869,1393385188
0.0025927746,0.64933705,0.34784552,0.0002246328,1,46869,280296053
0.007971687,0.27769652,0.66347915,0.050852593,1,46869,1588109418
0.0011204225,0.77621657,0.22193493,0.00072815357,1,46869,1675286246
0.002456855,0.3223103,0.67049026,0.0047426047,1,46869,2045576725
0.1302703,0.7647467,0.10322208,0.0017608509,1,46891,152699952
0.060017437,0.8640113,0.07550862,0.00046270678,1,46891,224161413
0.26597756,0.6534827,0.07806667,0.0024730277,1,46891,646991203
0.070061326,0.64891124,0.27969137,0.0013360851,1,46891,1453260042
0.023345456,0.8403025,0.13547967,0.00087242026,1,46891,86376448
0.09995721,0.86162794,0.037695855,0.0007189678,1,46891,1399284670
0.05225014,0.9193784,0.027867382,0.0005040341,1,46891,1533464084
0.086164705,0.80730516,0.10518141,0.0013487086,1,46891,1582377272
0.026132286,0.90076226,0.07264619,0.0004592203,2,46896,186618064
0.032722935,0.8800196,0.086905874,0.0003516085,2,46896,2142365084
0.0024021757,0.76192945,0.2355602,0.00010820187,2,46896,363905671
0.013148843,0.84535635,0.14132707,0.00016767596,2,46896,1482121559
0.22486255,0.74054545,0.032968596,0.0016234225,1,46999,312938452
0.09922847,0.8226604,0.07408639,0.0040247226,1,46999,571528877
0.32635093,0.63797086,0.033031233,0.0026470218,1,46999,1210144459
0.7827865,0.21246597,0.00372231,0.0010252211,1,46999,1338188554
0.13639799,0.8311689,0.031591404,0.00084168493,1,46999,873232511
0.37529024,0.5960868,0.02714995,0.0014729538,1,46999,1133768186
0.067424655,0.76004916,0.1688848,0.0036413064,1,46999,1462078343
0.033942387,0.80065733,0.16031243,0.0050878096,1,46999,1617443109
0.0002951383,0.19501208,0.8040117,0.0006811436,2,47161,742649095
0.007849303,0.47591507,0.5113027,0.0049329265,2,47161,2007432535
0.00015012865,0.12750018,0.87105507,0.0012945693,2,47161,1911320228
0.0003071734,0.32335305,0.67601943,0.00032033474,2,47161,2000931970
0.0010271157,0.62792045,0.37083188,0.00022061123,1,47193,228831541
0.006937733,0.85458475,0.13828997,0.00018758532,1,47193,2078787387
0.00031526154,0.6560816,0.34356022,4.2935873e-05,1,47193,2106183004
0.0011658921,0.7652155,0.23359701,2.153502e-05,1,47193,796326296
0.0027323952,0.48744872,0.50943744,0.00038144403,1,47193,1555569551
0.0019100574,0.64928883,0.3486118,0.00018923015,1,47193,1809839582
0.004585901,0.79487145,0.20030946,0.00023314758,1,47193,2047203893
0.7049191,0.28789943,0.006255919,0.000925579,0,47281,707012561
0.9173812,0.08138,0.0010235653,0.00021515295,0,47281,1032098407
0.72839516,0.25913903,0.010786676,0.0016791339,0,47281,1718970572
0.35285136,0.6295617,0.013830421,0.0037564659,0,47281,1858265358
0.4240506,0.5743842,0.0011153597,0.00044988946,0,47336,194237109
0.53744864,0.45967174,0.0018999617,0.0009797005,0,47336,2015531689
0.7687438,0.23089558,0.00024433446,0.00011622415,0,47336,1990483963
0.36330158,0.6306977,0.004311839,0.0016889125,0,47336,2140318404
0.0016685578,0.5096067,0.48863003,9.470419e-05,1,47357,973091251
0.014941567,0.7360455,0.24775559,0.0012573977,1,47357,1316171094
0.0027625207,0.5966496,0.4004756,0.000112320464,1,47357,1116253218
0.011704141,0.5331525,0.45435745,0.0007858924,1,47357,1617369528
0.013440749,0.585827,0.39932796,0.0014042279,1,47357,1754515516
0.0061156475,0.63073343,0.36187413,0.0012768118,2,47427,179620803
0.0064744228,0.7743414,0.2187177,0.00046640256,2,47427,311993666
0.013915044,0.7266011,0.25821078,0.0012730319,2,47427,871918689
0.006163716,0.5388868,0.453254,0.0016954205,2,47427,243205963
0.002185938,0.5702556,0.4272728,0.00028567214,2,47427,335355149
0.004240266,0.70296234,0.29251263,0.0002847296,2,47622,277328709
0.004197333,0.6768776,0.3187101,0.00021494062,2,47622,981554845
0.0011431953,0.13179296,0.86002946,0.0070342994,2,47622,1072354802
0.0010116084,0.56330967,0.43512422,0.0005544978,2,47622,1295378269
0.002411222,0.7698051,0.22767459,0.00010907172,2,47622,1527437283
0.0009484661,0.51243,0.48555475,0.0010668027,2,47622,2003042502
0.0014563592,0.038231917,0.8993567,0.060954917,2,47656,1233544430
5.59854e-05,0.018566651,0.97610676,0.0052706515,2,47656,1567331492
0.0003430601,0.02459176,0.9302752,0.044790007,2,47656,2084979719
3.556476e-05,0.0068524866,0.9911329,0.0019790912,2,47656,60913321
2.4988627e-05,0.013145517,0.9859547,0.00087476656,2,47656,66049836
0.00069923495,0.12786956,0.8689371,0.0024941852,2,47656,1188029809
1.3361911e-05,0.018092133,0.98176825,0.000126209,2,47656,2109352661
0.0045679407,0.715233,0.27935737,0.00084166613,1,47676,1032365992
0.00017080102,0.4093464,0.5903115,0.00017130643,1,47676,1639596975
0.0065599945,0.7217382,0.2705544,0.0011474403,1,47676,502910215
0.00017046917,0.28922367,0.70949996,0.0011058319,1,47676,2024701543
0.00011124477,0.023330454,0.97425735,0.0023009316,2,47678,654136762
3.15821e-05,0.008074476,0.99095047,0.0009434525,2,47678,1186812914
0.00017738553,0.054042235,0.944104,0.0016763539,2,47678,1604272700
0.00015217876,0.08801159,0.9114193,0.0004168881,2,47678,1848088344
4.8402297e-05,0.11146979,0.88826746,0.00021433055,2,47678,315179886
1.5538972e-05,0.008471637,0.98975265,0.0017601533,2,47678,723701567
0.00015372568,0.06118125,0.9355412,0.003123809,2,47678,810717147
0.000711589,0.005722279,0.46442708,0.52913904,2,47678,1676964662
0.00021964924,0.049406495,0.9275326,0.022841189,2,4772,473736916
0.00020502627,0.0015190433,0.6280811,0.37019485,2,4772,1447513219
0.00012612977,0.00060789566,0.2893595,0.7099065,2,4772,263157263
0.0001481588,0.008150775,0.871333,0.12036811,2,4772,305262831
0.003884626,0.77119905,0.22471689,0.00019952071,1,47725,458677402
0.015616676,0.7729059,0.21073785,0.0007396154,1,47725,1549086518
0.0028545603,0.56921947,0.42722556,0.0007003966,1,47725,477593121
0.00290187,0.3709318,0.6251355,0.0010308044,1,47725,1482312526
0.009229862,0.7940671,0.19585161,0.0008514762,2,47790,1535843824
0.0052272645,0.8526235,0.14185053,0.000298755,2,47790,1831620141
0.09882588,0.7765774,0.12076248,0.0038341766,2,47790,118521349
0.0027504452,0.79424965,0.20277895,0.00022099318,2,47790,1112058852
0.00851787,0.62818754,0.36247495,0.00081960985,1,47794,62126923
0.0035006537,0.4300679,0.5662731,0.0001582718,1,47794,1890208864
0.00072993804,0.4527922,0.54576933,0.0007085882,1,47794,515330003
0.0006815536,0.2819024,0.7169684,0.00044765245,1,47794,1291644410
0.00025166268,0.43392286,0.56544596,0.0003795071,1,47794,2142591939
0.0021147656,0.8064908,0.19094338,0.00045104715,1,47884,1144847844
0.0005933495,0.74859947,0.25071675,9.039844e-05,1,47884,1901091541
0.0033812239,0.83067244,0.16571929,0.00022704912,1,47884,18346689
0.0002081148,0.50789326,0.49177527,0.00012333904,1,47884,186126169
0.094004214,0.88264817,0.021938805,0.0014088182,1,47886,81084636
0.043642752,0.8204889,0.13339771,0.002470576,1,47886,1222611990
0.019640634,0.8362069,0.14285646,0.0012959401,1,47886,2047501247
0.018948887,0.9281027,0.052604806,0.00034360943,1,47886,888078527
0.074395336,0.84735775,0.07661548,0.0016313998,1,47886,1545739642
0.001087072,0.6724677,0.32630554,0.00013964517,2,47994,832566361
0.0017683196,0.7982617,0.19973065,0.0002393617,2,47994,884847784
0.005762432,0.8234631,0.170168,0.00060650095,2,47994,687318493
0.0059204823,0.9181418,0.07568525,0.0002524554,2,47994,1048747086
0.0003276667,0.012972181,0.8588938,0.12780637,2,48209,1653187084
0.0003259022,0.113254145,0.8827295,0.003690539,2,48209,1979917104
8.2481776e-05,0.010275594,0.9738975,0.015744485,2,48209,1184596174
0.00029036123,0.05772744,0.9306933,0.011288894,2,48209,1789773361
0.00013176556,0.061729457,0.9348472,0.0032916332,2,48209,1897483964
0.007206231,0.04575509,0.55420274,0.39283597,2,48214,210887322
0.0074191988,0.18611588,0.6726431,0.13382173,2,48214,1531969713
0.0035929345,0.12335987,0.810374,0.062673144,2,48214,2064732798
0.010555007,0.27072528,0.55082244,0.16789724,2,48214,373241958
0.0022151798,0.2844686,0.7067893,0.006526884,2,48214,508220360
0.03540307,0.6304817,0.3256223,0.008492943,2,48214,1868785476
0.9921234,0.007845793,2.476543e-05,6.0044645e-06,0,48238,999201277
0.9399349,0.05984107,0.0001750318,4.8955895e-05,0,48238,1694393251
0.9800016,0.019989137,8.072316e-06,1.2372321e-06,0,48238,1712498930
0.9333575,0.06652311,8.641114e-05,3.3027572e-05,0,48238,222869939
0.9254776,0.07360282,0.0007453696,0.00017418228,0,48238,1537154261
0.043752417,0.84527135,0.109302185,0.0016741263,0,4827,117374091
0.1747356,0.79844576,0.02521444,0.0016042258,0,4827,1254942452
0.32163924,0.63435894,0.039539445,0.0044623106,0,4827,2046823046
0.064128235,0.79074895,0.14248532,0.0026374827,0,4827,683615017
0.03413895,0.9316839,0.033748392,0.00042874584,0,4827,715251570
0.0077508087,0.011241195,0.17171411,0.80929387,2,48314,266844320
0.004968481,0.008491157,0.058576245,0.9279642,2,48314,558984132
0.006367993,0.023892073,0.35244665,0.61729324,2,48314,1038128422
0.0002203752,0.00022427767,0.020912996,0.97864246,2,48314,1886894169
0.015212046,0.85414654,0.12928413,0.0013573174,2,48352,751869031
0.0055291066,0.5464206,0.44600898,0.0020412775,2,48352,1364161892
0.15964659,0.701076,0.13074334,0.008534176,2,48352,1703975009
0.012828236,0.8658672,0.120769784,0.0005347423,2,48352,1773949240
0.10531585,0.83681923,0.055947393,0.0019174893,2,48352,1884296769
0.12604669,0.8575559,0.015896173,0.00050118176,1,48396,520249910
0.31723574,0.668073,0.012253828,0.0024374307,1,48396,896213834
0.024265911,0.831814,0.14343047,0.0004896781,1,48396,1123284567
0.022106389,0.88168496,0.09466516,0.0015434296,1,48396,1424754270
0.034337357,0.8573873,0.10460654,0.0036687644,1,48396,1495785366
0.00037983936,0.001130187,0.11452499,0.883965,3,4859,416486551
0.0016194198,0.008911275,0.23142481,0.7580445,3,4859,582462898
0.00088195986,0.007412457,0.09327773,0.89842784,3,4859,635390130
0.00018035527,0.00037780424,0.015729358,0.98371243,3,4859,1643298745
0.062062792,0.8561062,0.080031805,0.0017992565,1,48596,317527744
0.043412372,0.91053927,0.045570422,0.00047788487,1,48596,844917725
0.1379014,0.79202217,0.06768553,0.0023909188,1,48596,163975340
0.08879074,0.87235576,0.03796648,0.0008869142,1,48596,197548465
0.1770752,0.71387565,0.105670035,0.003379118,1,48596,1683210912
0.001205546,0.40657148,0.5917873,0.0004356839,2,48624,972332603
0.009945186,0.5330776,0.45555288,0.0014243633,2,48624,1763877265
0.009639602,0.6804926,0.30953956,0.0003282906,2,48624,75924591
0.0043193414,0.76237243,0.2331565,0.00015167124,2,48624,395470901
0.15069696,0.8062147,0.041425254,0.0016631611,1,4865,1580087550
0.30764955,0.6546642,0.034819823,0.0028663701,1,4865,1668840015
0.3813374,0.5843018,0.030703226,0.003657536,1,4865,331420620
0.24255127,0.74485683,0.012211591,0.00038026206,1,4865,1808060892
0.00025457438,0.0638653,0.9268589,0.009021183,2,48655,42291075
0.000695742,0.18157998,0.81426257,0.0034617018,2,48655,579511981
6.1854975e-05,0.00030562803,0.30361947,0.696013,2,48655,474234140
8.4320396e-05,0.021705117,0.9698169,0.008393725,2,48655,1029707464
0.17322138,0.8122672,0.013952855,0.0005585639,1,48678,711827034
0.054070067,0.8293664,0.11522542,0.0013380802,1,48678,1805704331
0.461634,0.5325404,0.0052453987,0.00058024126,1,48678,696030934
0.23030704,0.75357026,0.01566841,0.00045432235,1,48678,1606046372
0.00055897457,0.023030562,0.9001605,0.07625003,2,4876,1319337578
0.00072136335,0.02971559,0.8580344,0.11152876,2,4876,1424731129
0.0019626152,0.024137454,0.6806544,0.29324555,2,4876,1939356551
0.00058060786,0.046499487,0.9168263,0.036093585,2,4876,2138330844
0.0008954552,0.061181925,0.8991246,0.03879806,2,4876,8977029
0.0006070558,0.12713818,0.8653152,0.006939515,2,4876,792520108
0.04765265,0.90354145,0.04833662,0.00046931,1,49020,1309042956
0.008751444,0.9125303,0.07857086,0.00014743207,1,49020,1352114614
0.045455206,0.8836733,0.07005688,0.00081456016,1,49020,1404451163
0.06624806,0.8805099,0.049551476,0.0036905778,1,49020,863721443
0.13072285,0.83327824,0.035205904,0.0007930185,1,49020,1299851146
0.005328524,0.7100053,0.28019592,0.0044702855,1,49035,132469315
0.0019696655,0.6977396,0.29993832,0.00035237573,1,49035,1651089496
0.0019856293,0.67411417,0.32343265,0.00046757108,1,49035,191610276
0.0028886795,0.7203224,0.27634436,0.00044465275,1,49035,825419986
0.0007901432,0.64185715,0.35709357,0.0002591672,1,49035,1747440026
0.00016191832,0.013506119,0.80197746,0.1843545,2,49038,105719874
0.0011387636,0.14425188,0.83174044,0.022868903,2,49038,1072328550
0.00059301057,0.35916325,0.6385429,0.001700937,2,49038,374003184
0.0004731335,0.26197588,0.7354019,0.0021490424,2,49038,1506941619
0.016874662,0.67326325,0.3088007,0.0010614643,2,49087,748462681
0.015889533,0.67757475,0.3048201,0.0017156387,2,49087,1291900606
0.0048225033,0.6734344,0.32116085,0.00058224634,2,49087,1833339766
0.0006370741,0.38166907,0.6175176,0.0001762793,2,49087,110920192
0.0014511896,0.20552173,0.79249156,0.0005355492,2,49087,141000891
0.0013527392,0.19267142,0.80021745,0.0057583735,2,49087,1902640084
0.0019834132,0.027156796,0.8384348,0.13242501,2,49229,1413433721
0.0031028287,0.069966465,0.800303,0.12662767,2,49229,1754477417
0.002183554,0.08126947,0.8860832,0.030463824,2,49229,1895587313
0.0013679806,0.037655424,0.81997955,0.14099704,2,49229,2045981778
0.007859231,0.79511154,0.1963902,0.00063907803,1,49238,288533335
0.0055888607,0.6038572,0.38843155,0.0021224183,1,49238,1043092471
0.0010318017,0.6014002,0.39729324,0.0002747007,1,49238,1246100166
0.0055587413,0.90171707,0.09267971,4.445852e-05,1,49238,1086585224
0.0042274334,0.516757,0.47746244,0.0015531373,1,49238,1150334561
0.007897907,0.72418135,0.26577392,0.0021468396,1,49238,1645482989
0.048112504,0.81597024,0.13467956,0.0012376799,1,49239,964476493
0.0043679173,0.798592,0.19696692,7.319777e-05,1,49239,1512902664
0.19030938,0.7984662,0.010273876,0.0009505194,1,49239,38907908
0.01685393,0.76389706,0.2185805,0.0006684585,1,49239,1016462923
0.10839167,0.8134176,0.074592724,0.0035979778,1,49239,1279955424
0.03259538,0.89213234,0.07506024,0.00021203693,1,49239,1767858198
0.028100131,0.92280453,0.04864245,0.0004529135,1,49315,577437181
0.105789244,0.86584395,0.027574053,0.0007926921,1,49315,811252244
0.09313611,0.8738581,0.031672988,0.0013327888,1,49315,359330570
0.34400386,0.64649665,0.008863777,0.00063563505,1,49315,637833530
0.114713356,0.8542614,0.03025061,0.00077462656,1,49315,1181499478
0.14980799,0.8434101,0.0063933097,0.00038861475,1,49315,1996932209
0.89135396,0.1079281,0.00048675924,0.00023114757,0,49373,167542879
0.935303,0.060793333,0.0011485934,0.002755101,0,49373,1731301527
0.90448177,0.09505205,0.00037149637,9.4759496e-05,0,49373,1800413239
0.83981156,0.15980425,0.00029099477,9.316224e-05,0,49373,2000715408
0.8182459,0.18115173,0.00052969484,7.266325e-05,0,49373,131107232
0.83036065,0.16758092,0.001346589,0.0007118155,0,49373,1686039778
0.812533,0.18646188,0.00075572584,0.00024935434,0,49373,1795136096
0.47811285,0.5068202,0.013031603,0.0020353685,1,49448,493562754
0.22447158,0.7595115,0.015210592,0.00080633117,1,49448,800098415
0.34672582,0.63825387,0.013702955,0.0013173147,1,49448,1716506903
0.13948925,0.7751461,0.083889425,0.0014751094,1,49448,307582055
0.018185798,0.8482677,0.13330396,0.00024257018,1,49448,416482273
0.028852617,0.8705662,0.09994187,0.00063929165,1,49448,434068700
0.07875992,0.85993814,0.060358696,0.00094318314,1,49451,108769354
0.18104148,0.7778871,0.039836287,0.0012350713,1,49451,769204621
0.067658186,0.9160217,0.016070012,0.000250079,1,49451,885926789
0.27637362,0.7101991,0.012405035,0.0010222181,1,49451,520993830
0.32173064,0.6562868,0.021125562,0.00085697253,1,49451,540413655
0.11949254,0.8344218,0.045102533,0.0009830396,1,49451,667858738
0.0039103813,0.7280849,0.26720664,0.0007980803,2,49494,911523142
0.00032938897,0.2896146,0.70993793,0.000118153774,2,49494,1087866039
0.00015309664,0.154109,0.8455196,0.00021824782,2,49494,2007558068
0.0010059158,0.55821943,0.44064015,0.00013447936,2,49494,27329393
0.0002650516,0.40716538,0.5923257,0.00024382492,2,49494,149437769
0.0012814109,0.5617527,0.43668944,0.00027642233,1,49520,53051201
0.0005676583,0.36033478,0.6386107,0.0004868138,1,49520,1918243536
0.0022918237,0.582263,0.4147238,0.0007213992,1,49520,767878280
0.0033670363,0.27114236,0.72261596,0.002874647,1,49520,1226438258
0.023545418,0.73827296,0.2371313,0.001050319,1,49531,714200024
0.03465534,0.8580139,0.106549874,0.0007808826,1,49531,1260671654
0.002422787,0.6872732,0.30959094,0.0007130624,1,49531,398673756
0.008295175,0.80931324,0.1816252,0.00076643564,1,49531,1627731414
0.0013731957,0.52343094,0.47379616,0.00139968,1,49544,480013410
0.0007748775,0.35330445,0.6448903,0.0010303995,1,49544,1487871325
2.4805011e-05,0.24819602,0.75173014,4.8955866e-05,1,49544,1767809081
0.0024041662,0.4011815,0.592799,0.0036153365,1,49544,771117532
0.0021321557,0.36576065,0.62239724,0.009709986,1,49544,1055124540
0.00024495096,0.06371791,0.9312128,0.0048242635,1,49544,1157939294
0.0006153814,0.11002629,0.87939024,0.009968142,1,49544,1559236552
0.026681717,0.84120667,0.13130301,0.00080857205,1,49600,280522990
0.026477471,0.88005835,0.09312102,0.00034314013,1,49600,555453917
0.02294443,0.89505035,0.081447944,0.0005572324,1,49600,1109041950
0.16664726,0.7487605,0.080734074,0.0038581574,1,49600,817154069
0.23249304,0.72300863,0.043753624,0.0007446487,1,49600,1502219344
0.08716113,0.868822,0.043579273,0.00043759472,1,49600,1969245487
0.0037161019,0.7726976,0.22226799,0.0013182544,2,49622,600796174
0.024031255,0.84730506,0.1273826,0.0012810741,2,49622,1940056065
0.0071331603,0.7840979,0.20792131,0.0008476325,2,49622,357732876
0.004119622,0.77829,0.2171249,0.00046543736,2,49622,1406901490
0.009035118,0.83798647,0.1524222,0.0005561737,2,49622,1967282195
7.443978e-05,0.010024661,0.9798839,0.010017005,2,49767,153034100
0.00028492115,0.0024383895,0.46245733,0.5348193,2,49767,613422005
0.000114009505,0.047742568,0.94323164,0.008911794,2,49767,162317216
0.0001397847,0.002973311,0.93425435,0.062632605,2,49767,1368852838
0.16363053,0.7013048,0.13323699,0.001827684,1,49777,381847277
0.1063706,0.8507307,0.04234171,0.00055698684,1,49777,1363483120
0.041670404,0.89345837,0.06451239,0.00035887703,1,49777,24423771
0.060596764,0.87975055,0.059227105,0.0004255983,1,49777,64381320
0.001182048,0.7955085,0.20326425,4.514448e-05,1,49823,364053761
0.0019150546,0.80184674,0.19598055,0.00025772618,1,49823,1601037653
0.005851705,0.8865756,0.107380696,0.0001919975,1,49823,1699387011
0.0028893559,0.90127724,0.095776275,5.719215e-05,1,49823,2001588769
0.00025815357,0.6423635,0.3573246,5.3802356e-05,1,49823,1534716792
0.005442568,0.74488175,0.2481273,0.0015484132,1,49823,2027174243
0.006776494,0.8479934,0.14473593,0.0004941817,1,49823,2083547147
0.2004204,0.78903043,0.010061106,0.00048811504,1,49927,582859757
0.84149516,0.15753613,0.0007834828,0.00018525035,1,49927,1464062737
0.60082686,0.3892048,0.007614967,0.0023533544,1,49927,1344758129
0.61588377,0.38267353,0.0013830345,5.9597303e-05,1,49927,1489949772
0.0006748553,0.45088324,0.54760784,0.000834088,1,49970,951397334
0.0018496321,0.37683427,0.6129418,0.008374278,1,49970,1866219756
0.0024976789,0.6848528,0.31083483,0.0018147776,1,49970,143345804
0.0019688476,0.5367339,0.45905772,0.0022395006,1,49970,1309010950
0.0035617147,0.6658613,0.32946238,0.0011146198,1,49970,1342712431
0.0074663116,0.76270634,0.22957525,0.00025213932,2,5007,410194683
0.0096969735,0.6018129,0.38686725,0.0016229039,2,5007,572109969
0.00033667442,0.65281016,0.34679115,6.200566e-05,2,5007,199491114
0.0096143475,0.73106956,0.25897038,0.00034576663,2,5007,232360569
0.0001553743,0.27173808,0.7276369,0.0004696939,2,50122,1001346938
0.00013774278,0.046363503,0.947293,0.006205804,2,50122,1243988074
0.00028713807,0.06290958,0.9281443,0.008659039,2,50122,1290333551
9.9715515e-05,0.03205306,0.96133465,0.006512595,2,50122,1456268043
0.00020436145,0.14714612,0.8515992,0.0010503592,2,50122,2069756139
0.05157271,0.8151312,0.13242193,0.00087419327,1,50196,1629262336
0.43192774,0.55835754,0.009297499,0.00041725682,1,50196,1841521592
0.35171545,0.6309465,0.01659909,0.000739008,1,50196,1043016858
0.05218323,0.89762795,0.049326908,0.0008618916,1,50196,1104880884
0.1779463,0.5057499,0.29249778,0.023805998,1,50203,643148078
0.02038896,0.52597815,0.42305613,0.030576734,1,50203,1424223949
0.0010001801,0.4245883,0.57294595,0.0014655577,1,50203,1440962950
0.11930795,0.8038161,0.0754105,0.001465453,1,50203,1533446931
0.0036940223,0.6646324,0.33109963,0.00057394174,1,50203,1079316539
0.04559944,0.7294493,0.22421221,0.0007391067,1,50203,1429171658
0.04374981,0.7748328,0.17920476,0.0022126578,1,50203,1731597086
0.102411926,0.87465966,0.02160371,0.0013246776,2,50226,315223421
0.057878755,0.92046016,0.021274272,0.0003867838,2,50226,1653228545
0.0038130288,0.91408896,0.08172626,0.00037176092,2,50226,1221175000
0.010380968,0.84976393,0.13902928,0.0008257724,2,50226,1496027627
0.002522326,0.1017728,0.8556441,0.040060684,2,50277,1722481849
0.0013521861,0.01588526,0.61380005,0.36896253,2,50277,1914562391
0.00016237282,0.021998802,0.9530289,0.0248099,2,50277,487885274
0.0008426332,0.017097466,0.76727974,0.21478023,2,50277,1812386878
0.0046166778,0.81748337,0.17769079,0.00020915359,2,50324,135607796
0.0052615115,0.82970256,0.16470009,0.00033584767,2,50324,1523223203
0.0028431404,0.77508885,0.22176984,0.00029812695,2,50324,34933994
0.0019974033,0.72575897,0.27200463,0.0002390663,2,50324,1190776815
0.008210498,0.17253593,0.67005044,0.14920312,2,50336,129080910
0.0016918425,0.25506878,0.73536354,0.0078757815,2,50336,1769001041
0.0034072208,0.52264786,0.4720662,0.0018787439,2,50336,2010922251
0.0011500936,0.13143882,0.8492043,0.018206809,2,50336,119391257
0.006860365,0.42527467,0.56112474,0.0067402003,2,50336,753309024
0.0005426364,0.111975186,0.8765654,0.010916801,2,50336,1212425486
0.05659801,0.8369713,0.10473616,0.0016945952,1,50365,386466156
0.05069525,0.89438677,0.05411492,0.0008030349,1,50365,551414149
0.036149886,0.8994322,0.063802026,0.0006159576,1,50365,1188446114
0.024807272,0.9498594,0.025007173,0.00032624317,1,50365,1607892226
0.019919284,0.92266876,0.05655162,0.00086036586,1,50365,92464373
0.05968731,0.9066398,0.0330098,0.00066306425,1,50365,120457184
0.029647063,0.9438658,0.02624899,0.00023822785,1,50365,1533980621
0.06823418,0.92525166,0.0063133934,0.0002007443,1,50365,1600961917
0.9813937,0.018537063,5.4760112e-05,1.452218e-05,0,5039,1004837620
0.9945285,0.0054514683,1.3722743e-05,6.2618415e-06,0,5039,1067917700
0.98103195,0.018884799,5.950486e-05,2.3689498e-05,0,5039,1319114894
0.9618544,0.037301376,0.00068619,0.00015810064,0,5039,1791033919
0.9802398,0.019692311,4.8623035e-05,1.92329e-05,0,5039,424484851
0.9837805,0.01619363,1.7475415e-05,8.346828e-06,0,5039,1121926672
0.9913694,0.0085649565,4.0950497e-05,2.465742e-05,0,5039,1219210632
0.98059803,0.018984277,0.00038890325,2.8796085e-05,0,5039,1454766283
0.9781674,0.021585925,9.541368e-05,0.00015134699,0,5039,2088636243
0.22878997,0.76163375,0.008845357,0.00073089043,1,50441,1172397689
0.5472938,0.4444181,0.0069253333,0.0013627183,1,50441,1915946067
0.070602134,0.90039736,0.028431442,0.0005690648,1,50441,1005245973
0.30948916,0.6770818,0.012021946,0.0014069813,1,50441,1619308848
0.024021389,0.8405348,0.13467507,0.00076877966,1,50464,589521696
0.011963883,0.88253975,0.10507148,0.00042495632,1,50464,1839842119
0.015509667,0.80266136,0.18035883,0.0014702299,1,50464,328237079
0.22580257,0.7462466,0.027391916,0.00055896404,1,50464,606936776
0.020243876,0.7888418,0.19016597,0.00074841856,1,505,322793737
0.000622325,0.76840436,0.23085985,0.00011353236,1,505,553389745
0.023099089,0.8119693,0.16412334,0.00080828316,1,505,977323070
0.0019972005,0.7790662,0.21884999,8.655395e-05,1,505,1653075296
0.004522106,0.7768892,0.21823871,0.0003499901,1,50525,712281988
0.004478097,0.7166821,0.27868837,0.0001514992,1,50525,1223435698
0.002029487,0.6567695,0.34104213,0.0001589604,1,50525,1030795178
0.0024997438,0.6099656,0.387137,0.00039765897,1,50525,1998419036
0.955105,0.044558734,0.00019132334,0.00014503043,0,50788,608715672
0.9815623,0.018232599,0.00011532498,8.979592e-05,0,50788,1653576481
0.89826185,0.100190535,0.001103564,0.00044406537,0,50788,289935797
0.96658206,0.03299931,0.00029151,0.00012715843,0,50788,1430953541
0.588167,0.402203,0.007859488,0.0017705144,0,50992,65317929
0.76294804,0.2350507,0.0012770365,0.0007242829,0,50992,692670382
0.8301599,0.1695443,0.00023971146,5.6136505e-05,0,50992,198752395
0.8608778,0.13840577,0.0006080875,0.00010837214,0,50992,1456458607
0.00019797,0.1567781,0.84260195,0.00042197242,2,51003,1031763900
8.480977e-05,0.025354998,0.9657845,0.008775623,2,51003,1755235860
0.0001994382,0.029251024,0.9503054,0.020244254,2,51003,193251039
3.0547995e-05,0.021470647,0.9779472,0.00055160007,2,51003,248659246
0.0015573134,0.22677583,0.7689022,0.0027647167,2,51003,1582356675
0.13609295,0.8322672,0.031324748,0.0003150859,1,51015,991586959
0.5400464,0.44834176,0.00830178,0.0033100108,1,51015,1167996586
0.10777548,0.8794569,0.012664499,0.00010318443,1,51015,1245607851
0.12938015,0.8326508,0.037229676,0.0007393875,1,51015,895535976
0.23635012,0.7198151,0.04107104,0.002763827,1,51015,1153883567
0.87678224,0.1200947,0.0026750856,0.00044797923,0,5106,1031470114
0.71874213,0.27927256,0.0016373023,0.00034805769,0,5106,1821058661
0.46363404,0.50625485,0.022202963,0.007908203,0,5106,184975903
0.5299671,0.46754637,0.002365186,0.00012131564,0,5106,1456690571
0.045690425,0.9019764,0.05202709,0.00030598728,1,51062,600749
0.013461129,0.9391241,0.04732891,8.58939e-05,1,51062,1116697962
0.06267685,0.912683,0.024588546,5.1683513e-05,1,51062,1316967841
0.009341437,0.7970155,0.19352897,0.00011415379,1,51062,249115612
0.0042164205,0.9180607,0.077692196,3.0638126e-05,1,51062,1320923892
0.021160606,0.80417204,0.1740693,0.000598105,1,51062,2121106712
0.008908763,0.79860336,0.1922759,0.00021188798,2,51064,360831180
0.0065139877,0.6640574,0.32900235,0.00042628444,2,51064,1323821362
0.058441423,0.77200544,0.1683214,0.0012317372,2,51064,98911936
0.02717461,0.6610951,0.30915046,0.0025799042,2,51064,1363002626
0.0032242995,0.5101085,0.48549783,0.0011694144,2,51064,2005533360
0.00043832502,0.6550427,0.34448376,3.5247504e-05,2,51091,476922095
0.00037727482,0.32338813,0.6761218,0.00011274656,2,51091,1616512746
0.0006832038,0.17356513,0.8252207,0.0005308893,2,51091,396011329
0.0006911995,0.2863237,0.7127636,0.00022152528,2,51091,1357908885
0.0007545119,0.3822002,0.61695606,8.924647e-05,2,51091,1825223741
0.9383006,0.056726433,0.0044544945,0.0005184852,0,51199,160022046
0.910608,0.088741876,0.0005760243,7.422835e-05,0,51199,462013469
0.95847446,0.040507067,0.0008843882,0.00013407963,0,51199,420018454
0.9277319,0.071402915,0.00069132756,0.00017388635,0,51199,2041203740
0.0003814245,0.0016598002,0.18658362,0.81137514,3,51249,728853152
1.6361928e-05,2.9393863e-05,0.03356179,0.9663924,3,51249,1277126591
0.00011541643,0.00046564973,0.18879887,0.81062,3,51249,284144844
0.00017956365,0.000634853,0.09158801,0.90759754,3,51249,816901275
3.6796355e-05,0.13109812,0.86875194,0.00011315088,2,51290,22208211
0.0023720267,0.10138586,0.8880967,0.008145445,2,51290,45290837
0.000735343,0.14259647,0.85589385,0.0007743584,2,51290,1381544393
0.00039616434,0.067863256,0.92684704,0.0048935115,2,51290,879714140
4.8222177e-05,0.086026326,0.9137759,0.00014949743,2,51290,1518032154
0.019764049,0.7924508,0.1874107,0.0003745088,1,51424,741242221
0.005174831,0.4721206,0.52135015,0.0013544436,1,51424,1172557860
0.0039515235,0.37934992,0.6159407,0.0007578168,1,51424,490909969
0.030530537,0.8416539,0.12738736,0.0004281892,1,51424,1696189851
5.647411e-05,0.00037467183,0.10883502,0.8907338,3,51498,416079519
0.0001611707,0.0007993856,0.2670183,0.73202115,3,51498,1239539367
0.00014067805,0.0015118101,0.3089818,0.6893656,3,51498,235064489
8.932135e-05,0.00058245263,0.16311468,0.8362135,3,51498,274766802
2.4402952e-05,8.410147e-05,0.07869382,0.92119765,3,51498,1481006643
0.054773774,0.91700494,0.02806833,0.00015291819,1,51582,262991367
0.007417867,0.93149436,0.061024055,6.371423e-05,1,51582,330632117
0.053289235,0.89806426,0.048278954,0.00036756246,1,51582,492521589
0.05598187,0.89657176,0.046906065,0.0005402725,1,51582,1042298188
0.24910747,0.74029195,0.01005726,0.0005432451,1,51582,102513107
0.24216312,0.7496372,0.007864346,0.00033541166,1,51582,1390392947
0.26682097,0.7012375,0.03056228,0.001379201,1,51888,66230901
0.10366079,0.87198174,0.023887657,0.0004698897,1,51888,551605508
0.32953256,0.6481891,0.021327553,0.00095084775,1,51888,2005004938
0.5567946,0.4232681,0.017242048,0.0026952263,1,51888,933017897
0.17382734,0.80108607,0.02326455,0.0018220934,1,51888,1724306410
0.00044297628,0.023200601,0.9101774,0.066179015,2,51921,542282040
0.0013353173,0.00093845866,0.05428899,0.9434372,2,51921,1578152398
0.0002283914,0.0003699413,0.07333999,0.92606163,2,51921,780860894
0.0011458492,0.01828941,0.71509016,0.26547456,2,51921,1868397328
0.014429323,0.89180905,0.09361916,0.0001425059,2,52054,632354556
0.0020244725,0.7884552,0.20928767,0.00023271296,2,52054,1265831668
0.007207091,0.7488995,0.24366437,0.00022895854,2,52054,812626202
0.0024690507,0.72701466,0.27026,0.00025627206,2,52054,1611455685
0.020295927,0.84393334,0.13453922,0.0012315224,2,52110,166921148
0.007867979,0.9428533,0.04915028,0.00012844428,2,52110,1827949177
0.01623047,0.9496474,0.033864386,0.00025763133,2,52110,1044205645
0.15962946,0.76680535,0.067404,0.006161224,2,52110,1772175426
0.20156269,0.73667574,0.056962207,0.004799413,1,52204,1356906117
0.035090346,0.8542161,0.10951171,0.0011818844,1,52204,1595965072
0.010116646,0.6633969,0.3190477,0.00743881,1,52204,1286798279
0.14500144,0.77296805,0.07673605,0.0052944524,1,52204,1558142909
0.00011948174,0.0010017372,0.3965814,0.6022973,3,52327,49479916
4.1377123e-05,0.00018200412,0.16001423,0.8397624,3,52327,2019571336
0.0001792904,0.0056849457,0.8659266,0.1282091,3,52327,336597994
2.9465837e-05,0.00029166145,0.20479432,0.7948845,3,52327,1266936818
0.26236248,0.7234549,0.012068538,0.0021140897,1,52395,1275580181
0.6523893,0.34598324,0.0014490633,0.00017841291,1,52395,2050576617
0.34993282,0.64892447,0.001033751,0.00010894699,1,52395,686456002
0.22455534,0.7671411,0.007164531,0.0011390427,1,52395,1460465821
0.01953008,0.15691173,0.46665317,0.356905,1,52569,160497604
0.005229999,0.3197415,0.66632545,0.008703079,1,52569,1090253267
0.0048481585,0.5856113,0.40784308,0.0016974362,1,52569,1565693389
0.00047299935,0.19345085,0.8048566,0.001219533,1,52569,1795439668
0.0027356546,0.34666595,0.6456047,0.0049937395,2,526,1570301663
0.00043143178,0.42616013,0.57322437,0.00018398874,2,526,1990021306
5.3358566e-05,0.34830788,0.6515446,9.4184325e-05,2,526,618047602
0.00037385002,0.6178161,0.38157716,0.00023294061,2,526,978068785
0.0007265694,0.38067672,0.61832476,0.0002719717,2,52602,631431506
0.00016157377,0.49289733,0.5069015,3.9562743e-05,2,52602,2073630559
0.00013179175,0.46086514,0.5389867,1.6399064e-05,2,52602,11625129
0.00034968604,0.21065816,0.7885247,0.00046750874,2,52602,1436800091
0.00035819891,0.52172667,0.47773102,0.00018418692,2,52602,2138201888
0.006049479,0.87676245,0.11711222,7.590532e-05,2,5275,1060786293
0.01814413,0.81871843,0.1625793,0.0005581404,2,5275,1575759769
0.04340674,0.9328263,0.023577118,0.00018989986,2,5275,163712089
0.014407928,0.67759454,0.30689135,0.0011062006,2,5275,1392485816
0.0017927813,0.3148397,0.6827196,0.00064788957,2,5275,1557043883
0.010556372,0.70260334,0.2861211,0.000719209,2,5275,1689473813
0.80934054,0.18701692,0.0033008289,0.00034180182,1,52805,180456227
0.844955,0.15432708,0.0005999596,0.00011797343,1,52805,991826226
0.72239375,0.2758069,0.0015151179,0.0002842948,1,52805,1424265937
0.9413003,0.058454257,0.00022997493,1.5630883e-05,1,52805,450794974
0.95054865,0.049101662,0.00030637474,4.3334076e-05,1,52805,610398635
0.86830133,0.1313826,0.00026512129,5.0942283e-05,1,52805,1475531444
0.003298241,0.6143179,0.38168365,0.0007002304,2,52965,504091603
0.0007809251,0.6206429,0.37845105,0.00012509633,2,52965,1526826874
0.104285166,0.5108533,0.3704106,0.014450977,2,52965,1282102075
0.010860561,0.86963904,0.11914304,0.00035736556,2,52965,1442282120
0.19413666,0.7324927,0.07037438,0.002996335,1,53037,35238999
0.010141003,0.89639896,0.09302536,0.00043469243,1,53037,1264741887
0.005670439,0.7826672,0.21142033,0.00024200586,1,53037,1835861506
0.16523364,0.78965455,0.04439561,0.0007161285,1,53037,125508889
0.25191507,0.680239,0.06549273,0.0023531914,1,53037,749856585
0.009738628,0.7910565,0.19867495,0.000529855,2,53076,496152989
0.0045960597,0.46178,0.53129107,0.0023328345,2,53076,1760643962
0.0017338007,0.66557515,0.33231074,0.00038025196,2,53076,2067837446
0.0023971933,0.40208566,0.59245616,0.0030610259,2,53076,1506436408
0.007218803,0.38959116,0.5976362,0.0055538304,2,53076,2139509365
0.5205048,0.4611386,0.016140362,0.0022162287,1,53098,541722404
0.5305935,0.4668853,0.002297414,0.0002237722,1,53098,1489090796
0.17202047,0.8086142,0.019160606,0.00020475766,1,53098,365314161
0.27724501,0.6916146,0.028373158,0.002767167,1,53098,1378859942
0.27724501,0.6916146,0.028373158,0.002767167,1,53098,1578358172
0.0006256912,0.42904973,0.5699242,0.00040046225,2,53115,147232633
0.0010193045,0.18780775,0.80575013,0.005422871,2,53115,892587620
0.0015448675,0.4009539,0.5969401,0.0005610598,2,53115,1903183388
0.0017523043,0.0056920117,0.28333855,0.70921713,2,53115,252882987
0.0074648145,0.050416697,0.7008266,0.24129196,2,53115,1471445488
4.436877e-05,0.0755431,0.9236054,0.00080716395,2,53132,768557566
0.00032050067,0.017216472,0.9464587,0.036004316,2,53132,1306525928
7.609565e-05,0.040178105,0.9548167,0.004929003,2,53132,58984109
0.0008971428,0.20385736,0.7933875,0.0018579375,2,53132,715640364
0.008152553,0.4338869,0.5574105,0.00055005884,2,53407,766154436
0.0026985654,0.5920146,0.40498596,0.0003008239,2,53407,1177968581
0.0018077412,0.4977754,0.5002118,0.00020507867,2,53407,796035584
0.0020582548,0.43232015,0.56489307,0.0007285468,2,53407,1828755227
0.0001451255,0.00063261023,0.17166482,0.8275574,2,53422,646504957
2.47072e-05,0.00026564466,0.32783425,0.67187536,2,53422,1596725877
4.2641073e-05,0.00018404638,0.11248047,0.8872928,2,53422,1031491623
6.383348e-05,0.000111078036,0.05572703,0.9440981,2,53422,1655321019
1.3585406e-05,2.5176523e-05,0.0165739,0.98338723,2,53422,1756701915
0.00036157755,0.002762063,0.27360943,0.7232669,3,53470,367022075
0.011137444,0.053483065,0.32177088,0.61360866,3,53470,1563682938
0.00049316016,0.0011514743,0.09348207,0.9048733,3,53470,829650969
0.0017133151,0.00764779,0.22508048,0.76555836,3,53470,1663571485
0.0009230446,0.0038518317,0.11554854,0.8796766,3,53470,1837610159
0.00047047887,0.5620691,0.4373672,9.329752e-05,2,53504,94276721
0.00013732069,0.52703774,0.47271553,0.00010938476,2,53504,1384766927
0.00073549367,0.44977316,0.54936,0.000131377,2,53504,360022859
6.5921005e-05,0.36113113,0.6387645,3.8448085e-05,2,53504,386371370
0.0001094481,0.27872527,0.7209856,0.00017969708,2,53504,1253044845
0.00021419437,0.19484936,0.8034596,0.0014769069,2,53715,157131570
0.00018597108,0.022540592,0.86119664,0.11607689,2,53715,1762965244
0.0005665028,0.2095576,0.78583014,0.004045786,2,53715,835461992
0.0002361512,0.34998724,0.64927006,0.00050655723,2,53715,1030045768
0.0001575537,0.0036848467,0.4338121,0.56234545,2,5374,23230570
0.001194286,0.05999878,0.9092978,0.02950903,2,5374,1432368419
7.777369e-05,0.01883375,0.9593911,0.021697385,2,5374,207960631
0.0005079856,0.009951773,0.86738384,0.12215633,2,5374,1490173839
0.0007520405,0.6363058,0.36280024,0.00014189474,1,53852,220998651
0.0052409032,0.59960467,0.39469668,0.00045780442,1,53852,800544231
0.0018526989,0.6476121,0.35027397,0.0002612581,1,53852,1921735263
0.0052264687,0.7251253,0.26872566,0.0009225763,1,53852,29403298
0.028098391,0.71799916,0.2501932,0.003709331,1,53852,539098281
0.02275156,0.9502573,0.026072003,0.00091910764,1,53890,775599145
0.029538877,0.93726194,0.032849025,0.00035019126,1,53890,1274360944
0.023226157,0.77780825,0.19727075,0.0016948943,1,53890,1468946431
0.0056138835,0.8568902,0.13701415,0.00048175023,1,53890,111266080
0.01042522,0.85979736,0.12936164,0.00041576545,1,53890,1023583630
0.016297538,0.7676428,0.21327461,0.002784989,1,53890,1249367543
0.0065595047,0.8136202,0.17894223,0.00087805174,1,53914,323390209
0.0075663114,0.786485,0.20382713,0.0021215205,1,53914,1485999469
0.00058387127,0.90108067,0.09816171,0.00017373852,1,53914,1861106378
0.004058197,0.71243143,0.28042915,0.0030811774,1,53914,239791638
0.005672271,0.6399729,0.34953585,0.0048189936,1,53914,1322150089
0.011053227,0.3066987,0.62908196,0.053166144,1,53914,1366126104
0.00093250483,0.04601995,0.8686164,0.0844311,3,53920,1053758504
0.00092515873,0.029336814,0.68777937,0.28195873,3,53920,1821887404
0.00018524754,0.0031631065,0.5002707,0.4963809,3,53920,1914244344
3.2943775e-05,0.00028734267,0.21391682,0.78576285,3,53920,1149113033
0.0005036382,0.007326639,0.5461217,0.44604796,3,53920,1887875341
0.00033386765,0.0035388474,0.3500365,0.6460908,3,53920,2064344831
0.0122032985,0.86425894,0.12331771,0.0002200588,2,54009,217777843
0.07370429,0.898891,0.026197886,0.0012068084,2,54009,545810030
0.0060173008,0.7811068,0.21267878,0.0001970354,2,54009,17131061
0.043694943,0.8825328,0.07263166,0.0011406677,2,54009,688632165
0.00043956583,0.82862395,0.1708947,4.1811272e-05,1,54052,123132135
0.06841873,0.862424,0.06800955,0.0011476713,1,54052,881547173
0.002474944,0.8814739,0.115862414,0.00018871207,1,54052,418249095
0.01734935,0.8926802,0.088597685,0.001372711,1,54052,953148041
0.014183108,0.8232724,0.16146858,0.001075919,1,54052,1413428512
0.06449131,0.12572333,0.36880353,0.4409819,2,54082,521214599
0.0040239235,0.01978914,0.35638872,0.6197982,2,54082,1870904223
0.0096610915,0.73897904,0.25008833,0.0012715473,2,54082,941988480
0.0053402735,0.7237894,0.2643641,0.006506322,2,54082,1124010986
0.10106097,0.87995267,0.018565733,0.00042065312,1,5415,1663736972
0.054664876,0.7851376,0.15740845,0.0027890496,1,5415,1802761162
0.07917044,0.84113824,0.076679125,0.0030121151,1,5415,81571228
0.046703205,0.9087588,0.043281056,0.0012569685,1,5415,1329859881
0.061372645,0.8971353,0.040974546,0.0005175133,1,5415,1575339164
0.0012145838,0.4957684,0.50264996,0.00036703126,2,54165,334806544
0.004453502,0.6623484,0.33258882,0.0006092071,2,54165,1435328125
0.08288711,0.30789837,0.5485854,0.0606291,2,54165,46355472
0.022579933,0.2227726,0.74329674,0.01135072,2,54165,1447877777
0.0019746907,0.18092857,0.81327045,0.0038263008,2,54165,1490351078
0.00011410802,0.00030594165,0.12155397,0.878026,2,54397,710680984
0.00037447317,0.0012393943,0.42057776,0.5778084,2,54397,1875993007
7.697717e-05,0.0001743795,0.07378397,0.92596465,2,54397,893417744
0.000107317544,0.00026867425,0.054287784,0.94533616,2,54397,1186334284
0.00010878754,0.0002219346,0.106197156,0.893472,2,54397,2137610634
0.24268651,0.7519379,0.0052383826,0.0001372468,0,5449,857145558
0.32605752,0.6650631,0.008218325,0.0006610398,0,5449,945423304
0.7636451,0.23355794,0.0022852488,0.00051172887,0,5449,223708738
0.46062574,0.5263573,0.012230847,0.0007861545,0,5449,1802788492
0.00012519893,0.38754165,0.6120534,0.00027971953,1,54511,1077611828
0.0033568724,0.5207508,0.46997318,0.005919099,1,54511,1940417598
0.0124260085,0.5664344,0.41190708,0.009232503,1,54511,486677805
0.0013392103,0.70919704,0.2890613,0.0004024931,1,54511,1600649846
0.24319826,0.73609346,0.01924879,0.0014595304,1,54575,1347764706
0.1203716,0.86988807,0.009445702,0.0002946213,1,54575,1701002627
0.52129143,0.46723604,0.008610414,0.0028620502,1,54575,332282652
0.13360459,0.8583062,0.0076252134,0.00046395097,1,54575,784747941
0.0059042946,0.91024345,0.08373809,0.00011420254,1,54748,815151014
0.021995971,0.8901668,0.08745739,0.00037978255,1,54748,1013382358
0.010969106,0.9201956,0.06866984,0.00016538973,1,54748,1595848442
0.09504326,0.7888784,0.11424701,0.0018313725,1,54748,921250296
0.016124915,0.8781818,0.105537556,0.00015562083,1,54748,2035568810
7.2587034e-05,0.2016812,0.7981849,6.1314335e-05,2,54816,458427195
0.00021785259,0.11531499,0.88399976,0.00046736805,2,54816,964512343
0.00036566905,0.047135204,0.9467984,0.0057007265,2,54816,435197796
0.00016454318,0.060867574,0.93787783,0.0010900145,2,54816,1434814136
0.00022091524,0.082141094,0.9164821,0.0011559533,2,54816,1770069930
0.61983746,0.3794103,0.0005433327,0.00020892578,1,54868,1391652103
0.5158847,0.4795784,0.0037116692,0.00082527695,1,54868,1960725744
0.65584594,0.34284756,0.0010336612,0.00027287225,1,54868,678940037
0.8866273,0.11267945,0.00043256508,0.00026059945,1,54868,1852083466
0.024069395,0.46295157,0.50650346,0.0064756027,1,54872,493851865
0.1263846,0.81697476,0.055097725,0.0015428961,1,54872,967113952
0.020688936,0.4881174,0.48374152,0.0074522053,1,54872,1629913290
0.0012416702,0.1076806,0.88588727,0.0051904484,1,54872,32897642
0.0017189244,0.18278536,0.8072369,0.008258745,1,54872,646871782
0.0015273008,0.18700777,0.80553865,0.005926248,1,54872,703997156
0.012065104,0.6880849,0.29422912,0.0056209005,2,54898,310752319
0.00092465524,0.56926906,0.42972398,8.224866e-05,2,54898,1174283248
0.003426306,0.7135123,0.2816161,0.0014453226,2,54898,980308729
0.00092302734,0.6477376,0.35116464,0.00017463499,2,54898,1916135217
0.000566715,0.5103993,0.4887248,0.00030927107,2,54898,2030907103
0.007119128,0.71707505,0.27557415,0.00023162569,1,54930,378870160
0.024205647,0.73797584,0.23663524,0.0011833127,1,54930,1291684717
0.0021504117,0.82128114,0.17648676,8.171536e-05,1,54930,1314799188
0.011692396,0.7554624,0.23230198,0.0005432232,1,54930,1501829050
0.003073294,0.49262556,0.5039962,0.00030499796,2,54931,931809721
0.001765303,0.14807335,0.84708446,0.003076888,2,54931,1359041408
0.0055496907,0.49072596,0.5031585,0.00056588923,2,54931,250868745
0.00021891753,0.16947137,0.8296172,0.00069247565,2,54931,1272716552
0.0010518407,0.21284574,0.7830738,0.0030286154,2,54931,1911769747
0.020033292,0.9149294,0.06442763,0.0006097113,1,55002,922533776
0.18868306,0.76583713,0.040883996,0.0045957877,1,55002,1146811927
0.14667943,0.7509473,0.094314866,0.008058363,1,55002,1689107965
0.06550563,0.87418175,0.058679372,0.0016332885,1,55002,100561005
0.0071510347,0.8154948,0.17663811,0.00071611523,1,55002,702907989
0.021386473,0.84200245,0.13483928,0.001771829,1,55002,957828394
0.08065719,0.7869005,0.12896363,0.0034786572,1,55002,1122354139
0.003978852,0.54448223,0.45139667,0.000142298,2,55013,434222438
0.0029719174,0.61720794,0.37941292,0.00040724536,2,55013,635714633
0.0043357513,0.8214192,0.17413422,0.00011082819,2,55013,971534367
0.07303459,0.7391649,0.1850904,0.0027101098,2,55013,1138603227
0.0021547514,0.6304013,0.36736083,8.313222e-05,2,55013,1947938552
0.0076484247,0.73322994,0.2573077,0.0018138695,2,55013,131314582
0.006637818,0.75389874,0.23932351,0.00013996026,2,55013,449803705
0.004944121,0.6175668,0.3767177,0.0007713705,2,55013,1958519903
0.000980474,0.42053092,0.5783399,0.00014873827,2,55013,2141064123
0.6295507,0.36629155,0.0038590275,0.00029873068,0,55120,7199158
0.7098796,0.28445068,0.004836129,0.00083363184,0,55120,622643338
0.6396253,0.3541501,0.005412596,0.00081202365,0,55120,1239837043
0.80164766,0.19412191,0.0035415597,0.00068883057,0,55120,1780204050
0.004263944,0.1320071,0.78141457,0.0823144,2,55132,1602220387
0.0005680163,0.06741945,0.91036415,0.021648357,2,55132,2040654498
0.00030859106,0.013848809,0.92217284,0.06366978,2,55132,1367458184
0.00091132254,0.04193976,0.90506583,0.052083086,2,55132,1876119531
0.36184052,0.6288076,0.008009818,0.0013420377,0,55184,1113648252
0.67429584,0.31718916,0.005595189,0.002919836,0,55184,1364701958
0.13482763,0.83076763,0.033888422,0.000516407,0,55184,266279018
0.3030742,0.61535895,0.057995204,0.023571601,0,55184,1210481967
0.030728783,0.8775839,0.09139202,0.00029527303,1,55191,62398555
0.022889785,0.80986017,0.16667226,0.00057775073,1,55191,220538113
0.032794453,0.8079149,0.15904307,0.00024757703,1,55191,1256101171
0.056649692,0.83989286,0.102885306,0.0005720559,1,55191,192191560
0.030726304,0.7890096,0.17969811,0.0005659299,1,55191,747739903
0.005040114,0.49491385,0.49983788,0.00020814363,1,55191,1559734963
0.03195248,0.7262853,0.24152385,0.00023835129,1,55191,1961677263
0.8683685,0.13073982,0.00072668085,0.00016498141,1,55263,955186928
0.4899645,0.5061484,0.0034273309,0.00045984506,1,55263,1044600079
0.4881888,0.4987077,0.011371212,0.0017322624,1,55263,260007321
0.8236807,0.17528985,0.0008477326,0.00018169089,1,55263,2061049150
0.258627,0.71358293,0.027300885,0.00048914796,1,55325,1040384880
0.024534203,0.9339533,0.04137805,0.00013450632,1,55325,1215477935
0.22203001,0.75544643,0.0220247,0.00049883145,1,55325,1148009299
0.23202032,0.7210728,0.045543157,0.0013637028,1,55325,1970419577
7.208826e-05,0.00011383453,0.024366856,0.97544724,2,55361,676450611
0.00813378,0.019543933,0.14829616,0.8240261,2,55361,1280856614
0.00020341077,0.0005110195,0.045205217,0.9540803,2,55361,1119780705
0.0011664066,0.010009068,0.40421793,0.5846066,2,55361,1159495900
0.18465224,0.7689752,0.043976262,0.0023963065,1,55538,10619420
0.037664838,0.90029097,0.061479095,0.0005650969,1,55538,630872211
0.08478266,0.844167,0.06953033,0.0015201026,1,55538,769598622
0.2411714,0.70877206,0.044688713,0.0053677796,1,55538,1185713542
0.00038117668,0.5184351,0.4809131,0.00027064787,1,55602,2645567
0.00019399266,0.18207432,0.8155858,0.0021459695,1,55602,1129654680
6.121219e-05,0.29423916,0.705624,7.5661395e-05,1,55602,2069515428
6.567228e-05,0.22161664,0.7781482,0.00016947323,1,55602,844521692
0.00036844428,0.09883617,0.8900615,0.010733923,1,55602,1348449037
0.00011138495,0.05356988,0.93321055,0.013108282,1,55602,2102974829
0.00015832769,0.26004705,0.73964286,0.00015168353,2,55822,127848813
0.00021414006,0.15460187,0.84489983,0.00028422676,2,55822,1514566268
0.00023640746,0.16842978,0.83019614,0.001137699,2,55822,430666
0.00059314474,0.46376237,0.53495485,0.0006896432,2,55822,1905286797
0.7917992,0.20601954,0.0015033984,0.0006778332,1,55837,282471894
0.983897,0.015541402,9.2068556e-05,0.0004695987,1,55837,1334778106
0.97181964,0.02811708,5.3827152e-05,9.376675e-06,1,55837,311881529
0.68833333,0.30980894,0.0013680402,0.00048970035,1,55837,1172933426
0.0014984173,0.04238719,0.7039232,0.25219113,2,55898,1053530035
4.244087e-05,0.046901777,0.95253134,0.00052448956,2,55898,1121898241
0.0002755864,0.025412066,0.9495952,0.024717169,2,55898,1219026770
6.645297e-05,0.03139491,0.9628704,0.0056682075,2,55898,938227703
0.00042830894,0.04088892,0.9372667,0.021416178,2,55898,1401085164
0.0008442885,0.013926317,0.84393233,0.14129712,2,55898,1545815360
5.8888778e-05,0.0005350437,0.16604683,0.83335924,2,56034,568993446
6.119229e-05,0.002583738,0.7847525,0.2126026,2,56034,1099777037
0.0003605151,0.0038165473,0.54185885,0.4539641,2,56034,2081086772
6.389804e-05,0.00810594,0.94923854,0.042591568,2,56034,93382884
3.5517354e-05,0.0024179919,0.8751685,0.122378066,2,56034,222617019
3.5916066e-05,0.0050526634,0.9575007,0.03741064,2,56034,255922607
0.00015106742,0.36641857,0.63333535,9.4998395e-05,2,56077,468804346
0.0004501446,0.5526273,0.4466902,0.00023228556,2,56077,1593800072
0.00065533986,0.59279126,0.4064296,0.000123821,2,56077,632322161
0.0009219918,0.59147006,0.40750107,0.00010683359,2,56077,1999664656
0.0072089564,0.5736092,0.4185447,0.00063719146,2,56077,2135843395
0.5700224,0.40437397,0.02245719,0.0031464167,1,56094,173417261
0.2015068,0.77693707,0.020631457,0.00092470297,1,56094,1147013362
0.17510225,0.71223694,0.1074578,0.005203008,1,56094,1026453349
0.19892094,0.7686014,0.02801365,0.0044640726,1,56094,2124377509
0.9470687,0.052851275,5.383158e-05,2.6152931e-05,1,56100,105423190
0.86821496,0.13095576,0.0006483542,0.00018094253,1,56100,2123185983
0.8438147,0.15557037,0.0004899139,0.00012511821,1,56100,2124025779
0.56327724,0.42925087,0.0068896483,0.0005822354,1,56100,1190628
0.8860883,0.11375399,0.00012920694,2.8511267e-05,1,56100,144004687
0.9857598,0.014097826,0.00012670786,1.5688789e-05,0,56103,66311621
0.70275724,0.28733167,0.00887645,0.001034637,0,56103,82838680
0.9371447,0.06163664,0.0010743155,0.00014434989,0,56103,1193185597
0.9249525,0.0743379,0.00054408476,0.00016553122,0,56103,1346654397
0.8382359,0.16034399,0.001236029,0.00018401652,0,56103,1886833513
0.0011138007,0.021043655,0.7533411,0.22450152,2,56107,179219986
0.0007100215,0.008783831,0.5171032,0.47340295,2,56107,2018146296
0.00015281148,0.0009571293,0.16583103,0.8330591,2,56107,1193923143
0.0038309842,0.04821918,0.5899695,0.35798025,2,56107,1535406528
0.0026948247,0.017130844,0.57004225,0.41013217,2,56153,811848718
0.00010301689,0.0057377093,0.95796126,0.036198013,2,56153,1527097949
0.0008561899,0.0036838949,0.3045859,0.690874,2,56153,2016898118
0.002087016,0.008965855,0.62610155,0.3628456,2,56153,288056200
0.0019244658,0.0039141453,0.18794139,0.80622,2,56153,1461556626
0.6433072,0.35013267,0.0032142804,0.003345847,0,56235,1304192010
0.75974065,0.14661114,0.006086568,0.08756168,0,56235,2052284610
0.99737453,0.0026106664,8.534164e-06,6.248935e-06,0,56235,463030585
0.97669345,0.023261147,3.5525958e-05,9.943089e-06,0,56235,596748437
0.92595154,0.07334349,0.00057791854,0.00012694455,0,56235,1013041885
0.0034562645,0.743062,0.25110412,0.0023775478,1,56262,1017924254
0.0072354856,0.80480933,0.18137683,0.0065784007,1,56262,1083134030
0.0098148035,0.7991697,0.18553944,0.005476043,1,56262,1976688597
0.02358233,0.794976,0.17876181,0.0026798947,1,56262,703793417
0.019876335,0.9303071,0.049427524,0.0003890176,1,56262,1391622519
0.08850289,0.5273638,0.17662068,0.20751268,1,56311,1216718171
0.10719097,0.8427152,0.041314337,0.008779464,1,56311,2113593457
0.12033255,0.787566,0.07306531,0.0190362,1,56311,873228459
0.0030083184,0.7161746,0.27943403,0.0013830579,1,56311,1863704935
0.0023867956,0.01846019,0.5151412,0.46401182,2,56425,811154538
0.0005271512,0.019269014,0.72715104,0.25305277,2,56425,2038027667
0.001523849,0.0099669555,0.51687706,0.47163212,2,56425,339123188
4.825875e-05,0.048318714,0.9509299,0.0007030984,2,56425,474117672
0.14599088,0.80181015,0.04181955,0.01037944,1,56434,72895575
0.08894171,0.8839089,0.025465595,0.0016837488,1,56434,1931683590
0.23462397,0.7465866,0.016314143,0.0024752663,1,56434,212470959
0.024680465,0.94982773,0.024336234,0.001155443,1,56434,1756551356
0.00010034436,0.049419563,0.94956034,0.00091980875,2,56526,912729699
0.000106796586,0.03492748,0.96181905,0.0031467418,2,56526,1451806254
8.925542e-05,0.04789299,0.94923156,0.0027861244,2,56526,436969798
0.0010976503,0.24442792,0.7517245,0.002749948,2,56526,1875452591
0.06442234,0.8637689,0.06850972,0.0032989865,1,56561,530372146
0.53700686,0.41502738,0.03712179,0.010843946,1,56561,708516535
0.103610046,0.87529004,0.020712374,0.00038754786,1,56561,868503262
0.39517596,0.5626108,0.034145944,0.00806724,1,56561,1808831850
0.23000093,0.7431029,0.025039095,0.0018570133,1,56561,274632554
0.26779753,0.721311,0.0104785655,0.00041290637,1,56561,2055698198
0.52052975,0.45826533,0.01625736,0.004947521,1,56561,2143964778
0.00015756689,0.3103308,0.68919504,0.0003165702,2,56564,443242450
0.002454602,0.3837866,0.61232764,0.0014311335,2,56564,679184119
2.3544351e-05,0.3204488,0.67950636,2.1270629e-05,2,56564,508000330
0.0012180667,0.3933221,0.60483813,0.0006215903,2,56564,1651764225
0.00016696918,0.17468862,0.82401687,0.001127523,2,56610,479371559
0.00032327365,0.08905046,0.9062644,0.004361893,2,56610,602488131
0.00014473275,0.001244943,0.1876384,0.81097186,2,56610,577558513
0.0010175763,0.04269697,0.88725775,0.06902762,2,56610,1904590423
0.00015413287,0.00047619102,0.27705786,0.72231185,2,56657,808390735
0.0014180554,0.023050446,0.6849134,0.2906181,2,56657,1888054392
0.00039641597,0.004446201,0.51558596,0.4795714,2,56657,441680807
0.00069731433,0.0038555546,0.4845405,0.51090664,2,56657,639676471
0.49272758,0.50111115,0.0053566843,0.00080462795,1,56761,300225852
0.73810285,0.2594536,0.0019402506,0.0005033666,1,56761,1628548011
0.48382857,0.5068253,0.0082341265,0.0011119967,1,56761,1764985470
0.65261626,0.34340206,0.0034322275,0.00054949115,1,56761,113041921
0.54620814,0.45093706,0.0026441251,0.00021071316,1,56761,494771006
0.48449904,0.5065439,0.0071255397,0.0018315167,1,56761,893134865
0.066903815,0.7136543,0.21470824,0.004733663,2,56813,64750598
0.0028999553,0.7243797,0.2725705,0.00014980222,2,56813,1366895593
0.0024870045,0.51482075,0.48245996,0.00023222764,2,56813,1923655631
0.0013502556,0.72357595,0.27494857,0.00012527741,2,56813,1566969949
0.0046306914,0.5560286,0.43810782,0.0012328558,2,56813,1994289970
0.00016316284,0.3507399,0.6488474,0.0002495759,2,56882,480059402
0.00066336466,0.4027998,0.595831,0.0007059174,2,56882,1339006966
0.00030223522,0.28213656,0.7172927,0.00026845964,2,56882,567529801
0.00034791106,0.30906993,0.6900294,0.0005526888,2,56882,721823054
0.00017601279,0.00027169258,0.010006857,0.9895454,3,56945,156888761
0.0002673045,0.00038894982,0.013064494,0.98627925,3,56945,1689695018
0.0002667177,0.0008324724,0.032078195,0.96682256,3,56945,884730392
7.756906e-05,8.980662e-05,0.009366377,0.99046624,3,56945,1049668757
0.002620193,0.88020414,0.11678389,0.00039183674,1,57185,636015871
0.028587313,0.77952653,0.18816406,0.003722076,1,57185,1212566829
0.010764164,0.8600493,0.1289319,0.0002545735,1,57185,173569762
0.08370769,0.8519034,0.062334485,0.0020544333,1,57185,1129124634
0.5048085,0.47359684,0.02037977,0.0012148875,1,57205,211342788
0.4474624,0.54346234,0.008773663,0.00030159327,1,57205,1347533979
0.49539414,0.4929077,0.010373954,0.0013242516,1,57205,1530722187
0.064096875,0.8765233,0.05901779,0.0003619911,1,57205,24452632
0.36096206,0.59634787,0.04040487,0.0022851857,1,57205,629036476
0.0020558706,0.14034116,0.8504575,0.007145517,2,57207,560548919
0.0016957416,0.17441629,0.80876404,0.015123979,2,57207,1629188534
0.0020154312,0.2141097,0.7762267,0.007648139,2,57207,162776042
0.0019943742,0.17540948,0.8162127,0.0063834917,2,57207,1427879951
0.00049111916,0.54979926,0.44957963,0.00012997628,2,57216,489609050
0.00021349615,0.50279135,0.49694827,4.6876256e-05,2,57216,852231030
8.041186e-05,0.21425188,0.7855063,0.00016137504,2,57216,1322452138
8.088748e-05,0.12793736,0.87169296,0.00028890694,2,57216,1498972223
0.16813844,0.8182539,0.012929325,0.0006782938,1,57359,34123431
0.1446374,0.8392101,0.015151647,0.0010008354,1,57359,657720034
0.23810498,0.7414746,0.019341635,0.0010787419,1,57359,100479844
0.20281026,0.74988127,0.045792937,0.0015155971,1,57359,178004095
0.0044941115,0.6344311,0.3597214,0.0013533715,1,57364,53395711
0.0010366286,0.7842893,0.21444458,0.00022953397,1,57364,1834246883
0.0017864477,0.7916741,0.2063622,0.00017720087,1,57364,1139492314
0.019595707,0.7455418,0.2332715,0.0015910767,1,57364,2144707732
0.59438825,0.394246,0.010685636,0.0006801297,0,57415,246544920
0.5858596,0.40480343,0.008611311,0.0007257013,0,57415,595041587
0.6927647,0.3060888,0.0010658912,8.059365e-05,0,57415,1128967170
0.63914734,0.357504,0.002709106,0.00063953566,0,57415,1219866189
0.8114703,0.18819848,0.0002970931,3.412316e-05,0,57415,1501391055
0.756175,0.23910008,0.0042817416,0.00044328978,0,57415,2142344571
0.0019792141,0.5923117,0.40505123,0.000657846,2,57440,341832010
0.0018864068,0.5241496,0.47365382,0.00031012704,2,57440,1707490564
0.00086316786,0.14621587,0.85007066,0.0028502217,2,57440,1470203682
0.0024818438,0.20471881,0.786247,0.0065523423,2,57440,1561105953
0.0007313746,0.1260996,0.87039,0.0027789623,2,57440,1885318050
0.9617809,0.03752987,0.0004005628,0.00028862024,1,57468,118621619
0.93677557,0.05918753,0.0021601263,0.0018767869,1,57468,770890034
0.7749255,0.22128588,0.0028934819,0.0008951783,1,57468,803243812
0.80238456,0.19186611,0.0040667327,0.0016825912,1,57468,977545628
0.97423315,0.025453664,0.00013214097,0.00018106576,1,57468,1764968386
0.97682947,0.022587063,0.00032055433,0.00026285104,1,57468,1779526272
0.46738273,0.5227128,0.006548317,0.003356137,1,57468,107213666
0.62100005,0.3750949,0.0031165509,0.0007884941,1,57468,698508408
0.75915885,0.2327125,0.005329666,0.0027989831,1,57468,822003629
0.9128603,0.08655861,0.0003720296,0.00020907797,1,57468,1263889058
0.61550814,0.36936197,0.010441075,0.00468875,1,57468,1720372073
0.8958798,0.096031755,0.0035385436,0.0045499625,1,57468,1762365646
0.0058108293,0.37627575,0.5521604,0.06575311,2,57575,228152266
0.0017961363,0.0276111,0.35072768,0.61986506,2,57575,232679155
0.001170626,0.026340911,0.5904948,0.38199368,2,57575,1876296585
0.033563916,0.74223423,0.21082996,0.013371936,2,57575,70404382
0.021543782,0.27075276,0.525597,0.1821065,2,57575,1213811122
0.024080575,0.51735336,0.42632592,0.03224022,2,57575,1957151540
2.3903884e-05,0.0036850595,0.96160287,0.03468812,2,57658,1548004196
0.0002562608,0.007085257,0.6394893,0.35316917,2,57658,1620041933
0.00043018037,0.008153858,0.55704266,0.43437326,2,57658,2071877289
0.0001707547,0.060473915,0.9367212,0.0026342182,2,57658,1388129956
4.0887033e-05,0.031983264,0.9670788,0.00089704164,2,57658,1795341598
2.9997533e-05,0.018322589,0.98096406,0.0006832827,2,57658,2111659699
0.0027299793,0.06598979,0.85493004,0.07635018,2,5766,229909611
0.012763112,0.21227235,0.76009476,0.014869814,2,5766,1319131899
0.00076457724,0.12023898,0.8740774,0.0049190233,2,5766,648982229
0.0014039371,0.114181146,0.88197064,0.0024443255,2,5766,753833223
0.1613913,0.779816,0.057806987,0.0009857388,1,57759,295904884
0.20203876,0.7183729,0.07786683,0.0017215727,1,57759,351101442
0.11604513,0.8422638,0.039824244,0.0018668901,1,57759,627141049
0.09518088,0.79836637,0.10506298,0.0013897205,1,57759,768537854
0.0046253055,0.8797963,0.11526871,0.00030972343,1,57759,1550473763
0.00030471268,0.0018091875,0.3416762,0.6562099,2,57760,1668378967
0.00020205832,0.016747566,0.8567805,0.1262699,2,57760,1927224103
0.00023709956,0.0041367942,0.7767079,0.21891825,2,57760,308217886
0.00022917334,0.0058401925,0.7058097,0.28812084,2,57760,1426647729
0.0001361876,0.38452289,0.6152734,6.749199e-05,1,57790,695639265
0.00091532286,0.55149335,0.4475105,8.080708e-05,1,57790,1725582510
0.00065256027,0.67987514,0.31933373,0.00013857076,1,57790,943405970
0.012802957,0.8363303,0.15031064,0.00055614143,1,57790,1893007795
0.00030173612,0.32145348,0.67813665,0.00010805539,1,57879,193491211
0.00010674637,0.1773607,0.82215154,0.00038101885,1,57879,1024464412
0.0008494656,0.35016868,0.64891565,6.616411e-05,1,57879,32455981
0.00027097613,0.38307676,0.61657065,8.1593585e-05,1,57879,782731196
0.0027993093,0.6840816,0.31280115,0.00031792652,0,57907,689581028
0.0020855344,0.8998098,0.098065175,3.943233e-05,0,57907,1028910355
0.021040278,0.8428968,0.13564125,0.00042158723,0,57907,1775054960
0.2523693,0.7382182,0.00917697,0.00023554635,0,57907,755836228
0.25801867,0.7269695,0.014194413,0.0008174134,0,57907,798830164
0.76762223,0.22478545,0.006999789,0.000592589,0,57907,1333454732
0.006665432,0.04169228,0.8734623,0.07817998,2,57967,1172976862
0.00083549606,0.030763155,0.924068,0.044333324,2,57967,1481810388
0.00027960577,0.081892274,0.91628647,0.0015416351,2,57967,1215905584
0.00042104992,0.05559346,0.93648964,0.0074958154,2,57967,1718687740
0.00013539547,0.00015926169,0.050903436,0.9488019,3,58036,911725940
5.739652e-06,1.3853109e-05,0.0085954005,0.991385,3,58036,1407008805
2.6296739e-06,2.9210141e-06,0.0012294394,0.998765,3,58036,45682193
0.00022481181,0.00041217724,0.05285311,0.94650996,3,58036,88109245
0.0071909707,0.78035146,0.20979814,0.0026595355,1,5806,556153930
0.0047644437,0.87954634,0.11543851,0.00025074775,1,5806,1190808168
0.0067375787,0.7179468,0.27221718,0.0030983773,1,5806,457012074
0.05051031,0.806763,0.13317095,0.009555746,1,5806,808978514
2.755558e-05,0.008389732,0.9888552,0.0027275202,2,58069,135382017
6.674399e-05,0.005476223,0.9804437,0.01401335,2,58069,224579677
0.00016336885,0.032567263,0.9598961,0.0073732277,2,58069,1607173426
5.229191e-05,0.022620354,0.9757908,0.001536456,2,58069,22497500
7.792025e-05,0.009601239,0.9823834,0.007937524,2,58069,919654426
7.541621e-05,0.008301886,0.96644455,0.025178077,2,58069,1048934956
0.00048278915,0.06877108,0.9205647,0.010181523,2,58069,1311611128
0.22705509,0.7600609,0.012328314,0.00055568165,1,58070,136672975
0.21564241,0.7532832,0.029796265,0.0012781266,1,58070,392475752
0.47339585,0.516455,0.008737169,0.0014119685,1,58070,469417598
0.44486776,0.5439853,0.01010147,0.0010454288,1,58070,1581199854
0.5189762,0.46470428,0.014292835,0.0020266343,1,58070,202910808
0.091401435,0.8598523,0.04778448,0.00096179976,1,58070,836882667
0.28160203,0.70262104,0.015128172,0.0006487733,1,58070,876759434
0.00027609506,0.022795517,0.9447117,0.03221664,2,58299,1061326267
0.00012807461,0.08279685,0.9143989,0.0026761084,2,58299,1520317431
0.00018917189,0.010586373,0.96376604,0.025458317,2,58299,612866590
0.00013709514,0.0339956,0.95397276,0.011894437,2,58299,2101035433
0.11474082,0.85178876,0.032528915,0.00094144105,0,58379,16408459
0.61523134,0.37589434,0.0073983916,0.0014759368,0,58379,663313624
0.81881016,0.17645407,0.0038357612,0.0008999742,0,58379,372865449
0.081066445,0.89522773,0.022704095,0.0010017921,0,58379,570002781
0.0007750931,0.09132742,0.90646183,0.0014357027,2,58463,889455859
0.00010334973,0.010402209,0.9825447,0.006949762,2,58463,1589507632
0.00020473888,0.10079374,0.89872,0.00028141745,2,58463,462278428
6.320413e-05,0.010447183,0.9857261,0.0037634936,2,58463,565242504
0.009076412,0.75354403,0.23628573,0.0010938903,1,58528,1324869348
0.035638817,0.9027011,0.061105214,0.00055483397,1,58528,2039082233
0.020816693,0.83686036,0.14069289,0.0016300371,1,58528,492015759
0.0034909816,0.7099889,0.28608343,0.00043674972,1,58528,1262294856
2.603949e-05,9.5924166e-05,0.102017015,0.89786106,3,58572,1289373388
2.5553036e-05,0.00019851261,0.15838568,0.84139025,3,58572,1895499651
0.00013465488,0.00037165402,0.121542715,0.87795097,3,58572,2012880606
7.353663e-05,0.0005287777,0.4558171,0.54358065,3,58572,836201368
3.9398834e-05,0.0010721307,0.6208069,0.37808162,3,58572,881160066
0.00046605107,0.0063652075,0.7377527,0.25541613,3,58572,1082829470
0.052314002,0.79500514,0.14454569,0.008135178,1,58622,1405634546
0.09819419,0.7776876,0.12190825,0.0022099381,1,58622,1670546091
0.042257026,0.8291162,0.12604329,0.002583497,1,58622,1595269526
0.009263289,0.8107658,0.17882007,0.0011507907,1,58622,1787694376
0.000118009,0.09369423,0.9057034,0.00048436012,2,58630,816422008
9.699123e-05,0.043136496,0.95243615,0.004330409,2,58630,1235005224
2.3637445e-05,0.019616114,0.97873265,0.001627511,2,58630,978469026
5.909479e-05,0.034527928,0.9629179,0.0024950523,2,58630,1328552958
0.95983416,0.039928846,0.00016257468,7.436663e-05,0,58651,590583120
0.9154263,0.083952665,0.0004365162,0.0001845285,0,58651,1477003521
0.90046155,0.099346094,0.00017612333,1.618215e-05,0,58651,1601970279
0.93306917,0.06681976,9.462167e-05,1.6458247e-05,0,58651,1672877467
0.92569005,0.07414389,0.00011966655,4.6382393e-05,0,58651,393393343
0.8167652,0.18271618,0.00045731378,6.128891e-05,0,58651,935695089
0.96162724,0.03827517,6.684835e-05,3.0799092e-05,0,58651,965038845
0.653221,0.34426865,0.0021023331,0.0004080284,0,58651,1089648079
0.008015022,0.6587673,0.33304155,0.00017611828,1,58656,1137230491
0.016236018,0.8373755,0.14594619,0.00044222362,1,58656,2083345164
0.10714583,0.8632714,0.02948952,9.3249706e-05,1,58656,170292501
0.091241755,0.8542494,0.05344349,0.0010652588,1,58656,578789102
0.028516468,0.89504457,0.075732,0.00070702465,1,58663,130673394
0.018233223,0.85764635,0.12380936,0.00031110822,1,58663,668248817
0.044386145,0.9266218,0.02877055,0.00022146018,1,58663,1261226376
0.047923256,0.8815789,0.070007324,0.0004904337,1,58663,1684409502
0.14123474,0.818426,0.038850546,0.0014886843,1,58663,1812273324
0.046189852,0.9039807,0.048994806,0.00083466753,1,58663,2044424750
0.046665564,0.9169598,0.036197327,0.00017728595,1,58663,2125103651
0.00012032016,0.00040498955,0.15683103,0.8426436,2,58671,469622699
0.0002455837,0.0018014754,0.4709941,0.52695876,2,58671,870279398
6.5623615e-05,9.2439164e-05,0.03913248,0.9607095,2,58671,1816320719
3.0307416e-05,3.656368e-05,0.03316716,0.96676594,2,58671,1188050348
4.554516e-06,3.7363059e-06,0.0038785927,0.9961132,2,58671,1421324097
0.004203679,0.5887278,0.405565,0.0015035302,1,58714,321602172
0.008179528,0.894899,0.09598001,0.0009414354,1,58714,1300738911
0.0060905362,0.8128549,0.17935337,0.0017012117,1,58714,62396299
0.0029885322,0.8989541,0.09783395,0.0002234382,1,58714,126232382
0.0022234623,0.6864195,0.31115818,0.00019890713,2,5881,1504335064
0.001606462,0.7103709,0.2877119,0.00031081715,2,5881,1760824961
0.0040146047,0.6685159,0.32674906,0.00072039117,2,5881,790346789
0.0044761347,0.86872655,0.12657368,0.0002235386,2,5881,1263505410
0.0073807943,0.27024716,0.69276434,0.029607695,1,58831,110797698
0.0009858242,0.10905613,0.8587498,0.0312082,1,58831,1462918280
0.0061679175,0.02313942,0.45175722,0.5189355,1,58831,540115950
0.003183575,0.054569148,0.78944117,0.15280615,1,58831,2086048392
0.0010342295,0.5909084,0.40776095,0.00029643736,1,58867,440806971
0.0062896986,0.66339654,0.32981312,0.00050059153,1,58867,604569037
0.00092378934,0.74707687,0.25186855,0.00013076467,1,58867,594222865
0.0065114656,0.7225236,0.26971108,0.0012538467,1,58867,1327236823
0.001724446,0.3942822,0.60351914,0.00047419732,2,58898,7124125
0.041976,0.8239295,0.13261034,0.0014842254,2,58898,418517444
0.0048898254,0.79885024,0.19556046,0.0006994689,2,58898,995941920
0.0047031487,0.6320823,0.3614536,0.0017610101,2,58898,919874772
0.0009388038,0.43511054,0.5628302,0.0011204561,2,58898,2140470681
0.041673485,0.87428325,0.08336516,0.00067811407,1,58948,1123812965
0.0023432754,0.6642647,0.33320326,0.00018881766,1,58948,1482352498
0.007906372,0.8420867,0.14976066,0.0002462711,1,58948,1678295893
0.043694686,0.87445605,0.08096907,0.00088020606,1,58948,266518374
0.013590696,0.9261578,0.060175147,7.6404765e-05,1,58948,1760603194
0.13112816,0.7366831,0.1271624,0.0050263344,1,58986,254045410
0.012656506,0.8348994,0.15176375,0.00068030786,1,58986,1180019512
0.01423644,0.8743136,0.11122569,0.00022425818,1,58986,1173623924
0.021938283,0.83427984,0.14276677,0.0010151581,1,58986,1182193668
6.125036e-05,0.00011477665,0.06642114,0.9334027,3,59086,936953607
2.240022e-05,5.8356138e-05,0.038818877,0.96110034,3,59086,1105343365
0.0004473345,0.0042769406,0.5619952,0.4332805,3,59086,1644557559
3.5789777e-05,0.00055357354,0.42489657,0.5745141,3,59086,1679684757
2.884126e-05,0.00483879,0.98411465,0.011017668,2,59090,123783998
0.0009887867,0.0038254617,0.50874484,0.48644096,2,59090,1177278683
0.00018880266,0.00028516536,0.074058816,0.92546725,2,59090,980838636
0.00065789244,0.010730714,0.8438163,0.14479512,2,59090,1250242916
4.602264e-05,0.00016223548,0.08498817,0.91480356,2,59090,1910784952
0.0007612962,0.74062246,0.25853476,8.145479e-05,2,5912,1176817741
0.003156821,0.6413092,0.35260117,0.0029327748,2,5912,1222604653
0.0010691475,0.5226443,0.47584185,0.00044471433,2,5912,520325003
0.0007018185,0.6548625,0.34429598,0.00013975608,2,5912,602068864
0.0007225566,0.004343151,0.1903786,0.8045558,2,59121,1276764872
0.00031193913,0.0018714768,0.31342685,0.6843897,2,59121,1845584659
0.00016022485,0.00042240004,0.16767578,0.8317416,2,59121,2032039474
6.713756e-05,0.00012731677,0.03953569,0.9602698,2,59121,702664455
8.8825764e-05,0.00019762699,0.07081819,0.9288953,2,59121,959159730
0.000101854894,0.00017369165,0.070364766,0.92935973,2,59121,1659351262
0.9638165,0.03583428,0.00027494592,7.42043e-05,1,59137,951549972
0.996018,0.0039586467,1.728769e-05,6.0127227e-06,1,59137,1214669051
0.987785,0.01126201,0.00040365878,0.0005493708,1,59137,1295970462
0.992964,0.0070286063,5.0187514e-06,2.3417797e-06,1,59137,1364535366
0.9936679,0.006289161,2.4661214e-05,1.8288334e-05,1,59137,1717538225
0.9970393,0.0028726193,4.493759e-05,4.3129923e-05,1,59137,1987942614
0.9940481,0.005937895,7.5570515e-06,6.4475366e-06,1,59137,113305192
0.9937239,0.0062189093,4.017213e-05,1.6983173e-05,1,59137,226627993
0.99785787,0.0021330663,5.433468e-06,3.6030938e-06,1,59137,1117967576
0.9859307,0.013953604,9.2574395e-05,2.3045479e-05,1,59137,1451503433
0.9936592,0.006255993,7.7895296e-05,6.9312932e-06,1,59137,1620656952
0.0002744959,0.0028508927,0.7936431,0.20323153,2,59164,777796987
1.4204446e-05,0.0059902538,0.98679036,0.007205136,2,59164,787639510
5.7967816e-05,0.022898735,0.97226727,0.00477606,2,59164,1998131220
0.00015831171,0.004221032,0.9468934,0.048727367,2,59164,82589166
0.0001730995,0.017947063,0.9457287,0.036151186,2,59164,1300721599
0.71293753,0.28083062,0.005776094,0.0004556988,1,59248,1107579235
0.22260872,0.76705927,0.010108404,0.00022355301,1,59248,1516414004
0.22262493,0.71669316,0.05956128,0.001120693,1,59248,1152824963
0.23593076,0.74163866,0.02213862,0.00029194204,1,59248,1848177720
0.0009794801,0.55158716,0.4473641,6.922696e-05,2,59262,2167850
0.00324191,0.27624983,0.7024297,0.018078525,2,59262,647124683
0.0003154692,0.50885296,0.49067977,0.0001518136,2,59262,1645681572
0.0013094608,0.30532518,0.6922247,0.0011406679,2,59262,266195835
0.00052967295,0.095823415,0.89718384,0.00646314,2,59262,1682723910
0.11526632,0.8419264,0.041361745,0.0014455245,1,59289,298423487
0.03557435,0.94848436,0.015645314,0.000296006,1,59289,1874530513
0.061359137,0.9119583,0.026234344,0.00044818711,1,59289,1543619117
0.091152854,0.8563425,0.05149793,0.0010067904,1,59289,1708496639
1.9982368e-05,0.00012787184,0.11358916,0.886263,2,59314,493774583
4.4658853e-05,0.00038980998,0.27111322,0.7284523,2,59314,544662651
0.00032653168,0.00312461,0.3896944,0.60685444,2,59314,880716961
4.773271e-05,0.0032696468,0.8490745,0.14760806,2,59314,937192565
0.00088033854,0.011416862,0.6061016,0.3816012,2,59314,1674656173
0.00020353685,0.0007135041,0.31618947,0.6828934,3,59384,1002424421
0.0005696373,0.012311472,0.86008036,0.12703846,3,59384,1864379381
0.0013584396,0.00686269,0.43162498,0.5601539,3,59384,1341723935
1.4310233e-06,1.7679072e-06,0.008694301,0.9913025,3,59384,1681094091
0.20298365,0.7850416,0.010989925,0.0009848396,1,59437,1173103876
0.3891852,0.6025989,0.006783849,0.0014320234,1,59437,1999181254
0.18603157,0.802001,0.01115329,0.0008141921,1,59437,349802224
0.24233858,0.74010795,0.015025877,0.0025275375,1,59437,569649216
0.29124713,0.69489175,0.011875986,0.0019851306,1,59437,1189047605
0.07650309,0.8534134,0.059746377,0.01033718,1,59442,78386078
0.024227628,0.8547337,0.09798677,0.023051877,1,59442,2007900972
0.017543385,0.8187306,0.15854728,0.0051787575,1,59442,71611278
0.020755531,0.76628673,0.19735883,0.015598984,1,59442,1051148468
0.00076710805,0.44605806,0.55311006,6.470515e-05,2,59460,1007335394
0.00033495357,0.40401104,0.59552896,0.0001250029,2,59460,2105686699
0.00014601588,0.22116938,0.7786378,4.6818368e-05,2,59460,1428618904
3.2560947e-05,0.08042522,0.9194724,6.981341e-05,2,59460,1772075763
0.0360604,0.8533498,0.11023611,0.000353735,0,59527,345649155
0.77118826,0.22677304,0.0018568751,0.0001818538,0,59527,757415834
0.618015,0.3808604,0.0010667454,5.785401e-05,0,59527,1087088804
0.51411414,0.47799912,0.00727068,0.0006160506,0,59527,486402307
0.48583308,0.51054937,0.0033792204,0.00023832629,0,59527,548189891
0.89912325,0.100469284,0.00037434534,3.3068693e-05,0,59527,1470450751
0.41732568,0.5657994,0.009242114,0.007632816,0,59583,1151111763
0.15767744,0.8380444,0.004091908,0.00018634078,0,59583,1176982893
0.43885198,0.55995506,0.0008960015,0.00029696038,0,59583,1648500210
0.5725029,0.42384452,0.0029570372,0.0006955041,0,59583,1963594574
0.30486462,0.69040096,0.0042664534,0.00046798892,0,59583,327933500
0.74539405,0.2534875,0.00076381717,0.0003545776,0,59583,394168289
0.6827219,0.31706482,0.00018230325,3.097992e-05,0,59583,858759701
0.7840816,0.21308917,0.0014757613,0.001353438,0,59583,2063501774
4.8314236e-05,0.045503784,0.9535133,0.000934554,2,59594,1251348398
0.000113564674,0.13450438,0.8650676,0.00031447504,2,59594,1871456527
0.00025928568,0.05786195,0.9367183,0.0051605236,2,59594,724212091
7.636415e-05,0.034269538,0.96492386,0.0007302611,2,59594,1585006710
0.0064545185,0.84047306,0.15296997,0.000102399594,1,59723,983095826
0.0064888746,0.7817919,0.21091688,0.0008023709,1,59723,1184400438
0.0053637656,0.8515158,0.14305598,6.4370804e-05,1,59723,438059694
0.0066723092,0.4323055,0.55639285,0.004629365,1,59723,904978594
0.015530699,0.79213065,0.19076012,0.0015784355,1,59723,2026794803
0.08425387,0.89226216,0.02331765,0.0001663422,1,59750,102668578
0.10034351,0.82046324,0.07859483,0.00059849425,1,59750,610813120
0.05049795,0.8084524,0.13858181,0.0024678658,1,59750,683406897
0.009981555,0.8580976,0.13177647,0.00014434573,1,59750,1528053671
0.0021826415,0.38371918,0.61130095,0.002797248,1,59806,764394917
0.0017110669,0.29336473,0.70333713,0.0015870509,1,59806,1669033454
0.0030800463,0.653828,0.3426669,0.0004251366,1,59806,705873233
0.0028839854,0.64600056,0.35029984,0.0008155911,1,59806,1938538147
0.019671459,0.7354979,0.24185042,0.0029801968,1,59806,2119940867
0.0003573081,0.008832541,0.89559907,0.095211044,2,59839,271998434
0.00015993412,0.00545059,0.785102,0.20928746,2,59839,1025184278
6.269555e-05,0.0004202849,0.2444742,0.7550429,2,59839,245555285
7.223549e-05,0.009600548,0.98154104,0.008786234,2,59839,797177730
0.00012331316,0.06950885,0.9297272,0.0006405293,2,59839,1513616678
0.036974676,0.49274337,0.1522338,0.3180482,1,59891,1286884136
0.026924696,0.93693304,0.033927303,0.0022148963,1,59891,2100736615
0.5647154,0.19305824,0.015515832,0.2267105,1,59891,607931098
0.7081992,0.28952,0.0014107242,0.0008700882,1,59891,2051803280
0.13537145,0.79344255,0.06510432,0.00608169,1,59904,80945939
0.3422473,0.65538025,0.0021747188,0.00019771243,1,59904,1785400342
0.4257198,0.5701731,0.002972828,0.0011342214,1,59904,1953734202
0.32172558,0.6719618,0.0056361374,0.00067647,1,59904,1120588309
0.18999654,0.7734269,0.03292561,0.0036509542,1,59904,1822911871
0.25861427,0.7335733,0.0074413046,0.00037113106,1,59904,1955829690
0.114724085,0.8004661,0.07729531,0.0075144963,1,59904,2127833840
9.8713725e-05,0.041216325,0.95711136,0.0015736035,2,59969,1419406043
0.00063666387,0.026736272,0.9373615,0.035265584,2,59969,1856297345
0.0005790353,0.13002996,0.8645504,0.0048405854,2,59969,769751177
0.0002988079,0.11993597,0.87331843,0.0064467397,2,59969,803324636
1.552517e-05,0.06972421,0.9301761,8.418536e-05,2,59969,1363571199
0.00019870551,0.00061116944,0.33951592,0.65967417,2,60001,1236280814
0.00019298785,0.003849622,0.9641993,0.03175808,2,60001,1890233822
0.00011227468,0.00017829974,0.086973116,0.9127363,2,60001,282738620
5.9193593e-05,9.621254e-05,0.08652509,0.91331947,2,60001,746990846
0.00020809556,0.0011848614,0.20685492,0.79175204,2,60001,1120835018
0.67447984,0.32130334,0.0035525954,0.0006642101,1,60047,525983855
0.49347767,0.5034248,0.002837033,0.00026046432,1,60047,967233668
0.76022524,0.23773873,0.0015783457,0.0004576739,1,60047,1426848441
0.40463346,0.57957834,0.015155181,0.00063305965,1,60047,1833891301
0.0007646742,0.15601116,0.83648604,0.0067382366,2,60067,804654997
0.00056645344,0.040796787,0.9441153,0.014521496,2,60067,1108593154
3.7786293e-05,0.01653244,0.9790314,0.0043983343,2,60067,1938253607
0.0011879812,0.024177058,0.73918676,0.23544818,2,60067,1941022369
0.0250596,0.93205833,0.04275411,0.00012794662,1,60089,754886263
0.052729506,0.83020926,0.11574022,0.0013210446,1,60089,1558355370
0.040935572,0.89722735,0.06094633,0.00089076214,1,60089,539806137
0.057780806,0.92486084,0.017116472,0.00024185327,1,60089,1343082023
0.00051612954,0.45584127,0.5434174,0.00022520575,2,6028,774516862
0.0012077914,0.6614217,0.33653903,0.00083140936,2,6028,1668626929
0.00024672365,0.16924866,0.82866853,0.001836113,2,6028,149892126
0.0020671953,0.6518558,0.3455039,0.00057307776,2,6028,677682133
0.0006076502,0.24147816,0.7556581,0.002256063,2,6028,1035355447
0.001485174,0.4254376,0.5706376,0.0024395986,2,6028,1493638415
0.015107587,0.077779934,0.59467554,0.31243688,2,60307,630038372
0.022267861,0.15761918,0.53404313,0.28606978,2,60307,1358034442
0.0458898,0.5179478,0.4171618,0.019000622,2,60307,1498514214
0.013064085,0.39837173,0.5746153,0.013948859,2,60307,1647690851
0.0458898,0.5179478,0.4171618,0.019000622,2,60307,1977118398
0.006181791,0.059485584,0.5447397,0.38959295,2,60307,620782999
0.011250891,0.054234877,0.63033646,0.30417776,2,60307,736350307
0.014488725,0.061843436,0.2747337,0.64893425,2,60307,1040966154
0.005197547,0.08948238,0.80929863,0.09602143,2,60307,1896843235
0.00013139582,0.3267508,0.6730277,9.0070665e-05,1,60317,69749285
0.0015553619,0.5644277,0.4335976,0.00041934522,1,60317,1798273989
0.0029845736,0.7744039,0.22240488,0.00020659987,1,60317,992366262
0.0070228158,0.90506536,0.08757448,0.00033732894,1,60317,1734831707
0.0034069116,0.30950022,0.6796933,0.007399595,2,6039,906633270
0.0022830523,0.2989443,0.6947267,0.0040459675,2,6039,1151332297
0.00038156225,0.23256156,0.76386654,0.0031903666,2,6039,1805743607
0.000121791505,0.10497488,0.8924627,0.0024407029,2,6039,467252345
0.0001235651,0.117866956,0.87986535,0.0021441309,2,6039,558368364
0.00014665881,0.14122553,0.8581106,0.0005171817,2,6039,661571160
0.1276268,0.7994237,0.0713536,0.0015958683,1,60425,792610168
0.5976614,0.3803606,0.020354126,0.0016238667,1,60425,1335496065
0.62775654,0.35892707,0.011632901,0.0016834605,1,60425,690612382
0.127749,0.8457664,0.025659932,0.0008246526,1,60425,1070185939
0.00041595974,0.48474538,0.5147996,3.9023922e-05,1,60503,436770279
0.0074280067,0.49853826,0.48927397,0.004759781,1,60503,840030254
0.0019387131,0.507338,0.49002764,0.0006956445,1,60503,1139685213
0.009461473,0.74723524,0.24282926,0.0004739847,1,60503,1991215704
0.0020616122,0.5737175,0.42364246,0.00057844026,1,60503,2099253157
0.00016021986,0.00031696996,0.067909494,0.9316133,2,60511,1222388611
6.950943e-05,0.005468094,0.79930586,0.19515659,2,60511,1934180793
0.00024243101,0.005683503,0.78833616,0.20573784,2,60511,712102463
0.00060333597,0.0054705143,0.24330975,0.75061643,2,60511,1236758953
0.0018394168,0.62953997,0.3683922,0.00022846428,1,60534,487534890
0.0056074206,0.72257227,0.27155071,0.0002696334,1,60534,2050857755
0.013372696,0.78782296,0.19798802,0.0008162969,1,60534,942931229
0.0014869621,0.670035,0.32822302,0.0002550451,1,60534,1010110217
0.0038371172,0.60546213,0.38877055,0.0019301533,1,60534,1666893655
0.89350754,0.10437219,0.0011728273,0.00094748166,1,60537,71711043
0.82851213,0.1707112,0.00042328346,0.00035333546,1,60537,1344982998
0.7284931,0.2705564,0.00065864687,0.00029195158,1,60537,2001286189
0.95837146,0.04130056,0.0002352559,9.2771144e-05,1,60537,2110228192
0.9414564,0.058431942,7.2216324e-05,3.9554412e-05,1,60537,2120080915
0.77986103,0.21769364,0.0016429772,0.0008023383,1,60537,30747188
0.869745,0.12951146,0.000608442,0.00013513927,1,60537,426788713
0.85192126,0.14626087,0.0014371222,0.0003807599,1,60537,727454331
0.87582415,0.12375544,0.00035388095,6.656554e-05,1,60537,984171557
0.08313815,0.8642259,0.051254097,0.0013819077,1,60584,1263577218
0.16947548,0.75594604,0.072462305,0.0021161407,1,60584,1666485916
0.0682314,0.92412347,0.00736401,0.00028111864,1,60584,109294091
0.11400689,0.85563755,0.029247435,0.0011081529,1,60584,520795710
0.00045355814,0.28717113,0.71153647,0.0008388911,2,60638,489364137
0.0050279843,0.77069044,0.2234045,0.0008770967,2,60638,651254660
0.000507633,0.3475373,0.65164936,0.00030573911,2,60638,1331917006
8.433774e-05,0.20154588,0.79815423,0.00021557295,2,60638,1869779270
0.0034261022,0.4195651,0.57572454,0.0012843027,2,60638,1699570507
0.00072637846,0.23888752,0.75943667,0.0009494678,2,60638,1710039972
0.004676675,0.012064554,0.17658845,0.8066703,3,60752,1376675660
3.707061e-05,4.144575e-05,0.011215145,0.98870623,3,60752,1561342493
0.0007847582,0.0008617284,0.041902874,0.9564507,3,60752,1718763927
0.00016776937,0.0012441556,0.26970074,0.7288873,3,60752,811470016
0.00028281787,0.0013460817,0.14447632,0.8538948,3,60752,1005853922
0.022519363,0.024390792,0.16899633,0.7840935,3,60752,1258119386
0.0010109717,0.06374773,0.9111085,0.024132747,2,60786,5877149
0.00028600288,0.08881676,0.909678,0.0012193802,2,60786,296071404
0.00012141802,0.06687144,0.93090886,0.0020983287,2,60786,1781699204
0.00015948495,0.03995521,0.9572763,0.0026089759,2,60786,1062492172
7.628417e-05,0.06342864,0.93524176,0.0012533101,2,60786,1504952774
0.00024556706,0.06475321,0.9313434,0.0036578556,2,60786,1664629256
0.0963454,0.8781814,0.023437735,0.0020355382,1,60819,603083321
0.23639563,0.73921764,0.020894034,0.0034926694,1,60819,1358033938
0.07246027,0.9002048,0.025832286,0.0015025899,1,60819,1950469985
0.56994766,0.41531548,0.012785582,0.0019512591,1,60819,615634118
0.6622662,0.33142292,0.002727822,0.0035830752,1,60819,1319281829
0.24114756,0.7538649,0.004289019,0.0006985687,1,60819,1733006797
0.76480913,0.22834076,0.004243319,0.0026067768,1,60819,2097500941
7.962553e-06,5.1578204e-06,0.0027230983,0.9972638,3,60885,545062499
0.00076154206,0.014575086,0.7720949,0.21256849,3,60885,1755101067
3.8411552e-05,3.15115e-05,0.004907118,0.9950229,3,60885,161635756
0.00010012489,0.00011190445,0.014208574,0.9855795,3,60885,1087276640
0.0004193809,0.0020768614,0.20886596,0.7886378,3,60885,1813741066
0.014652721,0.60569656,0.3650559,0.014594801,2,60903,496763798
0.007969498,0.20212197,0.71652186,0.073386654,2,60903,1198417440
0.0023620713,0.44813442,0.5469268,0.0025767223,2,60903,865839134
0.0013041524,0.34241748,0.65096194,0.005316372,2,60903,1128069714
0.00074787415,0.0048128716,0.14137755,0.8530616,2,6104,273517761
0.00025440403,0.00039331047,0.09532799,0.90402424,2,6104,1669393556
0.00028399116,0.0007580721,0.10873644,0.89022154,2,6104,719997970
0.001425071,0.004611778,0.36684754,0.62711567,2,6104,925133109
0.47138557,0.48309374,0.04256261,0.0029580395,1,61054,1389810526
0.17599824,0.7830303,0.03919966,0.001771902,1,61054,1803964055
0.08950504,0.8460472,0.06362002,0.00082768284,1,61054,445328094
0.5348868,0.44397694,0.01860286,0.0025333927,1,61054,1143072456
0.000110365785,0.0005904123,0.3087795,0.69051975,3,61226,677177188
5.4658998e-05,0.00014869281,0.05258656,0.9472101,3,61226,1464290692
0.00019072994,0.0011221255,0.33538017,0.663307,3,61226,2012248370
0.0001586031,0.00070130493,0.20958261,0.7895575,3,61226,869368167
0.00031121407,0.0038017891,0.666621,0.32926598,3,61226,1162141348
0.8575618,0.14176342,0.0005781064,9.659146e-05,0,61267,150897852
0.9366415,0.06305443,0.00021529639,8.875828e-05,0,61267,1583206545
0.4994864,0.4938339,0.0057906136,0.00088908785,0,61267,418246110
0.68164855,0.31379136,0.0040124743,0.00054760324,0,61267,1233033222
0.013376505,0.6964197,0.28967288,0.0005309021,1,61481,256104701
0.025378294,0.76409215,0.21002172,0.00050782243,1,61481,1272491662
0.0029226372,0.7400188,0.25700575,5.283916e-05,1,61481,1328963105
0.0029909872,0.43912563,0.557717,0.00016645939,1,61481,1449357713
0.00052398985,0.45030373,0.5490312,0.00014111337,1,61481,21412259
0.0002066521,0.22110038,0.7786525,4.0505358e-05,1,61481,966570664
0.004506714,0.6126662,0.38201776,0.00080931577,1,61481,996142588
0.0018374915,0.763015,0.23505138,9.6165066e-05,1,61481,1432652544
0.40332985,0.5840024,0.010230405,0.0024373229,1,61556,833781250
0.166413,0.8293009,0.0037920102,0.0004940606,1,61556,1833988015
0.38571563,0.5891756,0.017553598,0.00755512,1,61556,889510154
0.26703522,0.73065937,0.0019039058,0.00040154197,1,61556,1142002839
0.8578837,0.13955526,0.0018189815,0.0007420701,0,61565,17179314
0.9796739,0.020238692,6.933333e-05,1.802091e-05,0,61565,972381839
0.8402915,0.15927152,0.00035975268,7.729206e-05,0,61565,1157083153
0.92574745,0.07357743,0.0005528262,0.00012233834,0,61565,620625420
0.5661838,0.43277094,0.00090711727,0.00013813662,0,61565,1360772764
0.06745761,0.70880735,0.22173072,0.002004318,1,61648,309104129
0.0190717,0.8104765,0.17011942,0.00033249785,1,61648,1697948904
0.12904532,0.8563225,0.014204631,0.00042754877,1,61648,212326945
0.16034989,0.80632144,0.031833764,0.0014948768,1,61648,362613686
0.84726274,0.15136787,0.0011334001,0.00023593233,0,61668,198923768
0.8982438,0.1006028,0.0008868112,0.00026661536,0,61668,602049208
0.963682,0.036137298,0.00013188134,4.8785074e-05,0,61668,971266222
0.87081265,0.12868546,0.00032785704,0.00017407525,0,61668,1521138032
0.9702626,0.029691016,4.1470605e-05,4.8362854e-06,0,61668,1739982245
0.9875052,0.01242265,4.6650264e-05,2.547545e-05,0,61668,1931672296
0.8030895,0.19621275,0.0006054105,9.230509e-05,0,61795,1474054672
0.978442,0.021354299,0.00017588573,2.782184e-05,0,61795,1800918633
0.8013685,0.19755901,0.0010018921,7.06114e-05,0,61795,1911452170
0.7567069,0.2419843,0.0012233476,8.548092e-05,0,61795,157153876
0.9294529,0.06868212,0.0017179331,0.00014703126,0,61795,895664142
0.7423023,0.2560151,0.0014914018,0.0001911871,0,61795,961879418
0.24087277,0.74907804,0.008587465,0.0014616917,0,61829,804308638
0.28000298,0.6912574,0.02646687,0.0022727286,0,61829,1056062773
0.1828353,0.81260014,0.0043211062,0.00024346741,0,61829,1311435861
0.24438432,0.74742156,0.0075758314,0.00061825325,0,61829,136408650
0.0314575,0.9579609,0.010471746,0.00010984436,0,61829,325313172
0.4088745,0.5872541,0.003151679,0.00071969617,0,61829,1240478852
0.007131184,0.20576122,0.68544227,0.10166528,2,61942,348698317
0.0098866355,0.4211001,0.5416796,0.027333628,2,61942,640716257
0.012332898,0.33781844,0.6180671,0.031781577,2,61942,835935181
0.18927017,0.6490013,0.14092405,0.020804543,2,61942,1602525642
0.14916976,0.4530818,0.3357067,0.062041704,2,61942,1675714542
0.016590375,0.2771006,0.58543783,0.120871164,2,61942,1940579498
0.97720647,0.022706741,7.498591e-05,1.18028975e-05,0,62007,840166197
0.9914078,0.008536759,4.058711e-05,1.4866273e-05,0,62007,1038468009
0.9219297,0.07749559,0.00042087687,0.00015378695,0,62007,1567534278
0.93750226,0.062287644,0.00015088866,5.9213064e-05,0,62007,2113382962
0.99173075,0.008251154,1.3284908e-05,4.9038094e-06,0,62007,237596795
0.9590149,0.04084143,0.00010445589,3.9212075e-05,0,62007,731501373
0.8626455,0.1361862,0.00077686785,0.0003915374,0,62007,2095320064
0.007242572,0.592848,0.3985708,0.0013386479,1,62046,743184984
0.013293431,0.6712957,0.3141031,0.0013077826,1,62046,2025623985
0.0035566832,0.77718973,0.21830726,0.00094637746,1,62046,2034379480
0.0034291917,0.80095476,0.19525449,0.00036161486,1,62046,1420970095
0.026551293,0.67731255,0.2944059,0.0017302372,1,62046,1941029540
0.04126639,0.7323916,0.22513503,0.0012070483,1,62046,1952785433
0.0032154575,0.6711317,0.3249927,0.0006601444,2,62105,268216681
0.005571828,0.6467566,0.34479418,0.0028774466,2,62105,659339450
0.009171363,0.6286592,0.36002907,0.0021403355,2,62105,739509060
0.009002417,0.63093126,0.35830158,0.001764748,2,62105,77181780
0.0035789032,0.78263944,0.21291721,0.00086438365,2,62105,285995161
0.8525464,0.14724638,0.0001792567,2.8004386e-05,0,62415,604295748
0.81019264,0.18800174,0.0013953055,0.00041030042,0,62415,1484516665
0.85852116,0.1411424,0.00025031003,8.603685e-05,0,62415,242612482
0.9135857,0.08569499,0.0005909983,0.00012821503,0,62415,1552035318
8.856177e-05,0.02927731,0.9657619,0.0048722387,2,62468,58721358
0.00042127055,0.06198329,0.9299676,0.0076278932,2,62468,606839796
0.00013950495,0.022787796,0.9698995,0.0071732225,2,62468,420466480
0.0001388845,0.018848402,0.97050357,0.010509208,2,62468,1103664317
0.00019717484,0.07264516,0.925477,0.0016806886,2,62627,180735505
0.00063620275,0.0709683,0.8910848,0.037310712,2,62627,839877349
8.081323e-05,0.018520819,0.9571391,0.024259329,2,62627,1547724972
0.00014254436,0.02155021,0.96705765,0.011249637,2,62627,2113283191
0.0013801904,0.499864,0.49787226,0.00088345236,2,62628,369783531
7.518101e-05,0.34980088,0.65006936,5.4556094e-05,2,62628,849823225
0.00012461652,0.28889018,0.71092445,6.079252e-05,2,62628,394284310
0.00033705222,0.11134304,0.88646764,0.0018522155,2,62628,2030119538
0.27990088,0.70458716,0.013960201,0.0015518096,0,62706,394685735
0.100010216,0.86091757,0.038567085,0.00050518697,0,62706,1184647867
0.15898706,0.79445845,0.04380011,0.0027543497,0,62706,1273142663
0.3956445,0.60100585,0.0030916955,0.00025789093,0,62706,267554239
0.7588103,0.23726392,0.0031030544,0.00082279387,0,62706,1242300824
0.39314684,0.58278495,0.022465875,0.0016023491,0,62865,1119844739
0.38699576,0.6089298,0.0036921466,0.00038223065,0,62865,1505382277
0.14370748,0.8473719,0.008761922,0.0001586902,0,62865,1538793725
0.65481615,0.3362526,0.008119657,0.0008115801,0,62865,1893690980
1.7264918e-05,0.0030959814,0.95475376,0.042132962,2,62866,284682487
0.00011381018,0.0059949076,0.9054083,0.08848306,2,62866,1134078358
4.111686e-05,0.0089735435,0.9727012,0.018284144,2,62866,555212080
0.00020539646,0.015621112,0.9636797,0.020493811,2,62866,1566540725
1.2512491e-05,0.016619066,0.9810698,0.0022986534,2,62866,1749829721
0.21988335,0.5373307,0.22973785,0.013048184,1,62961,782277839
0.025423372,0.743448,0.229771,0.0013576029,1,62961,951919929
0.28567848,0.5611831,0.14718768,0.005950705,1,62961,192837763
0.17297927,0.5936672,0.1998327,0.033520866,1,62961,597076377
0.09113314,0.69469917,0.21077403,0.0033936843,1,62961,777802464
0.00055582955,0.012698837,0.62134963,0.36539575,2,62985,1366913186
0.0011188826,0.026909532,0.7873123,0.1846593,2,62985,1382356128
0.00019042513,0.006594556,0.77010506,0.22311004,2,62985,1861422076
0.00038256033,0.006548242,0.71793926,0.27512997,2,62985,1869629906
0.00088962173,0.30134922,0.69685584,0.0009053146,2,63052,846239613
0.0007425637,0.5973129,0.40159184,0.0003525785,2,63052,1163914240
0.0049535125,0.6485248,0.34491876,0.0016029312,2,63052,1629111887
0.0006402699,0.14594184,0.8499953,0.003422557,2,63052,259698053
0.0010178905,0.3193808,0.6759195,0.0036818804,2,63052,863263119
0.7934605,0.19877632,0.007336231,0.0004269551,1,63053,1259123525
0.81396043,0.18398792,0.0016518467,0.00039981364,1,63053,1508591677
0.26172343,0.71447,0.022772975,0.0010335379,1,63053,1733916686
0.05320816,0.8228603,0.12307484,0.00085678283,1,63053,151272201
0.26980886,0.7028723,0.026063258,0.001255586,1,63053,358240402
0.022797655,0.8730676,0.10393053,0.00020421638,1,63053,1562088774
0.16546348,0.7688723,0.06466375,0.0010004358,1,63053,1922119353
0.002597099,0.90726453,0.090044536,9.374327e-05,1,63312,696760808
0.032625034,0.9326283,0.03447353,0.0002732166,1,63312,1042741014
0.069832504,0.8294917,0.09919172,0.0014841815,1,63312,1277325162
0.18729497,0.78362465,0.028020144,0.0010603021,1,63312,1878784425
0.00091593724,0.6061859,0.39263844,0.00025967718,1,63312,1324428464
0.009236598,0.70391077,0.28564262,0.0012100168,1,63312,2128901467
0.00057670573,0.013850799,0.7321462,0.25342628,3,63388,932209985
0.0048837825,0.013723793,0.60962987,0.37176254,3,63388,1940057985
0.0011723525,0.012862353,0.54132885,0.44463646,3,63388,387090853
0.0002483741,0.0059823235,0.8138568,0.17991255,3,63388,1067906771
0.00050535914,0.0012227598,0.09598826,0.90228355,2,63393,61058370
8.787808e-05,0.00089573435,0.20757975,0.7914367,2,63393,794169753
3.5185505e-05,8.233731e-05,0.045408368,0.95447403,2,63393,1134152177
0.00070812344,0.0034995093,0.18129772,0.8144946,2,63393,963952104
0.00022675014,0.0023204838,0.58853483,0.40891793,2,63393,1750155650
0.039677203,0.7949229,0.16363958,0.0017603306,1,63412,758420101
0.005964639,0.8413547,0.15224396,0.00043673662,1,63412,1688344488
0.12447772,0.7943614,0.07740188,0.0037590666,1,63412,549229138
0.1033503,0.8427264,0.05246159,0.0014616713,1,63412,1240188445
0.2976125,0.68285656,0.018079396,0.0014515399,1,63412,1998055947
0.96270204,0.037168644,0.0001082814,2.095197e-05,1,6348,29313008
0.9903347,0.009617734,3.648167e-05,1.1123459e-05,1,6348,639085425
0.9442271,0.055139713,0.0005547337,7.842936e-05,1,6348,1880439413
0.378472,0.59611386,0.02417414,0.0012399666,1,6348,1947447592
0.57713,0.41861218,0.0037550337,0.0005027242,1,6348,2118478753
0.0025622896,0.65487856,0.34232593,0.00023316976,1,63495,1617078901
0.0045822375,0.71488094,0.28000355,0.0005332978,1,63495,2046037988
0.017335514,0.8533454,0.12807417,0.0012449787,1,63495,414271517
0.01135512,0.8296764,0.15844125,0.0005273122,1,63495,1410983674
0.00068984093,0.47603533,0.5231511,0.00012375104,2,63507,1062509889
0.0013267366,0.579157,0.4194442,7.2118295e-05,2,63507,1672290320
0.0022793312,0.49707168,0.50029767,0.00035132476,2,63507,742029620
0.00031315692,0.55393803,0.44569108,5.7786954e-05,2,63507,1444828666
0.0002713127,0.002099474,0.5708062,0.42682305,3,63522,732122273
3.8452752e-05,9.2914896e-05,0.031934008,0.9679347,3,63522,1837331485
0.00036211679,0.026273252,0.8876814,0.085683174,3,63522,1185337897
0.0033006675,0.04258827,0.7464256,0.20768549,3,63522,1367376397
0.0092141405,0.8356218,0.15395418,0.001209925,1,63529,739019225
0.047793917,0.7558084,0.19243723,0.003960385,1,63529,1219754945
0.104718104,0.7991239,0.091755755,0.0044022645,1,63529,268081878
0.092714235,0.8759027,0.03046573,0.00091724814,1,63529,1691847670
0.10663627,0.8242367,0.06798653,0.0011404721,1,63563,309865982
0.090809494,0.7882983,0.119574696,0.0013175055,1,63563,353365999
0.07948147,0.89721906,0.023093231,0.00020618872,1,63563,1678459732
0.07392661,0.90123,0.024615092,0.00022829042,1,63563,41828016
0.05744468,0.8608699,0.08122321,0.00046223777,1,63563,282159659
0.16091992,0.7817139,0.056294862,0.0010713193,1,63563,762750198
0.23710562,0.7571862,0.005197834,0.0005104038,1,6358,506268522
0.5526098,0.44373003,0.0029818611,0.00067830965,1,6358,1707399621
0.36783606,0.6182002,0.0124463495,0.0015174011,1,6358,1740280069
0.80611914,0.19319488,0.0005966477,8.926388e-05,1,6358,814845160
0.84055567,0.15892273,0.0004383601,8.317426e-05,1,6358,1173731806
0.7192343,0.27711505,0.0025289645,0.001121674,1,6358,1515734508
0.00014310003,0.024570817,0.97389954,0.0013864607,2,63601,975386553
3.8140643e-05,0.0046773967,0.98004913,0.015235387,2,63601,1164737427
0.00013949376,0.0019323619,0.83357674,0.16435136,2,63601,105176080
3.976818e-05,0.0069847405,0.95979214,0.033183277,2,63601,461649952
0.00082437944,0.53255314,0.4663192,0.0003032987,2,63617,1231062805
0.0003203215,0.52177674,0.4777757,0.00012727857,2,63617,1855699072
0.009952776,0.7357673,0.25193277,0.0023472572,2,63617,1917877119
0.00085029856,0.6759279,0.32298613,0.0002357317,2,63617,159110654
0.0011133382,0.4321303,0.5663885,0.00036788388,2,63617,887426674
0.0027144703,0.32204568,0.6655011,0.009738702,2,63617,1136150274
0.16707003,0.8052946,0.02702778,0.00060761784,1,6368,1502973397
0.30274808,0.66864866,0.02573398,0.0028692635,1,6368,1600137792
0.056019638,0.83917946,0.103016675,0.0017843167,1,6368,104745286
0.019124057,0.83488023,0.14584464,0.00015112075,1,6368,1645949347
0.002113443,0.671282,0.32612106,0.0004834968,1,63713,864730731
0.0011271827,0.48104593,0.5176212,0.0002056906,1,63713,955073281
0.00011070539,0.4538352,0.54601985,3.4222987e-05,1,63713,1817192286
0.009932599,0.73320645,0.2548738,0.001987196,1,63713,76910587
0.0021899627,0.70358664,0.29356244,0.0006609679,1,63713,246045064
0.00022991479,0.40770456,0.5917164,0.00034914198,2,63745,1661749135
0.00090057065,0.51241136,0.48661307,7.499747e-05,2,63745,2041390037
0.00033374352,0.6597019,0.33993894,2.5425501e-05,2,63745,2074379756
0.0010187272,0.4731486,0.5256429,0.00018977204,2,63745,285549196
0.0017000063,0.8204834,0.17776324,5.338533e-05,2,63745,1421316488
0.001314576,0.7876084,0.2110346,4.246357e-05,1,63800,278471549
0.013792077,0.87410897,0.11144156,0.0006573892,1,63800,706295547
0.01409273,0.75953925,0.22544475,0.00092328957,1,63800,203370689
0.00444419,0.7595355,0.23592292,9.746259e-05,1,63800,1529805047
0.2397603,0.7589673,0.0009726776,0.00029975653,1,63851,1118077166
0.14481828,0.84739405,0.006893464,0.0008942296,1,63851,1345339780
0.42191163,0.5761392,0.0016186192,0.000330574,1,63851,353536939
0.26523885,0.7323013,0.0020523458,0.00040754446,1,63851,415173443
0.012343224,0.859326,0.12793918,0.00039161497,1,63892,185105823
0.28129697,0.68125135,0.033985864,0.003465883,1,63892,782664016
0.021546496,0.84589493,0.13212715,0.00043134362,1,63892,485940459
0.1327792,0.7870892,0.07377971,0.0063518756,1,63892,2121492289
1.3368988e-05,2.9976129e-05,0.033186942,0.96676975,3,63948,430829094
9.166576e-05,7.446548e-05,0.020453464,0.9793803,3,63948,911894301
0.0001497246,0.00033689188,0.07060645,0.928907,3,63948,1992919799
1.5429325e-05,1.3745024e-05,0.00681461,0.99315625,3,63948,315757960
5.133937e-05,8.050761e-05,0.027708182,0.97216,3,63948,1110355469
0.0001543002,0.00013189338,0.024772752,0.974941,3,63948,2138875314
0.2853909,0.6774189,0.033313468,0.003876747,1,63974,527242239
0.41630974,0.58021116,0.0032910812,0.00018798785,1,63974,1371365906
0.010747322,0.898662,0.09030917,0.00028155334,1,63974,475913911
0.010602005,0.7919352,0.1964139,0.0010488336,1,63974,878462732
0.013597023,0.82292634,0.16185383,0.0016228405,1,63974,1709432328
0.004234186,0.8750726,0.118894674,0.0017985159,2,64016,697957354
0.009669177,0.25190002,0.63426167,0.10416913,2,64016,968037758
0.021553705,0.4429002,0.45341837,0.0821277,2,64016,1917790673
0.0069073252,0.25241348,0.71538055,0.025298605,2,64016,1454228267
8.258803e-05,0.3310493,0.6686257,0.00024243421,2,64016,1847203240
0.0015165397,0.018533703,0.52624726,0.45370248,2,64022,1773693452
0.00014001939,0.009522495,0.9162158,0.07412174,2,64022,1950444363
0.0010742629,0.014832365,0.50777334,0.47632003,2,64022,319292430
0.0001429208,0.0038416209,0.62371904,0.37229642,2,64022,1992620470
0.00013930206,0.022832682,0.93087953,0.04614855,2,6403,667335337
0.0014451679,0.009238862,0.31151572,0.6778003,2,6403,1531990988
0.00014078584,0.0094050225,0.9206627,0.06979145,2,6403,594453323
0.008276983,0.074178234,0.53204453,0.38550028,2,6403,923861475
0.0017116765,0.49126485,0.5060799,0.0009435392,2,64085,1112710805
0.00042139867,0.61217004,0.38734108,6.749712e-05,2,64085,1664920336
0.0027412653,0.545702,0.45098734,0.00056939956,2,64085,495344169
0.0009855193,0.52709115,0.4717184,0.00020488024,2,64085,665184084
0.0023740178,0.72531104,0.27160993,0.0007050308,2,64085,813436274
0.43857655,0.55549103,0.0051018586,0.0008306254,1,64093,584093927
0.7634126,0.23551355,0.00090231386,0.00017153732,1,64093,1195013761
0.69229335,0.30426458,0.0028031077,0.0006389046,1,64093,1205137860
0.31260028,0.64776844,0.03746839,0.0021628563,1,64093,304332477
0.5526282,0.4428842,0.0038285165,0.0006590906,1,64093,1114953440
0.4357202,0.5492422,0.012733639,0.0023039696,1,64093,1238977827
0.31260028,0.64776844,0.03746839,0.0021628563,1,64093,1734748903
0.6809825,0.31157714,0.006920346,0.00051998615,1,64122,350742276
0.5503814,0.43936297,0.00853965,0.0017159337,1,64122,1651436244
0.54690796,0.44844654,0.0038437673,0.0008017125,1,64122,1374323718
0.38882148,0.6018445,0.008421282,0.0009128517,1,64122,1452743962
0.00024601314,0.08422894,0.91374606,0.0017789261,2,64261,787239200
0.0016822512,0.36656865,0.629965,0.0017841142,2,64261,1547713656
0.00344102,0.42247242,0.57050776,0.0035787928,2,64261,611774732
0.0008753994,0.0614041,0.9288266,0.008893956,2,64261,2105106664
7.5733815e-06,7.589288e-06,0.0044212216,0.9955636,3,64262,513801849
6.0638748e-05,8.534122e-05,0.035600714,0.96425337,3,64262,984629140
0.0002466899,0.006356206,0.7006899,0.29270723,3,64262,1160504838
0.00010171839,0.00064127386,0.41617033,0.5830866,3,64262,1410507878
0.000294485,0.0069852034,0.7479336,0.24478665,3,64262,772664209
1.0000829e-05,3.4428558e-05,0.039073884,0.9608816,3,64262,1119733048
0.0002549468,0.00153033,0.28817853,0.71003616,3,64262,1278180671
0.00055910717,0.27283886,0.72545826,0.001143781,1,64309,989427775
0.001239023,0.3144262,0.68203425,0.0023005125,1,64309,1070852768
0.00037065148,0.26952022,0.72836673,0.0017423746,1,64309,1721930898
0.00023024625,0.283633,0.7159576,0.00017916058,1,64309,30186387
0.000648561,0.23756742,0.7603301,0.001453908,1,64309,648093443
5.060317e-05,0.09569055,0.903967,0.0002918233,1,64309,2131686778
0.1900608,0.11039899,0.15649104,0.5430492,3,64335,69079290
0.016642243,0.004516561,0.0048536467,0.9739875,3,64335,947651636
0.0007123404,8.3933766e-05,0.00031582193,0.99888796,3,64335,612444866
0.00090227625,0.000275585,0.0016003689,0.9972218,3,64335,1002294905
0.29752022,0.1477366,0.1270853,0.42765784,3,64335,1791401240
0.06991251,0.89465487,0.03508551,0.00034719618,1,64372,101452300
0.26618764,0.7115314,0.021002652,0.0012782873,1,64372,2060614573
0.0062529966,0.85221076,0.14137538,0.00016082237,1,64372,1111409245
0.072298564,0.7438739,0.17505294,0.008774515,1,64372,1257913296
0.39072803,0.5917878,0.015741315,0.0017428496,1,64385,138963357
0.3717509,0.61047286,0.014672721,0.003103557,1,64385,371176944
0.23293422,0.74558204,0.019482706,0.0020010157,1,64385,1032681733
0.6146005,0.38181698,0.0028859142,0.0006966863,1,64385,177569086
0.51043,0.48252198,0.0059312354,0.0011168517,1,64385,234568025
0.66808206,0.3267307,0.004305936,0.0008813416,1,64385,1676343141
0.079486884,0.8526677,0.06649296,0.0013525055,1,6440,562412789
0.2022682,0.7848699,0.012016298,0.0008455126,1,6440,1576125139
0.17795327,0.77627957,0.04274255,0.003024668,1,6440,995671343
0.05711548,0.87064284,0.0713371,0.00090459373,1,6440,1376958719
0.0011049813,0.29875255,0.6991321,0.0010104161,2,64439,84747386
0.00018909774,0.523911,0.47587106,2.8880098e-05,2,64439,1423923778
0.0013581077,0.24536102,0.75182045,0.0014605056,2,64439,822293179
0.0027472763,0.6785505,0.31854773,0.00015453363,2,64439,1862196686
0.009098115,0.6156771,0.3539569,0.021267837,1,64447,315072613
0.0059981346,0.41260788,0.5775214,0.0038725794,1,64447,1116247886
0.005580162,0.62031704,0.3734789,0.00062392367,1,64447,1630271473
0.00092255825,0.46937588,0.5295162,0.00018532012,1,64447,295592576
0.022876244,0.6992693,0.27633885,0.0015156775,1,64447,1032712385
0.0123981,0.7007951,0.28520173,0.0016050485,1,64447,1827294586
0.023556475,0.8908192,0.0843024,0.0013220315,1,64480,389344175
0.009135,0.84688795,0.14323391,0.0007431084,1,64480,1469470494
0.06444149,0.80108833,0.13182518,0.0026450073,1,64480,1761589157
0.20914738,0.7311997,0.0564829,0.0031700542,1,64480,1258919885
0.085905105,0.8908503,0.02301825,0.00022636513,1,64480,1558053984
0.00018767112,0.13323466,0.8641154,0.0024621908,2,64496,1593577574
0.0019067856,0.06261629,0.8761454,0.059331574,2,64496,1752638451
0.000114754046,0.020109873,0.96826327,0.011512148,2,64496,615969067
0.00019022226,0.016932683,0.9557537,0.027123397,2,64496,1542465301
0.008582193,0.721776,0.2691828,0.00045894823,2,64501,452406098
0.00038146492,0.60518426,0.39430854,0.0001257597,2,64501,1789416787
0.00015652183,0.47375244,0.5259983,9.2755035e-05,2,64501,27097946
0.0027244892,0.61592054,0.38030347,0.0010514858,2,64501,673038417
0.00047730896,0.5466144,0.45279884,0.000109440065,2,6451,510038463
0.00012641819,0.22415173,0.77563936,8.2492224e-05,2,6451,932526186
1.7520044e-05,0.06608906,0.93381494,7.849393e-05,2,6451,172828968
0.0001706269,0.17182004,0.8276355,0.0003738924,2,6451,201679253
0.0010276308,0.15409784,0.79912686,0.04574767,2,64519,47305213
0.0054751406,0.6407416,0.35062474,0.0031585267,2,64519,1105525666
0.0010574603,0.087880775,0.74820274,0.16285905,2,64519,1647620346
0.0023361798,0.42362407,0.56633776,0.007701958,2,64519,1858944330
0.00027796716,0.35073718,0.6488458,0.00013902831,2,64550,1169342196
0.00037986547,0.31723997,0.68194884,0.00043128306,2,64550,2005355296
0.0006618993,0.2664316,0.73261076,0.0002957134,2,64550,298239307
5.072808e-05,0.14278305,0.85696155,0.00020459117,2,64550,582680700
0.00016274014,0.21632554,0.7832657,0.0002459969,2,64550,1924646642
0.00010705778,0.0063633397,0.9030159,0.090513565,3,64553,1275940570
0.00039238218,0.0018580094,0.5412634,0.4564862,3,64553,1610080297
0.00017816383,0.03360067,0.9605629,0.0056583155,3,64553,1438440119
0.0023664557,0.027583944,0.76227766,0.20777199,3,64553,1785622407
0.023826718,0.86815935,0.106643096,0.0013708904,1,64725,1339002996
0.0007168072,0.8002708,0.19896041,5.2035837e-05,1,64725,2089181919
0.003929349,0.7758226,0.21899635,0.0012517356,1,64725,224985084
0.0010926619,0.81375295,0.18502028,0.00013416696,1,64725,401860199
0.3625603,0.6349473,0.0021816958,0.0003106837,1,64745,54900395
0.86991584,0.1272848,0.00191833,0.0008811296,1,64745,1120539170
0.6501863,0.3491759,0.00054014794,9.767482e-05,1,64745,2061466831
0.30527133,0.6867207,0.007432079,0.0005758841,1,64745,417861938
0.92777795,0.06864431,0.002546184,0.0010314927,1,64745,1529970552
0.9831904,0.015936328,0.000310476,0.00056283775,0,64751,296894645
0.9649012,0.034958106,9.29832e-05,4.7764974e-05,0,64751,1459237304
0.97178686,0.028043078,9.8148244e-05,7.198493e-05,0,64751,1910009464
0.93944156,0.059932046,0.00043383855,0.00019257987,0,64751,715084228
0.8928354,0.101385854,0.0032135725,0.0025652535,0,64751,1399226454
0.9046997,0.09449836,0.00061577646,0.00018616345,0,64751,2121120835
0.19255786,0.76040304,0.0443858,0.0026533077,1,64846,440925112
0.4424494,0.523441,0.032419343,0.0016901959,1,64846,1218499619
0.09400945,0.85833603,0.04693739,0.0007171395,1,64846,1969971922
0.2633111,0.7201256,0.01581811,0.0007451292,1,64846,55220012
0.41730678,0.5376909,0.043371577,0.0016307909,1,64846,540464326
0.34855855,0.64568275,0.0053759445,0.0003827908,1,64846,993563732
0.0012524689,0.009535858,0.29371366,0.695498,3,64848,425840965
7.992392e-05,7.866952e-05,0.0028670721,0.99697435,3,64848,962979110
3.3849603e-05,4.2792482e-05,0.0044955635,0.9954277,3,64848,1989474918
1.3908883e-05,6.4817177e-06,0.0005873255,0.9993923,3,64848,176471248
0.00013376672,0.00015154749,0.0033477582,0.99636686,3,64848,701539888
0.00084502035,0.0010355153,0.028328657,0.9697908,3,64848,1860372295
0.0868261,0.8326308,0.07960608,0.0009369999,1,64883,1895558234
0.40493187,0.586359,0.0077077346,0.0010013598,1,64883,2123378911
0.003051091,0.76977473,0.22631168,0.0008625249,1,64883,176822159
0.0006039622,0.6889189,0.3101852,0.0002919969,1,64883,1132701535
0.0051040812,0.7268435,0.2663048,0.0017476411,1,64883,1448504011
0.82177263,0.17760059,0.0005757786,5.0952316e-05,1,64974,652681524
0.7243629,0.27120984,0.0033459687,0.001081273,1,64974,2072950690
0.9440996,0.05569233,0.00011174717,9.6335476e-05,1,64974,262548111
0.9349275,0.06501082,5.715881e-05,4.5100946e-06,1,64974,525254112
0.00059209985,0.6423113,0.35691562,0.00018104048,1,65009,46008825
0.00017806307,0.35653752,0.6431213,0.00016304309,1,65009,1255308688
0.0004989179,0.3783634,0.620339,0.0007986448,1,65009,1839724317
0.00010820698,0.28444198,0.71522766,0.00022216143,1,65009,473819353
5.227243e-05,0.17297812,0.8268188,0.00015083968,1,65009,847789550
0.00012791809,0.37863111,0.6210803,0.00016071447,1,65009,2107778379
0.13089982,0.8544356,0.01420469,0.00045983464,1,65074,442209765
0.3123714,0.6569702,0.028550576,0.0021078063,1,65074,1603958175
0.029755065,0.8835428,0.08633546,0.00036667153,1,65074,1722160623
0.055308487,0.90487945,0.03962552,0.00018647677,1,65074,1999047918
0.022455776,0.19738707,0.545275,0.23488219,2,65180,941752793
0.00026310675,0.2597857,0.73950875,0.00044236626,2,65180,1857042791
0.0006380703,0.09020332,0.8912373,0.017921263,2,65180,105944179
0.0014795759,0.1146483,0.87020236,0.013669722,2,65180,912049576
0.010292702,0.7590322,0.23027351,0.00040154022,2,65222,111055050
0.00020061099,0.5569053,0.44283858,5.5472454e-05,2,65222,749095883
0.00033904237,0.45189473,0.5476962,7.006496e-05,2,65222,1559227517
0.0030213725,0.6840246,0.312549,0.00040500102,2,65222,358676381
0.006644661,0.53424,0.456478,0.0026373365,2,65222,1581943313
0.002012859,0.326473,0.6700962,0.0014179572,2,6525,201882472
0.0004730914,0.1353749,0.86218655,0.0019654513,2,6525,1038206941
0.0017278086,0.1360302,0.85447425,0.007767725,2,6525,164075452
0.0001930843,0.099206015,0.8997265,0.0008744198,2,6525,357545864
0.00030278836,0.15071209,0.8439131,0.0050720875,2,65270,1325288898
0.0026510002,0.4859295,0.5069741,0.0044454155,2,65270,1868314759
0.00022410904,0.19089408,0.80774736,0.0011345571,2,65270,1392133589
0.00010330614,0.08610439,0.91223896,0.0015533658,2,65270,1709182071
0.64859563,0.34667295,0.0038003977,0.0009310141,1,65312,1403782108
0.17983575,0.8160421,0.0037617795,0.00036030437,1,65312,1766155194
0.77897996,0.21950997,0.0010562021,0.0004538427,1,65312,47242268
0.7043643,0.29120487,0.0036206094,0.0008101826,1,65312,512667035
0.12676506,0.8674537,0.005574798,0.00020639611,1,65312,984948933
0.022649664,0.34891522,0.60138106,0.027054034,1,65456,247536669
0.032966755,0.5982474,0.3388925,0.029893406,1,65456,1324528355
0.0021731937,0.58998394,0.40746802,0.00037479974,1,65456,1434507452
0.006635824,0.5760462,0.4158337,0.0014842108,1,65456,1750470202
0.1066742,0.6594204,0.2296526,0.004252792,1,65456,1772323269
0.007563193,0.5316007,0.45951408,0.0013219747,1,65456,414100967
0.00826319,0.72546554,0.26590505,0.0003662763,1,65456,694039741
0.037394036,0.4919131,0.4556534,0.015039436,1,65456,1100416658
0.050389264,0.55826825,0.38555112,0.0057913545,1,65456,1182228912
0.0124162445,0.35306606,0.57451653,0.0600011,1,65456,2061485168
0.09908917,0.2800867,0.51201266,0.10881146,0,65471,788523694
0.14307366,0.3123948,0.3922361,0.15229535,0,65471,1026382947
0.14590545,0.2780875,0.23574677,0.34026024,0,65471,1600898071
0.01930094,0.13431028,0.7204899,0.12589893,0,65471,1729119684
0.048534773,0.31200033,0.5510599,0.08840499,0,65471,658974043
0.06529999,0.25470656,0.5963894,0.08360404,0,65471,1227369952
0.037830222,0.13102807,0.41399604,0.4171457,0,65471,1339577618
0.015560335,0.19128758,0.6588288,0.13432328,0,65471,1435109581
0.05692176,0.8990061,0.043541163,0.0005309234,1,65495,161429092
0.011614599,0.8106953,0.17719004,0.0005000263,1,65495,1435151627
0.0526007,0.8580525,0.087755345,0.001591524,1,65495,179786992
0.092450924,0.8318742,0.07448947,0.0011854348,1,65495,474938164
0.0145412665,0.87786734,0.106970154,0.000621224,2,65530,633167749
0.006257112,0.69378585,0.29942518,0.0005317939,2,65530,1277826488
0.13898106,0.7897948,0.0676883,0.0035358237,2,65530,1627492472
0.037692122,0.86577445,0.09407597,0.002457503,2,65530,675828643
0.0068860017,0.57629675,0.41615337,0.0006639162,2,65530,1039644878
0.04888382,0.8997493,0.04966722,0.0016997556,2,65530,1401303823
2.4607192e-05,6.2302024e-05,0.02646058,0.9734525,3,6622,101449602
4.180938e-05,7.4645955e-05,0.018017998,0.98186547,3,6622,918306191
7.764091e-05,0.0022408916,0.5634138,0.43426764,3,6622,1084526278
0.0009694225,0.0051076943,0.24768493,0.7462379,3,6622,1122306338
0.00082990155,0.005039619,0.32872185,0.6654087,3,6622,1346548427
0.2876826,0.6118055,0.089110225,0.011401655,1,665,96506336
0.038399708,0.89069366,0.069719374,0.0011873111,1,665,257447107
0.028485147,0.7565491,0.21176463,0.003201085,1,665,785975238
0.04328144,0.6454342,0.29629466,0.014989644,1,665,1714047622
0.030667488,0.90544087,0.06310121,0.00079045043,1,665,2030700146
0.217365,0.6475155,0.123360775,0.011758762,1,665,121937371
0.0011304386,0.094629996,0.7688089,0.13543065,1,665,964941054
0.0045426027,0.30108938,0.56116265,0.13320534,1,665,1230697451
0.0079802405,0.69039553,0.30105364,0.0005705777,1,665,1952054795
0.113738395,0.6878473,0.18916447,0.009249855,1,665,2062712798
0.0019062802,0.02360452,0.6659234,0.30856577,2,6685,133692434
0.0021056584,0.016279938,0.53098965,0.4506248,2,6685,535580785
0.00015666446,0.00952142,0.8933593,0.09696259,2,6685,2127534398
0.00079651154,0.007031731,0.5124273,0.4797445,2,6685,1755453486
8.4898085e-05,0.0005653844,0.14562973,0.85372007,2,6685,1948040623
0.00064235175,0.0114118885,0.7191145,0.26883125,2,6685,1985511506
8.65201e-05,0.00066904305,0.2810887,0.71815574,2,6685,2096523486
0.04186381,0.88303584,0.07414235,0.00095799577,1,6782,111749389
0.0067657097,0.77180225,0.22062027,0.0008117531,1,6782,1687677932
0.014872498,0.8332852,0.15076365,0.0010786607,1,6782,138146308
0.03487816,0.7743078,0.18238452,0.008429546,1,6782,1103287957
3.5854147e-05,0.036306344,0.9630281,0.0006297266,2,6849,1267265
0.00065229303,0.039738636,0.8870415,0.07256745,2,6849,2126509876
0.0011540434,0.06223157,0.8323031,0.10431139,2,6849,1090873935
3.886981e-05,0.024110101,0.974451,0.0014000093,2,6849,1486993970
0.46251893,0.53304374,0.0036327913,0.00080454076,0,6902,1322273261
0.3352811,0.656526,0.007325601,0.00086728204,0,6902,1783431836
0.351131,0.64397115,0.00449673,0.00040113926,0,6902,820433293
0.5077008,0.4907033,0.0014731522,0.00012268123,0,6902,1205606878
0.23438326,0.73988783,0.024222396,0.0015064538,1,6912,335753093
0.43042368,0.5562691,0.01224468,0.0010625094,1,6912,1816993535
0.19852437,0.77073365,0.030285673,0.00045639093,1,6912,1253760299
0.27076825,0.69627476,0.030511323,0.0024456976,1,6912,2068187762
0.00046409853,0.57157713,0.4276755,0.00028326665,1,6952,519361712
0.06520921,0.8749312,0.05837546,0.001484061,1,6952,538874962
0.16361952,0.76036716,0.07157556,0.004437725,1,6952,280647977
0.00998718,0.7933475,0.1955226,0.0011427631,1,6952,1735250615
0.0019244911,0.45216587,0.54425704,0.0016525952,2,6972,198464846
0.0016734778,0.59757644,0.39752525,0.0032248115,2,6972,637534899
0.0003605736,0.22846419,0.77072173,0.00045339533,2,6972,726493894
0.00077931245,0.39244348,0.60603184,0.00074536784,2,6972,2006097084
0.009502038,0.7835557,0.2025119,0.004430274,2,6972,281027821
0.005052512,0.6601449,0.33284634,0.0019562216,2,6972,1255766432
0.012752669,0.7314995,0.25230962,0.0034382858,2,6972,1357909115
0.00029818533,0.03436816,0.9586163,0.00671733,2,6980,117791125
3.2109157e-05,0.022312388,0.974881,0.002774608,2,6980,750439265
0.00016234639,0.052664552,0.94237274,0.00480037,2,6980,486388755
1.5548007e-05,0.025124814,0.974584,0.0002755661,2,6980,1407403956
0.43940958,0.55880666,0.0015705253,0.00021325689,1,7012,585157710
0.4077686,0.58965176,0.0022749854,0.0003046381,1,7012,671902196
0.48811516,0.5108282,0.0008674125,0.00018923088,1,7012,10816335
0.3288206,0.6691088,0.0018803428,0.00019021548,1,7012,1037939550
0.0035045333,0.46719968,0.5233313,0.0059644855,1,7021,463554048
0.0040590987,0.49015167,0.4991301,0.006659188,1,7021,583433433
0.0068966956,0.2384848,0.70314395,0.05147452,1,7021,2039142344
0.0009707864,0.035462905,0.83509517,0.12847109,1,7021,480894458
0.00046824716,0.08970121,0.8964388,0.013391725,1,7021,1145962276
0.0003211515,0.3418288,0.65776724,8.280935e-05,2,7033,559538557
0.0007968084,0.285329,0.7132584,0.00061584334,2,7033,2071257818
0.00028741435,0.16729994,0.8321113,0.00030137112,2,7033,91555108
0.00020149432,0.15028252,0.84910923,0.00040669236,2,7033,1442262040
0.0002472251,0.07507789,0.923878,0.0007968386,2,7033,1961292782
0.74255264,0.2539978,0.0030705475,0.00037903836,1,7082,97523089
0.5418885,0.4547585,0.003154333,0.00019870908,1,7082,1361832624
0.43481126,0.56200784,0.0029690943,0.00021180935,1,7082,840940158
0.11666497,0.8382844,0.044613443,0.0004372375,1,7082,1628603097
0.38900036,0.60464346,0.0059431973,0.0004130116,1,7082,1938432045
0.5999316,0.39224443,0.0057806713,0.0020432814,1,7094,1709019481
0.5666261,0.4313563,0.0018725409,0.0001450777,1,7094,2045763523
0.1464644,0.84793746,0.0053971424,0.00020090296,1,7094,1265925255
0.08056206,0.89960474,0.018418703,0.0014144935,1,7094,1898179158
0.038180895,0.6259899,0.31163156,0.02419768,1,71,198449006
0.009637475,0.3537231,0.6031208,0.033518665,1,71,1405295276
0.00035937468,0.21839711,0.7746778,0.0065657394,1,71,1249745058
0.0013729107,0.015580219,0.3141085,0.66893834,1,71,2004100590
0.00075990194,0.057841714,0.8912515,0.050146885,2,7136,381426905
0.016001223,0.057128713,0.30853778,0.6183322,2,7136,680011077
0.0019878268,0.025295123,0.45144546,0.5212716,2,7136,1207934560
0.0029123437,0.012361799,0.38192388,0.602802,2,7136,1232279879
0.005818194,0.16551031,0.8043102,0.024361264,2,7136,1345273615
0.008667034,0.111762725,0.8096798,0.06989045,2,7136,847183747
0.024207603,0.3757279,0.5546957,0.045368813,2,7136,1468441364
0.06655201,0.4065902,0.49055034,0.03630746,2,7136,1788105199
0.032789774,0.24526963,0.5506899,0.17125067,2,7136,1801768059
0.0031188698,0.018428186,0.15508373,0.8233692,2,7136,1832673261
0.0067037046,0.09828944,0.75757504,0.13743182,2,7151,396925350
0.00014938529,0.24773385,0.75197935,0.00013740838,2,7151,731258312
3.48017e-05,0.056515776,0.9421747,0.0012747117,2,7151,1736413644
0.0028421173,0.11724578,0.84588987,0.034022253,2,7151,1938638705
0.0024332935,0.12764089,0.842181,0.027744781,2,7151,495135071
0.00029952024,0.27231643,0.7271343,0.00024977632,2,7151,720920250
0.0026392844,0.24475645,0.74241275,0.010191474,1,7247,1316976122
0.00047235645,0.52382094,0.47557673,0.00012998898,1,7247,1767498959
0.0017348239,0.20851852,0.77576405,0.013982674,1,7247,480725098
0.0003045379,0.31596506,0.6834362,0.00029425466,1,7247,513613537
0.0006516376,0.674972,0.3235831,0.00079330127,1,7251,443495007
0.0058860458,0.7505027,0.24218124,0.0014300711,1,7251,490362549
0.0005942793,0.5706167,0.42817858,0.0006104319,1,7251,506596116
0.0124238795,0.49137282,0.4813133,0.014890004,1,7251,1741696127
0.0026030184,0.33488128,0.66086894,0.001646775,1,7251,2113117638
0.0012152158,0.19790332,0.7953518,0.005529661,2,7396,29866384
0.0006299847,0.16912642,0.8257903,0.004453264,2,7396,2016760811
0.0019285523,0.13032004,0.85612017,0.01163117,2,7396,179970358
7.40814e-05,0.1112729,0.88818365,0.00046932153,2,7396,920625205
0.0017633045,0.024906162,0.9025313,0.070799276,2,7397,365154131
0.005271962,0.023255447,0.69125706,0.28021553,2,7397,531274417
0.00029504462,0.12627408,0.86887777,0.004553067,2,7397,723641150
0.002030816,0.027575625,0.80366033,0.16673316,2,7397,1579337904
0.0017119036,0.10872388,0.8800061,0.009558097,2,7397,1708692259
0.043586817,0.92925787,0.026764309,0.00039091439,1,7491,395290287
0.061918683,0.84784687,0.088174775,0.0020596136,1,7491,1058314505
0.02762147,0.9019111,0.06976674,0.0007007982,1,7491,1242696903
0.0377098,0.803406,0.15766163,0.001222539,1,7491,1678492783
0.0050461283,0.44027758,0.5473558,0.007320568,1,7544,448184794
0.00070080085,0.30338553,0.69517255,0.00074110227,1,7544,1205283630
0.0017321912,0.6846935,0.31311467,0.00045963124,1,7544,1528620153
0.003065499,0.40639853,0.585831,0.0047050174,1,7544,2117721642
0.44008568,0.53406143,0.015955454,0.009897466,1,7648,555000490
0.14848019,0.8203019,0.030511523,0.00070642546,1,7648,973265499
0.13063532,0.8141458,0.05363576,0.001583128,1,7648,1132964603
0.6163333,0.36268625,0.013792031,0.007188404,1,7648,930545168
0.5815783,0.400595,0.01666147,0.001165237,1,7648,1692953921
0.0019921474,0.00507828,0.15918212,0.83374745,2,7679,1131912005
0.00012343095,0.0008979776,0.28417894,0.7147997,2,7679,1318758683
0.0007504364,0.015727669,0.5316529,0.45186892,2,7679,223930585
0.00034993936,0.0014494822,0.15366147,0.84453917,2,7679,289193609
0.0022714578,0.019711839,0.48165914,0.49635753,2,7679,1306708068
0.00038347396,0.2033561,0.7930009,0.0032595533,2,7873,615559793
0.00074739713,0.025260763,0.82409036,0.14990148,2,7873,2079273146
0.00068387936,0.1739309,0.8165579,0.008827231,2,7873,914094252
4.778788e-05,0.055177893,0.94245106,0.0023233038,2,7873,1968573992
0.0047577596,0.7548887,0.2392884,0.0010651556,1,79,324319833
0.0019561192,0.7823037,0.2156318,0.000108376706,1,79,1043635482
0.02462364,0.8670146,0.107246235,0.0011155201,1,79,1032716115
0.013499603,0.87006676,0.11608233,0.00035132037,1,79,1968162207
0.0138158025,0.8425312,0.14347066,0.00018238336,1,7900,311985348
0.00623388,0.77952975,0.21407308,0.00016324528,1,7900,1296016435
0.009760292,0.8801844,0.10989218,0.00016320303,1,7900,1661836179
0.00053976185,0.4251667,0.57425004,4.3469117e-05,1,7900,295792758
0.006394063,0.5923668,0.40065703,0.0005820875,1,7900,1833379637
0.9780814,0.021119935,0.00066009565,0.00013864797,0,7908,1126503464
0.9869086,0.012500693,0.00042210618,0.00016851818,0,7908,1526398679
0.96484005,0.034780283,0.00030532642,7.430052e-05,0,7908,2018792640
0.93115133,0.06748007,0.0010526757,0.00031596504,0,7908,898599546
0.96641713,0.032582108,0.0007221616,0.00027863416,0,7908,1556079262
0.0016464593,0.0206014,0.66031635,0.31743583,2,7985,412327262
0.000508889,0.012647531,0.7123443,0.2744992,2,7985,587435494
0.000112816975,0.02288822,0.96427566,0.012723408,2,7985,1697621006
0.0010095924,0.0340565,0.84146035,0.123473525,2,7985,153671190
0.00040557416,0.04033127,0.936502,0.022761187,2,7985,218714033
0.00028622133,0.0028002113,0.53852504,0.45838854,2,7985,576139264
0.04386909,0.3565985,0.48448518,0.11504728,2,8038,65327662
0.023933288,0.4549976,0.5157829,0.005286204,2,8038,146014654
0.00030187512,0.10745152,0.88941354,0.0028330255,2,8038,772023036
0.007180423,0.46854877,0.5218163,0.0024545009,2,8038,803330736
0.06751172,0.36281657,0.5163538,0.053317893,2,8038,269081549
0.0006351048,0.043113533,0.9156117,0.040639676,2,8038,302531270
0.117140576,0.4287902,0.40550536,0.048563894,2,8038,1402425103
0.005542881,0.4526936,0.5401664,0.001597181,2,8038,1933758526
0.41904044,0.5749918,0.00503446,0.00093327527,1,8053,478220057
0.36085492,0.63320184,0.0055739856,0.00036923835,1,8053,2033993212
0.25468695,0.7367704,0.00814143,0.0004011873,1,8053,347430488
0.31623694,0.67023456,0.011743983,0.0017845097,1,8053,1134115441
0.48223665,0.50903624,0.008028023,0.00069905794,1,806,314735371
0.050727174,0.89902043,0.04975034,0.0005020108,1,806,1718549170
0.0002124101,0.22187656,0.7775299,0.00038110517,1,806,791970176
0.0039927275,0.71840906,0.2764463,0.0011519992,1,806,805842284
0.0025817216,0.5890882,0.40786314,0.00046689057,1,806,886957103
0.00076045695,0.71871674,0.28037181,0.0001509884,1,8072,100715726
0.026067806,0.67237854,0.29787704,0.0036766361,1,8072,2088030209
0.22305982,0.6374328,0.08957223,0.049935166,1,8072,1733627070
0.04245047,0.77273744,0.18093231,0.0038798223,1,8072,1857860231
0.2629235,0.7294338,0.0065833204,0.0010594081,1,8077,731479435
0.6800546,0.3147712,0.0040606013,0.0011136387,1,8077,1753162756
0.56862235,0.41669795,0.012884661,0.0017950579,1,8077,1142504786
0.40425187,0.58717704,0.0070621087,0.0015090238,1,8077,1537619289
0.020137103,0.6822196,0.2959906,0.0016527517,1,8214,750085231
0.0012078632,0.71043706,0.2881886,0.00016646963,1,8214,1766917773
0.00052574626,0.48812583,0.51118314,0.00016526294,1,8214,1092358684
0.011906732,0.47211313,0.5127109,0.0032692675,1,8214,2102410726
0.014182069,0.80643946,0.17828456,0.0010938948,1,8218,1080728445
0.12594369,0.8495329,0.023280913,0.0012424598,1,8218,1215494362
0.00324024,0.7783076,0.21807463,0.00037748343,1,8218,349649753
0.002696312,0.67330843,0.3238523,0.00014293141,1,8218,1756002702
0.013304333,0.9323447,0.053975202,0.0003758302,1,8260,1641873139
0.124610625,0.8214742,0.052744843,0.0011703131,1,8260,1900523352
0.02725421,0.94103414,0.031154962,0.0005566055,1,8260,284800898
0.24241032,0.73227274,0.0236959,0.0016210336,1,8260,1799418080
9.373513e-05,0.021065626,0.9745165,0.004324139,2,8325,826011010
0.00014594742,0.053911805,0.94405335,0.0018888431,2,8325,1735956294
0.0022809897,0.093254805,0.9012503,0.0032139327,2,8325,2026248949
9.592913e-05,0.1858647,0.81388545,0.00015397003,2,8325,792243320
0.00011266234,0.042549454,0.9556005,0.0017373858,2,8325,1341271965
0.00018116728,0.08024419,0.9194054,0.0001692473,2,8325,1651262367
0.00017151101,0.14283936,0.8559289,0.0010602094,2,8325,1687300875
0.005714447,0.30545342,0.68741775,0.0014143689,2,8325,1824429137
0.0005368204,0.30921337,0.68991685,0.0003329799,2,8354,1058910148
0.0022311674,0.32563984,0.6699123,0.0022167147,2,8354,2012272781
0.00012755538,0.07938057,0.9192448,0.0012471094,2,8354,769174283
0.00015511383,0.15170476,0.84757394,0.00056618446,2,8354,1478076245
0.00010952443,0.0002466858,0.02852964,0.9711141,2,8361,574346017
7.075828e-05,0.00025845034,0.07673831,0.92293245,2,8361,607838430
2.5261415e-05,0.00013661713,0.07560949,0.92422867,2,8361,1413441277
0.0004234505,0.0019364387,0.117340714,0.8802994,2,8361,652784387
0.00027548202,0.0009178594,0.037034392,0.9617722,2,8361,1283351171
0.0009934552,0.36021945,0.6359198,0.002867224,1,8383,743173646
0.0002767747,0.4228399,0.57627374,0.0006096312,1,8383,799885261
0.0001023369,0.32224062,0.6772274,0.00042964483,1,8383,1232582310
0.011386699,0.39733544,0.57368714,0.01759081,1,8383,1194860150
0.021230537,0.57785356,0.39602253,0.0048933825,1,8383,1262972916
0.011034697,0.37875,0.58445275,0.02576262,1,8383,1630963965
0.0025808746,0.36065847,0.63454735,0.0022133107,1,8383,1909646067
0.0004397814,0.0070028664,0.51470923,0.47784814,2,8461,342227587
8.1834965e-05,0.004664885,0.81169957,0.18355367,2,8461,1975940477
4.3416065e-05,0.016684622,0.96769965,0.0155722955,2,8461,35599537
6.905611e-05,0.004167755,0.8832141,0.11254904,2,8461,1928583076
0.111647196,0.7880857,0.09772669,0.002540426,2,8570,15071485
0.052631676,0.6532187,0.28740165,0.0067480267,2,8570,669955299
0.10611841,0.5763388,0.30769783,0.009844872,2,8570,984799738
0.004971385,0.8162742,0.1784804,0.00027390133,2,8570,2139613775
0.016702767,0.6531165,0.32843578,0.0017449482,2,8570,143219894
0.017747208,0.7626813,0.21849251,0.0010789786,2,8570,223612292
0.0052132523,0.67455626,0.31934106,0.0008894755,2,8570,465849117
0.047390524,0.6781874,0.27328634,0.0011358395,2,8570,1210510801
0.00024224128,0.044093803,0.9381816,0.017482324,2,8574,709325885
0.0020273838,0.065468356,0.87390536,0.058598865,2,8574,2064028440
0.00028878698,0.0038884764,0.70382756,0.2919952,2,8574,480930509
0.00015198863,0.00035873216,0.12571998,0.8737693,2,8574,1913735558
0.00049716694,0.046080817,0.94128937,0.012132653,2,8604,97924768
0.0001280418,0.014903358,0.97824556,0.006723091,2,8604,547378819
0.0009544442,0.036215927,0.9214414,0.041388277,2,8604,915256228
3.453034e-05,0.013935172,0.9694393,0.01659095,2,8604,1944296651
1.1835978e-05,0.009742425,0.9889846,0.0012612324,2,8612,993929405
0.0002064801,0.038585808,0.9510335,0.01017428,2,8612,1094340756
9.014535e-05,0.0038829134,0.9162592,0.0797677,2,8612,313218472
0.00016009896,0.11166138,0.88786244,0.00031602042,2,8612,1177736435
0.9515771,0.04738656,0.00079231674,0.00024401641,0,8619,394214330
0.9406233,0.05838485,0.00050657446,0.000485261,0,8619,504227625
0.89950645,0.09908929,0.0011121777,0.00029215607,0,8619,597761399
0.9652186,0.033862952,0.0007722135,0.0001462813,0,8619,1116996763
0.97457415,0.024515275,0.00032783925,0.00058273895,0,8619,7239788
0.9742211,0.01934657,0.00081988715,0.005612399,0,8619,364115788
0.88228184,0.10704288,0.0038864112,0.00678886,0,8619,736576019
0.9725523,0.025891848,0.00039068275,0.0011651576,0,8619,776808417
0.97544515,0.023535455,0.00074549805,0.0002739434,0,8619,1006592349
0.98485607,0.014034225,0.00042770503,0.000682036,0,8619,1726644384
0.00012434812,0.00027050579,0.14702514,0.85258,2,862,493071540
3.096268e-05,6.184718e-05,0.03654715,0.96335995,2,862,684538323
3.6938105e-05,6.1882165e-05,0.033084232,0.9668169,2,862,741358020
0.0002732449,0.00071283313,0.10286765,0.89614624,2,862,1632067448
0.06351146,0.8574291,0.07754828,0.0015110805,1,8642,525511932
0.087480195,0.76345295,0.14705057,0.0020162482,1,8642,547643705
0.022540387,0.8519038,0.124522366,0.0010334114,1,8642,789138781
0.12037129,0.7148078,0.15971372,0.005107161,1,8642,46214839
0.050601866,0.89368963,0.054163728,0.0015447205,1,8642,71849094
0.059784018,0.82123864,0.11709474,0.0018825689,1,8642,621312183
0.024628485,0.8557284,0.11853818,0.0011050111,1,8686,196539091
0.04312255,0.91998214,0.03643888,0.0004564122,1,8686,1385602129
0.18754444,0.79675514,0.01498348,0.0007169377,1,8686,219460346
0.038371485,0.88270307,0.07789773,0.0010277812,1,8686,742704507
0.02771689,0.832464,0.1370129,0.0028062104,1,8686,1184638053
3.2614906e-05,0.00016602261,0.20736754,0.79243386,3,8732,647267886
0.00019670265,0.0023353114,0.60519475,0.39227325,3,8732,791267021
0.0007936715,0.0029126194,0.17980552,0.8164882,3,8732,391790803
7.151932e-05,0.00023054662,0.051336713,0.9483612,3,8732,1250168404
0.00063939625,0.003859132,0.28696108,0.7085404,3,8732,1459886943
0.002147917,0.9003093,0.09741588,0.00012685261,1,8785,402462048
0.009406852,0.78128016,0.20876242,0.00055050215,1,8785,1050149859
0.058547046,0.80801755,0.13181,0.001625369,1,8785,1906919388
0.004724414,0.7591957,0.23593569,0.00014415605,1,8785,1218134344
0.0027200514,0.5375316,0.45901802,0.00073029066,1,8785,1307526001
0.039357997,0.7138043,0.23744589,0.009391831,1,8817,714596136
0.015216024,0.80088586,0.18181907,0.0020791383,1,8817,1406177895
0.01920856,0.75988936,0.21843813,0.0024639533,1,8817,1412732012
0.087391585,0.80196965,0.10667264,0.003966117,1,8817,2113467020
0.7175674,0.27460378,0.005937042,0.0018918087,0,8935,1052705063
0.5339261,0.4379093,0.02324273,0.0049218875,0,8935,1397515418
0.42799056,0.5611124,0.010334979,0.0005620962,0,8935,1906156833
0.58305264,0.4034073,0.010784022,0.00275602,0,8935,315969791
0.8369762,0.16191563,0.00081435003,0.0002938375,0,8935,551254216
0.37902498,0.6091107,0.010819178,0.0010451613,0,8935,1129304924
0.35938126,0.6130376,0.024652647,0.0029284623,1,8945,510316314
0.2133919,0.74007994,0.043103978,0.0034241301,1,8945,1078750735
0.025576798,0.8848982,0.08909445,0.00043057304,1,8945,120802214
0.14191215,0.78117573,0.074002296,0.0029098347,1,8945,594850626
0.05105665,0.8183187,0.12945706,0.0011676246,1,8945,1084566022
0.0003028705,0.15167768,0.8462547,0.0017648222,2,8981,781645012
0.0022831433,0.18394043,0.7335263,0.08025014,2,8981,1509850488
0.00057850307,0.114903286,0.8643408,0.020177469,2,8981,1970569824
0.00016934487,0.041676335,0.9492831,0.008871197,2,8981,507893958
4.9435985e-05,0.032918658,0.9659511,0.0010808831,2,8981,560946398
0.0007929991,0.046324145,0.79743844,0.15544446,2,8981,1456080721
0.100646764,0.7907962,0.107125156,0.0014318655,1,9039,1862782313
0.09925211,0.7139454,0.18567753,0.0011249942,1,9039,2081656062
0.005937431,0.66908985,0.324808,0.00016479891,1,9039,527993011
0.005288318,0.71604496,0.27839822,0.0002684307,1,9039,1845527676
0.0006046507,0.16381915,0.82870966,0.006866439,2,9052,106629842
0.0005758076,0.28697246,0.71188474,0.0005669205,2,9052,164691998
0.0013811708,0.20021218,0.79287994,0.0055266307,2,9052,1105074977
0.0012777359,0.650058,0.3480053,0.00065903,2,9052,449139861
0.018315962,0.79475284,0.18589799,0.0010332847,2,9052,2147069906
0.0007674291,0.27548823,0.7226205,0.0011237743,2,9088,537342573
0.0011820015,0.22551733,0.77194697,0.0013536686,2,9088,757064047
0.024927044,0.26003563,0.65841204,0.05662532,2,9088,817979861
0.012340687,0.35871476,0.6062505,0.022694055,2,9088,1078374232
0.03181412,0.60706705,0.3535601,0.007558718,2,9088,1355153787
0.022622101,0.1686033,0.58720833,0.22156626,2,9088,1811904798
0.074201986,0.35373083,0.48471838,0.08734878,2,9088,910123451
0.046416704,0.2541017,0.54448336,0.15499823,2,9088,1074078973
0.0039796005,0.28547242,0.70470417,0.0058438913,2,9088,1263577273
0.003285824,0.22438398,0.7534608,0.01886928,2,9088,1326044715
0.0010550102,0.14126807,0.85315657,0.0045203893,2,9088,1603958243
0.3167103,0.67073965,0.012101267,0.0004488073,1,9117,74602538
0.25643483,0.7042474,0.038170483,0.0011472022,1,9117,1175730386
0.11991591,0.86804676,0.011828217,0.00020915727,1,9117,911910436
0.24997613,0.7024829,0.04502193,0.0025190318,1,9117,1172667911
0.0030220577,0.74363714,0.2531268,0.00021395466,2,9209,1146960777
0.00024146732,0.54388756,0.4557809,9.006674e-05,2,9209,1522098388
0.0007878853,0.5575149,0.4414876,0.000209632,2,9209,179674348
0.00056734774,0.628429,0.37086958,0.00013406023,2,9209,331138130
0.00062913116,0.43162706,0.5674853,0.0002584886,2,929,463519551
0.0010407811,0.5593198,0.43929812,0.0003412891,2,929,1465673769
6.0020684e-05,0.14430949,0.8553812,0.00024927538,2,929,615145871
0.000616462,0.5631017,0.43585804,0.0004238405,2,929,668904418
0.03969247,0.8165177,0.14080784,0.002982034,2,936,83335632
0.011439363,0.8679173,0.12034479,0.00029857384,2,936,1386514105
0.024907473,0.8184153,0.15509106,0.0015861791,2,936,2006445536
0.0020931289,0.70143044,0.29570842,0.00076804915,2,936,920390822
0.0012135762,0.51130074,0.487385,0.000100605685,2,936,1850696336
0.06899683,0.9258557,0.0050271214,0.0001203997,1,9400,963254159
0.17825045,0.8094373,0.01166576,0.0006465282,1,9400,1655384525
0.38493142,0.6094127,0.0046407455,0.0010151088,1,9400,597777356
0.082040645,0.91054666,0.0072714807,0.00014117811,1,9400,637217441
0.078961834,0.9055657,0.014610547,0.0008620065,1,9400,1316340004
0.007960314,0.7884726,0.202958,0.000609061,1,9559,203061242
0.0015061635,0.66794187,0.33023554,0.00031643955,1,9559,1047452753
0.0030703016,0.8180962,0.17869742,0.00013609375,1,9559,1174804734
0.0078102904,0.8892313,0.10268426,0.00027418032,1,9559,378171161
0.14912005,0.7301925,0.10387015,0.01681732,1,9559,790325351
0.0013716674,0.73455054,0.26381886,0.00025905538,1,9559,1775300814
0.06857328,0.83008224,0.09999687,0.0013475402,1,9702,807573619
0.04880804,0.87673825,0.07410622,0.000347536,1,9702,1520090136
0.02540036,0.84734285,0.12578437,0.0014724715,1,9702,1866426124
0.022563457,0.9283425,0.04775777,0.0013362007,1,9702,948946212
0.14746368,0.8330962,0.018992495,0.00044760611,1,9702,993838408
0.05495261,0.82613444,0.117628716,0.0012842615,1,9702,1742538116
0.00026731813,0.02136311,0.8878012,0.09056841,2,9750,1208494128
0.00011237985,0.014298988,0.96663576,0.018952934,2,9750,2028693570
0.0012962086,0.018425327,0.7695571,0.21072142,2,9750,135986243
7.201864e-05,0.0054374537,0.9375579,0.056932665,2,9750,435714661
0.00010378006,0.24995683,0.74976593,0.00017349221,1,9762,666905888
0.00017951634,0.17387317,0.82381546,0.002131908,1,9762,1706521816
0.00028781517,0.14202698,0.8546999,0.0029853117,1,9762,214843376
2.2116228e-05,0.15873738,0.84105337,0.00018713828,1,9762,1277544220
0.03160382,0.8319954,0.13574041,0.00066035264,1,9771,555397945
0.10846843,0.8060705,0.081977345,0.0034836857,1,9771,682180502
0.008561509,0.8861765,0.10508533,0.00017659187,1,9771,836342975
0.14340387,0.73866993,0.1116359,0.0062902845,1,9771,1528300041
0.004241258,0.7570889,0.23849115,0.00017871779,1,9815,618828301
0.0020662833,0.7043308,0.2935469,5.596328e-05,1,9815,1922667223
0.008282234,0.92464286,0.06702247,5.2507297e-05,1,9815,19393291
0.003743163,0.79348266,0.20263068,0.0001434559,1,9815,1587229737
0.0014320049,0.07987973,0.90165716,0.017031098,2,9823,1898280518
0.0004930959,0.056011934,0.93979,0.00370502,2,9823,2077398691
0.005042598,0.075464055,0.88256943,0.036923923,2,9823,1378385222
0.0015909586,0.15169783,0.841801,0.0049102465,2,9823,1698583261
0.004599524,0.86497957,0.1302054,0.00021553076,1,9865,455089656
0.01077847,0.78726184,0.20151146,0.00044825926,1,9865,666603125
0.07789853,0.7692714,0.1500634,0.0027666828,1,9865,1702992213
0.032164995,0.875094,0.09138905,0.001351985,1,9865,637542663
0.010280957,0.76489514,0.22418438,0.0006395843,1,9865,1659900307
0.005121713,0.62498564,0.3694504,0.00044224368,1,9865,1831206522
0.0368941,0.3453635,0.6067004,0.011041994,1,997,873425464
0.00016661567,0.3078562,0.6918207,0.00015647974,1,997,2129119612
0.039962754,0.8302365,0.12893902,0.0008617525,1,997,1487679918
0.0030327768,0.6597865,0.33670065,0.00048007467,1,997,1775983513
